Crash Id,Calendar Year,FDOT Crash Number,Reporting Agency Case Number,Reporting Agency Type,FDOT Managing District,County Name,Crash Date,Crash Time,Day,DHSMV City,Crash Report City Code,In Town,On Roadway Name,Int Roadway Name,Reference Distance (Miles),Reference Direction,Officer Latitude,Officer Longitude,FDOT Latitude,FDOT Longitude,FDOT Roadway,Nearest Inventory MP,Nearest Node From Crash,State Road #,US Highway,Crash Side of Road,Accident Lane Number,Travel Direction Vehicle 1,FDOT Road Category,DHSMV Road System Id,Relation to Junction,Crash Harmful Event Location,Intersection Type,Shoulder Type,FDOT Roadway SKID Test Result,FDOT Roadway SKID Test Date,Functional Class,RCI Surface Width,RCI Shoulder Type First,RCI Shoulder Width First,RCI Shoulder Type Second,RCI Shoulder Width Second,RCI Shoulder Type Third,RCI Shoulder Width Third,RCI Median Width,Avg Daily Traffic,AADT Source,RCI Avg Per Truck Traffic,RCI Horiz Curve Condition,Posted Speed Limit,Highest Injury in Crash,CAR Status Code,Alcohols/Drug Involved,Site Location,Lighting,Weather,Road Surface,Roadway Grade,Roadway Alignment,Traffic Way Vehicle 1,Traffic Way Vehicle 2,Traffic Control Vehicle 1,Traffic Control Vehicle 2,Count of Lanes,Road Condition 1,Road Condition 2,Road Condition 3,Environment Condition 1,Environment Condition 2,Environment Condition 3,Crash Harmful Event,Manner of Collision,Vehicle Movement,Driver Action Vehicle 1,Driver Action Vehicle 2,Location Within Workzone,Type of Workzone,Workers Present in Workzone,Law Enforcement Present in Workzone,School Bus Related,Count of Nonfatal Injuries,Count of Traffic Fatalities,Count of Serious Injuries,Count of Pedestrians,Count of Drivers,Count of Bicyclists,Count of Vehicles,Count of Persons,Wrong Way,Workzone Inv,Commercial Vehicle Inv,Intersection Inv,Lane Departure,Speeding,Agressive Driving,Impaired Driver,Impaired Pedestrian,Impaired Bicyclist,Distracted Driver,Speeding or Aggressive Driving,Pedestrian Related,Bicyclist Related,Pedestrian or Bicyclist Related,Motorcycle Inv,No Belt,No Belt - Ages 1-4,No Belt - Ages 5-12,No Belt - Ages 13-17,Driver - Ages Teen,Driver - Ages 65 plus,Driver - Ages 65-69,Driver - Ages 70-74,Driver - Ages 75-79,Driver - Ages 80 plus,ARBM Latitude,ARBM Longitude,UTM Zone 17N X,UTM Zone 17N Y,ARBM Side of Road,Urban Rural Indicator,GIS Street Source,Extract Date,OBJECTID,x,y
2021245807630,2021,245807630,2021-496554,COUNTY SHERIFF'S OFFICE,07 SEVENTH,HILLSBOROUGH,"November 26, 2021",1854,SATURDAY,1050 TAMPA,0350,Y,ADAMO DR,MAYDELL DR,0.083,W,27.952305,-82.386684,27.9520446,-82.3866658,10110000,3.024,01438,SR 60,,L LEFT,S SIDE OF ROAD,W WEST,23 SUBURBAN 4-5LN 2WY DIVD RASD,03 STATE,18 THROUGH ROADWAY,02 OFF ROADWAY,01 NOT AT INTERSECTION,01 PAVED,30,"May 19, 2020",14 URBAN PRIN ART OTHER,25,PAVED,5,LAWN,8,,0,40,27937,RCI,8.3,,50,3 NO-INCAPACITATING INJURY,31 Q/C COMPLETED - LOC VERIFIED,0 NO,01 NOT AT INTERSECTION/RRX/BRIDGE,04 DARK-LIGHTED,01 CLEAR,01 DRY,01 LEVEL,1 STRAIGHT,"TWO-WAY, DIVIDED, UNPROTECTED","TWO-WAY, DIVIDED, UNPROTECTED",NO CONTROLS,NO CONTROLS,4,NON-HIGHWAY WORK,NOT CODED,NOT CODED,NONE,NOT CODED,NOT CODED,33 UTILITY POLE/LIGHT SUPPORT,00 NOT CODED,01 STRAIGHT AHEAD,OPERATED MV IN CARLESS OR NEGL,NO CONTRIBUTING ACTION,00 NOT CODED,00 NOT CODED,00 NOT CODED,00 NOT CODED,01 NO,1,0,0,0,2,0,2,3,N,N,N,N,Y,N,N,N,N,N,N,N,N,N,N,N,N,N,N,N,Y,N,N,N,N,N,27.952235913,-82.386565246,363601.822997,3092685.027559,L,,ARBM15Q1R2,"January 7, 2023",2864336,-9171230.867771398,3242953.8168864474
2021245807690,2021,245807690,2021-497095,COUNTY SHERIFF'S OFFICE,07 SEVENTH,HILLSBOROUGH,"November 27, 2021",0348,SUNDAY,1050 TAMPA,0350,Y,19TH ST N,SR 574,0.028,N,27.981963,-82.438896,27.9813882,-82.4387555,10340000,4.068,03127,SR 574,,T SIDE RD LEFT,S SIDE OF ROAD,S SOUTH,20 URBAN 4-5LN 2WY DIVD RASD,09 PARKING LOT,01 NON-JUNCTION,02 OFF ROADWAY,01 NOT AT INTERSECTION,02 UNPAVED,36,"February 15, 2021",14 URBAN PRIN ART OTHER,24,CURB&GUTTER,2,,0,,0,26,22000,RCI,3.6,,40,4 INCAPACITATING INJURY,31 Q/C COMPLETED - LOC VERIFIED,0 NO,03 INFLUENCED BY INTERSECTION,04 DARK-LIGHTED,01 CLEAR,01 DRY,01 LEVEL,1 STRAIGHT,"TWO-WAY, NOT DIVIDED",,NO CONTROLS,NOT CODED,4,NONE,NOT CODED,NOT CODED,NONE,NOT CODED,NOT CODED,33 UTILITY POLE/LIGHT SUPPORT,00 NOT CODED,01 STRAIGHT AHEAD,RAN OFF ROADWAY,NOT CODED,00 NOT CODED,00 NOT CODED,00 NOT CODED,00 NOT CODED,01 NO,1,0,1,0,1,0,1,1,N,N,N,Y,N,N,N,N,N,N,N,N,N,N,N,N,Y,N,N,N,N,N,N,N,N,N,27.981534819,-82.438722768,358508.658015,3095990.493944,L,,ARBM15Q1R2,"January 7, 2023",2864337,-9177037.01831372,3246646.6052717534
2021882166680,2021,882166680,FHPC21OFF073305,FLORIDA HIGHWAY PATROL,07 SEVENTH,HILLSBOROUGH,"July 13, 2021",1507,WEDNESDAY,1050 TAMPA,0350,N,I 75,BRUCE B DOWNS BLVD,0.25,S,28.12299,-82.3743999,28.1201761,-82.3725031,10075062,0.188,05274,SR 93A,I 75,R RIGHT,X RAMP,N NORTH,08 RAMP RURAL,01 INTERSTATE,01 NON-JUNCTION,03 SHOULDER,01 NOT AT INTERSECTION,01 PAVED,0,"December 31, 2000",,24,PAVED,2,LAWN,10,,0,,18500,RCI,8.1,,,2 POSSIBLE INJURY,31 Q/C COMPLETED - LOC VERIFIED,0 NO,08 EXIT RAMP,01 DAYLIGHT,03 RAIN,02 WET,01 LEVEL,1 STRAIGHT,"TWO-WAY, DIVIDED, POSITIVE MED",,NO CONTROLS,NOT CODED,2,"RD SURFC (WET, ICY, SNOW, ETC)",NOT CODED,NOT CODED,WEATHER CONDITIONS,NOT CODED,NOT CODED,33 UTILITY POLE/LIGHT SUPPORT,77 OTHER (SEE NARRATIVE),01 STRAIGHT AHEAD,OPERATED MV IN CARLESS OR NEGL,NOT CODED,00 NOT CODED,00 NOT CODED,00 NOT CODED,00 NOT CODED,01 NO,1,0,0,0,1,0,1,1,N,N,N,N,Y,N,N,N,N,N,N,N,N,N,N,N,N,N,N,N,N,Y,N,Y,N,N,28.12017567,-82.37249642,365195.480824,3111276.049791,O,,ARBM15Q1R2,"January 7, 2023",2864359,-9169664.733423542,3264134.316747551
2021884881710,2021,884881710,FHPC21OFF042691,FLORIDA HIGHWAY PATROL,07 SEVENTH,HILLSBOROUGH,"April 25, 2021",0620,MONDAY,1050 TAMPA,0350,N,FOWLER AVE E,I 75,0,,28.0540733,-82.3566436,28.0541213,-82.3565005,10290000,6.29,04424,SR 582,,R RIGHT,2 THRU LANE 2,W WEST,23 SUBURBAN 4-5LN 2WY DIVD RASD,03 STATE,14 ENTRANCE/EXIT RAMP,01 ON ROADWAY,03 T-INTERSECTION,01 PAVED,37,"February 14, 2021",14 URBAN PRIN ART OTHER,24,PAVED,20,LAWN,12,,0,41,19900,RCI,10.7,,55,4 INCAPACITATING INJURY,31 Q/C COMPLETED - LOC VERIFIED,0 NO,02 AT INTERSECTION,03 DAWN,01 CLEAR,01 DRY,01 LEVEL,1 STRAIGHT,"TWO-WAY, DIVIDED, POSITIVE MED","TWO-WAY, DIVIDED, POSITIVE MED",NO CONTROLS,NO CONTROLS,4,NONE,NOT CODED,NOT CODED,NONE,NOT CODED,NOT CODED,14 MOTOR VEHICLE IN TRANSPORT,03 ANGLE,03 TURNING LEFT,OTHER CONTRIBUTING ACTION,NO CONTRIBUTING ACTION,00 NOT CODED,00 NOT CODED,00 NOT CODED,00 NOT CODED,01 NO,1,0,1,0,2,0,2,2,N,N,N,Y,N,N,N,N,N,N,N,N,N,N,N,N,N,N,N,N,N,N,N,N,N,N,28.054134799,-82.356469728,366688.190576,3103941.447845,R,,ARBM15Q1R2,"January 7, 2023",2864475,-9167880.649402356,3255801.3212610963
2021885148780,2021,885148780,FHPC21OFF054937,FLORIDA HIGHWAY PATROL,07 SEVENTH,HILLSBOROUGH,"May 26, 2021",1558,THURSDAY,1050 TAMPA,0350,Y,SR 618,WILLOW AVE S,1,E,27.9442043,-82.4543218,27.9432665,-82.4561384,10002000,5.157,00677,SR 618,,R RIGHT,S SIDE OF ROAD,W WEST,03 TOLL ROAD URBAN,03 STATE,01 NON-JUNCTION,01 ON ROADWAY,01 NOT AT INTERSECTION,01 PAVED,46,"October 9, 1994",12 URBAN PRIN ART EXPR.,24,PAVED,4,,0,,0,44,54000,RCI,8,,55,1 NO INJURY,31 Q/C COMPLETED - LOC VERIFIED,0 NO,01 NOT AT INTERSECTION/RRX/BRIDGE,01 DAYLIGHT,01 CLEAR,01 DRY,01 LEVEL,1 STRAIGHT,"TWO-WAY, DIVIDED, POSITIVE MED","TWO-WAY, DIVIDED, POSITIVE MED",NO CONTROLS,NO CONTROLS,4,NONE,NOT CODED,NOT CODED,NONE,NOT CODED,NOT CODED,14 MOTOR VEHICLE IN TRANSPORT,"04 SIDESWIPE, SAME DIRECTION",06 CHANGING LANES,FAILED TO YIELD RIGHT-OF-WAY,NO CONTRIBUTING ACTION,00 NOT CODED,00 NOT CODED,00 NOT CODED,00 NOT CODED,01 NO,0,0,0,0,2,0,2,2,N,N,N,N,Y,N,N,N,N,N,N,N,N,N,N,N,N,N,N,N,N,N,N,N,N,N,27.943358097,-82.455917494,356767.028775,3091780.763862,R,,ARBM15Q1R2,"January 7, 2023",2864483,-9178951.12689833,3241835.068303043
2021885148880,2021,885148880,FHPC21OFF056841,FLORIDA HIGHWAY PATROL,07 SEVENTH,HILLSBOROUGH,"May 31, 2021",1449,TUESDAY,1050 TAMPA,0350,N,I 75,SR 574,1.5,S,27.9511264,-82.327832,27.960195,-82.3265578,10075000,24.163,04460,SR 93A,I 75,M MEDIAN,M MIDDLE,N NORTH,01 INTERSTATE URBAN,01 INTERSTATE,01 NON-JUNCTION,02 OFF ROADWAY,01 NOT AT INTERSECTION,01 PAVED,22,"February 11, 2018",11 URBAN PRIN ART INT.,36,PAVED WARN,10,LAWN,12,,0,88,143500,RCI,6.4,,70,1 NO INJURY,31 Q/C COMPLETED - LOC VERIFIED,0 NO,01 NOT AT INTERSECTION/RRX/BRIDGE,01 DAYLIGHT,01 CLEAR,01 DRY,01 LEVEL,1 STRAIGHT,"TWO-WAY, DIVIDED, POSITIVE MED",,NO CONTROLS,NOT CODED,6,NONE,NOT CODED,NOT CODED,NONE,NOT CODED,NOT CODED,27 GUARDRAIL FACE,77 OTHER (SEE NARRATIVE),16 LEAVING TRAFFIC LANE,RAN OFF ROADWAY,NOT CODED,00 NOT CODED,00 NOT CODED,00 NOT CODED,00 NOT CODED,01 NO,0,0,0,0,1,0,1,1,N,N,N,N,Y,N,N,N,N,N,N,N,N,N,N,N,N,N,N,N,N,N,N,N,N,N,27.959871926,-82.326604155,369510.064407,3093465.549205,R,,ARBM15Q1R2,"January 7, 2023",2864484,-9164556.027729828,3243916.151658221
2021884931370,2021,884931370,FHPC21OFF054347,FLORIDA HIGHWAY PATROL,07 SEVENTH,HILLSBOROUGH,"May 25, 2021",0256,WEDNESDAY,1050 TAMPA,0350,Y,I 275,I 4,0.004,S,27.9661993,-82.4533654,27.9657955,-82.4529511,10320000,0.364,01962,SR 93,I 275,L LEFT,S SIDE OF ROAD,S SOUTH,01 INTERSTATE URBAN,01 INTERSTATE,01 NON-JUNCTION,03 SHOULDER,01 NOT AT INTERSECTION,01 PAVED,26,"February 14, 2021",11 URBAN PRIN ART INT.,24,PAVED,22,VALLEY GUTR,4,,0,20,87500,RCI,4.1,,50,5 FATAL(WITHIN 30 DAYS) INJURY,31 Q/C COMPLETED - LOC VERIFIED,0 NO,01 NOT AT INTERSECTION/RRX/BRIDGE,04 DARK-LIGHTED,01 CLEAR,01 DRY,04 DOWNHILL,1 STRAIGHT,"TWO-WAY, DIVIDED, POSITIVE MED",,NO CONTROLS,NOT CODED,5,NONE,NOT CODED,NOT CODED,NONE,NOT CODED,NOT CODED,01 OVERTURN/ROLLOVER,77 OTHER (SEE NARRATIVE),01 STRAIGHT AHEAD,OPERATED MV IN CARLESS OR NEGL,NOT CODED,00 NOT CODED,00 NOT CODED,00 NOT CODED,00 NOT CODED,01 NO,1,1,1,0,1,0,1,2,N,N,N,N,Y,N,N,N,N,N,N,N,N,N,N,N,Y,N,N,N,N,N,N,N,N,N,27.9658385,-82.453153824,357068.570005,3094268.233618,L,,ARBM15Q1R2,"January 7, 2023",2864512,-9178643.476579616,3244668.1409228784
2021884931380,2021,884931380,FHPC21OFF055375,FLORIDA HIGHWAY PATROL,07 SEVENTH,HILLSBOROUGH,"May 27, 2021",1802,FRIDAY,1050 TAMPA,0350,N,SR 574,I 4,0,,27.9815234,-82.3828118,27.9814699,-82.3826761,10340000,7.491,00660,SR 574,,L LEFT,2 THRU LANE 2,E EAST,21 URBAN 4-5LN 2WY DIVD PAVD,03 STATE,01 NON-JUNCTION,01 ON ROADWAY,02 FOUR-WAY INTERSECTION,01 PAVED,38,"February 15, 2021",14 URBAN PRIN ART OTHER,25,CURB&GUTTER,2,,0,,0,17,40500,RCI,6.4,,45,4 INCAPACITATING INJURY,31 Q/C COMPLETED - LOC VERIFIED,0 NO,02 AT INTERSECTION,01 DAYLIGHT,01 CLEAR,01 DRY,01 LEVEL,1 STRAIGHT,"TWO-WAY, DIVIDED, POSITIVE MED","TWO-WAY, DIVIDED, POSITIVE MED",TRAFFIC CONTROL SIGNAL,TRAFFIC CONTROL SIGNAL,4,NONE,NOT CODED,NOT CODED,NONE,NOT CODED,NOT CODED,14 MOTOR VEHICLE IN TRANSPORT,03 ANGLE,03 TURNING LEFT,FAILED TO YIELD RIGHT-OF-WAY,NO CONTRIBUTING ACTION,00 NOT CODED,00 NOT CODED,00 NOT CODED,00 NOT CODED,01 NO,2,0,2,0,2,0,2,3,N,N,N,Y,N,N,N,N,N,N,N,N,N,N,N,N,Y,N,N,N,N,N,N,N,N,N,27.981514817,-82.382632647,364025.437656,3095924.535582,C,,ARBM15Q1R2,"January 7, 2023",2864513,-9170793.092780242,3246644.0841688314
2021245789420,2021,245789420,2021-447254,COUNTY SHERIFF'S OFFICE,07 SEVENTH,HILLSBOROUGH,"October 20, 2021",1826,THURSDAY,1050 TAMPA,0350,Y,50TH ST N,I 4,0.028,S,27.965448,-82.404586,27.9669256,-82.4016345,10060001,0.011,02482,SR 599,US 41,R RIGHT,S SIDE OF ROAD,0,30 URBAN 6+LN 2WY DIVD RASD,77 ALL OTHER,18 THROUGH ROADWAY,01 ON ROADWAY,01 NOT AT INTERSECTION,03 CURB,35,"August 4, 2020",14 URBAN PRIN ART OTHER,36,CURB&GUTTER,2,CURB&GUTTER,2,,0,27,29000,RCI,13.4,00'0,40,1 NO INJURY,31 Q/C COMPLETED - LOC VERIFIED,0 NO,01 NOT AT INTERSECTION/RRX/BRIDGE,01 DAYLIGHT,01 CLEAR,01 DRY,01 LEVEL,1 STRAIGHT,"TWO-WAY, NOT DIVIDED","TWO-WAY, NOT DIVIDED",NOT CODED,OTHER (SEE NARRATIVE),6,NONE,NOT CODED,NOT CODED,NONE,NOT CODED,NOT CODED,14 MOTOR VEHICLE IN TRANSPORT,01 FRONT TO REAR,88 UNKNOWN,FOLLOWED TOO CLOSELY,OTHER CONTRIBUTING ACTION,00 NOT CODED,00 NOT CODED,00 NOT CODED,00 NOT CODED,01 NO,0,0,0,0,2,0,2,2,N,N,N,N,N,N,N,N,N,N,N,N,N,N,N,N,N,N,N,N,N,N,N,N,N,N,27.966915591,-82.401706614,362130.839431,3094328.429131,C,,ARBM15Q1R2,"January 7, 2023",2864868,-9172916.397712447,3244803.8952259677
2021245792990,2021,245792990,2021-456203,COUNTY SHERIFF'S OFFICE,07 SEVENTH,HILLSBOROUGH,"October 27, 2021",0640,THURSDAY,1050 TAMPA,0350,Y,BUSCH BLVD E,50TH ST N,0,,28.032534,-82.401693,28.0325698,-82.4017403,10310000,6.358,00898,SR 580,,R RIGHT,1 THRU LANE 1,S SOUTH,30 URBAN 6+LN 2WY DIVD RASD,05 LOCAL,02 INTERSECTION,01 ON ROADWAY,01 NOT AT INTERSECTION,03 CURB,35,"October 2, 2019",14 URBAN PRIN ART OTHER,36,CURB&GUTTER,2,,0,,0,16,39500,RCI,3.4,,45,2 POSSIBLE INJURY,31 Q/C COMPLETED - LOC VERIFIED,0 NO,02 AT INTERSECTION,01 DAYLIGHT,01 CLEAR,01 DRY,01 LEVEL,1 STRAIGHT,"TWO-WAY, NOT DIVIDED","TWO-WAY, NOT DIVIDED",TRAFFIC CONTROL SIGNAL,TRAFFIC CONTROL SIGNAL,6,NONE,NOT CODED,NOT CODED,NONE,NOT CODED,NOT CODED,14 MOTOR VEHICLE IN TRANSPORT,03 ANGLE,01 STRAIGHT AHEAD,NO CONTRIBUTING ACTION,NO CONTRIBUTING ACTION,00 NOT CODED,00 NOT CODED,00 NOT CODED,00 NOT CODED,01 NO,1,0,0,0,2,0,2,4,N,N,N,Y,N,N,N,N,N,N,N,N,N,N,N,N,N,N,N,N,N,N,N,N,N,N,28.032634805,-82.401731674,362212.020046,3101609.738484,C,,ARBM15Q1R2,"January 7, 2023",2864878,-9172919.18763105,3253089.570494576
2021245776430,2021,245776430,2021-406585,COUNTY SHERIFF'S OFFICE,08 TURNPIKE,HILLSBOROUGH,"September 23, 2021",0148,FRIDAY,1050 TAMPA,0350,Y,SR 589,MILE MARKER #3,0.016,N,27.964669,-82.546355,27.9877206,-82.5458686,10470000,1.472,05024,SR 589,,R RIGHT,S SIDE OF ROAD,N NORTH,03 TOLL ROAD URBAN,05 LOCAL,01 NON-JUNCTION,01 ON ROADWAY,01 NOT AT INTERSECTION,01 PAVED,36,"May 10, 2020",12 URBAN PRIN ART EXPR.,36,PAVED WARN,12,,0,,0,30,76500,RCI,9.2,,60,4 INCAPACITATING INJURY,31 Q/C COMPLETED - LOC VERIFIED,0 NO,01 NOT AT INTERSECTION/RRX/BRIDGE,04 DARK-LIGHTED,01 CLEAR,01 DRY,01 LEVEL,1 STRAIGHT,ONE-WAY TRAFFICWAY,,NO CONTROLS,NOT CODED,8,"RUT, HOLES, BUMPS",NOT CODED,NOT CODED,NONE,NOT CODED,NOT CODED,01 OVERTURN/ROLLOVER,00 NOT CODED,01 STRAIGHT AHEAD,FAILED TO KEEP IN PROPER LANE,NOT CODED,00 NOT CODED,00 NOT CODED,00 NOT CODED,00 NOT CODED,01 NO,1,0,1,0,1,0,1,1,N,N,N,N,Y,N,N,N,N,N,N,N,N,N,N,Y,N,N,N,N,N,N,N,N,N,N,27.997492465,-82.545755731,348003.491518,3097887.237435,R,,ARBM15Q1R2,"January 7, 2023",2865410,-9188951.8768394,3248658.3038073773
2021245757230,2021,245757230,2021-348510,COUNTY SHERIFF'S OFFICE,07 SEVENTH,HILLSBOROUGH,"August 15, 2021",1614,MONDAY,1050 TAMPA,0350,Y,MEMORIAL HWY,NB GEORGE J BEAN PKWY,0,,27.959278,-82.539408,27.9551092,-82.5361511,10270112,0,06529,SR 60,,R RIGHT,X RAMP,N NORTH,08 RAMP RURAL,01 INTERSTATE,01 NON-JUNCTION,01 ON ROADWAY,01 NOT AT INTERSECTION,01 PAVED,0,"December 31, 2000",,36,PAVED,6,LAWN,12,,0,,23500,RCI,8.1,,,1 NO INJURY,31 Q/C COMPLETED - LOC VERIFIED,0 NO,07 ENTRANCE RAMP,01 DAYLIGHT,03 RAIN,02 WET,01 LEVEL,3 CURVE LEFT,ONE-WAY TRAFFICWAY,,NO CONTROLS,NOT CODED,3,"RD SURFC (WET, ICY, SNOW, ETC)",NOT CODED,NOT CODED,WEATHER CONDITIONS,NONE,NOT CODED,27 GUARDRAIL FACE,00 NOT CODED,15 NEGOTIATING A CURVE,NO CONTRIBUTING ACTION,NOT CODED,00 NOT CODED,00 NOT CODED,00 NOT CODED,00 NOT CODED,01 NO,0,0,0,0,1,0,1,2,N,N,N,N,Y,N,N,N,N,N,N,N,N,N,N,N,N,N,N,N,N,N,N,N,N,N,27.955264827,-82.536216575,348882.7565,3093196.6863,O,,ARBM15Q1R2,"January 7, 2023",2865411,-9187889.98235194,3243335.5295452224
2021245800680,2021,245800680,2021-477291,COUNTY SHERIFF'S OFFICE,07 SEVENTH,HILLSBOROUGH,"November 11, 2021",1630,FRIDAY,1050 TAMPA,0350,Y,BUSCH BLVD W,OAKLEAF AVE N,0.059,E,28.033362,-82.478119,28.0334299,-82.4783124,10310000,1.676,00052,SR 580,,R RIGHT,2 THRU LANE 2,E EAST,20 URBAN 4-5LN 2WY DIVD RASD,03 STATE,01 NON-JUNCTION,01 ON ROADWAY,01 NOT AT INTERSECTION,03 CURB,50,"November 19, 2019",14 URBAN PRIN ART OTHER,22,CURB&GUTTER,2,,0,,0,11,43000,RCI,5.1,,40,2 POSSIBLE INJURY,31 Q/C COMPLETED - LOC VERIFIED,0 NO,01 NOT AT INTERSECTION/RRX/BRIDGE,01 DAYLIGHT,01 CLEAR,01 DRY,01 LEVEL,1 STRAIGHT,"TWO-WAY, NOT DIV, W/CONT LTURN","TWO-WAY, NOT DIV, W/CONT LTURN",NO CONTROLS,NO CONTROLS,4,NONE,NOT CODED,NOT CODED,NONE,NOT CODED,NOT CODED,14 MOTOR VEHICLE IN TRANSPORT,"04 SIDESWIPE, SAME DIRECTION",06 CHANGING LANES,FAILED TO KEEP IN PROPER LANE,NO CONTRIBUTING ACTION,00 NOT CODED,00 NOT CODED,00 NOT CODED,00 NOT CODED,01 NO,1,0,0,0,2,0,2,2,N,N,N,N,Y,N,N,N,N,N,N,N,N,N,N,N,N,N,N,N,N,N,N,N,N,N,28.033442335,-82.478305637,354685.092303,3101788.148936,C,,ARBM15Q1R2,"January 7, 2023",2865414,-9181443.364661863,3253191.412452891
2021245800920,2021,245800920,2021-477935,COUNTY SHERIFF'S OFFICE,07 SEVENTH,HILLSBOROUGH,"November 12, 2021",0416,SATURDAY,1050 TAMPA,0350,Y,COLUMBUS DR,DALE MABRY HWY N,0.004,E,27.966866,-82.505355,27.9667639,-82.5054369,10130000,10.033,01428,SR 600,US 92,S SIDE RD RIGHT,1 THRU LANE 1,E EAST,33 SUBURBAN 6+LN 2WY DIVD RASD,05 LOCAL,02 INTERSECTION,01 ON ROADWAY,02 FOUR-WAY INTERSECTION,03 CURB,36,"February 15, 2021",14 URBAN PRIN ART OTHER,33,PAVED,7,LAWN,12,,0,26,54000,RCI,4.9,,45,1 NO INJURY,31 Q/C COMPLETED - LOC VERIFIED,1 ALC,03 INFLUENCED BY INTERSECTION,04 DARK-LIGHTED,01 CLEAR,01 DRY,01 LEVEL,1 STRAIGHT,"TWO-WAY, DIVIDED, POSITIVE MED","TWO-WAY, DIVIDED, POSITIVE MED",TRAFFIC CONTROL SIGNAL,TRAFFIC CONTROL SIGNAL,6,NONE,NOT CODED,NOT CODED,NONE,NOT CODED,NOT CODED,14 MOTOR VEHICLE IN TRANSPORT,"05 SIDESWIPE, OPPOSITE DIRECTION",77 OTHER (SEE NARRATIVE),WRONG SIDE OF WRONG WAY,NO CONTRIBUTING ACTION,00 NOT CODED,00 NOT CODED,00 NOT CODED,00 NOT CODED,01 NO,0,0,0,0,2,0,2,2,Y,N,N,Y,N,N,N,Y,N,N,N,N,N,N,N,N,N,N,N,N,N,N,N,N,N,N,27.966764396,-82.505486584,351921.755369,3094433.164739,C,,ARBM15Q1R2,"January 7, 2023",2865415,-9184469.134440474,3244784.8385873884
2021245782490,2021,245782490,2021-425743,COUNTY SHERIFF'S OFFICE,07 SEVENTH,HILLSBOROUGH,"October 6, 2021",0242,THURSDAY,1050 TAMPA,0350,Y,BROOKS ST L,BUSCH BLVD E,0.045,N,28.033432,-82.445689,28.0327184,-82.4457009,10310000,3.672,00862,SR 580,,T SIDE RD LEFT,S SIDE OF ROAD,O OFF-ROAD,30 URBAN 6+LN 2WY DIVD RASD,05 LOCAL,01 NON-JUNCTION,02 OFF ROADWAY,01 NOT AT INTERSECTION,03 CURB,35,"October 2, 2019",14 URBAN PRIN ART OTHER,36,CURB&GUTTER,2,,0,,0,16,45000,RCI,3.6,,40,1 NO INJURY,31 Q/C COMPLETED - LOC VERIFIED,0 NO,01 NOT AT INTERSECTION/RRX/BRIDGE,04 DARK-LIGHTED,01 CLEAR,01 DRY,01 LEVEL,1 STRAIGHT,"TWO-WAY, NOT DIVIDED",,NO CONTROLS,NOT CODED,6,NONE,NOT CODED,NOT CODED,NONE,NOT CODED,NOT CODED,37 FENCE,00 NOT CODED,88 UNKNOWN,NOT CODED,NOT CODED,00 NOT CODED,00 NOT CODED,00 NOT CODED,00 NOT CODED,01 NO,0,0,0,0,1,0,1,2,N,N,N,N,N,N,N,N,N,N,N,N,N,N,N,N,N,N,N,N,N,N,N,N,N,N,28.03277576,-82.445680487,357891.599647,3101675.822563,C,,ARBM15Q1R2,"January 7, 2023",2865416,-9177811.548501477,3253107.3469245434
2021245756560,2021,245756560,2021-346253,COUNTY SHERIFF'S OFFICE,07 SEVENTH,HILLSBOROUGH,"August 13, 2021",2303,SATURDAY,1050 TAMPA,0350,Y,BUSCH BLVD E,29TH ST N,0.005,E,28.032737,-82.427493,28.0324898,-82.4274402,10310000,4.788,00877,SR 580,,R RIGHT,S SIDE OF ROAD,0,30 URBAN 6+LN 2WY DIVD RASD,09 PARKING LOT,01 NON-JUNCTION,02 OFF ROADWAY,01 NOT AT INTERSECTION,03 CURB,35,"October 2, 2019",14 URBAN PRIN ART OTHER,33,CURB&GUTTER,2,,0,,0,25,47500,RCI,3,,45,0 UNKNOWN/NOT CODED,31 Q/C COMPLETED - LOC VERIFIED,0 NO,03 INFLUENCED BY INTERSECTION,04 DARK-LIGHTED,01 CLEAR,02 WET,01 LEVEL,1 STRAIGHT,"TWO-WAY, DIVIDED, POSITIVE MED",,STOP SIGN,NOT CODED,6,NONE,NOT CODED,NOT CODED,NONE,NOT CODED,NOT CODED,34 TRAFFIC SIGN SUPPORT,00 NOT CODED,88 UNKNOWN,NOT CODED,NOT CODED,00 NOT CODED,00 NOT CODED,00 NOT CODED,00 NOT CODED,01 NO,0,0,0,0,1,0,1,1,N,N,N,Y,N,N,N,N,N,N,N,N,N,N,N,N,N,N,N,N,N,N,N,N,N,N,28.032574433,-82.427424254,359686.111048,3101632.363361,C,,ARBM15Q1R2,"January 7, 2023",2865420,-9175779.273389924,3253081.9565988868