Crash Id,Calendar Year,FDOT Crash Number,Reporting Agency Case Number,Reporting Agency Type,FDOT Managing District,County Name,Crash Date,Crash Time,Day,DHSMV City,Crash Report City Code,In Town,On Roadway Name,Int Roadway Name,Reference Distance (Miles),Reference Direction,Officer Latitude,Officer Longitude,FDOT Latitude,FDOT Longitude,FDOT Roadway,Nearest Inventory MP,Nearest Node From Crash,State Road #,US Highway,Crash Side of Road,Accident Lane Number,Travel Direction Vehicle 1,FDOT Road Category,DHSMV Road System Id,Relation to Junction,Crash Harmful Event Location,Intersection Type,Shoulder Type,FDOT Roadway SKID Test Result,FDOT Roadway SKID Test Date,Functional Class,RCI Surface Width,RCI Shoulder Type First,RCI Shoulder Width First,RCI Shoulder Type Second,RCI Shoulder Width Second,RCI Shoulder Type Third,RCI Shoulder Width Third,RCI Median Width,Avg Daily Traffic,AADT Source,RCI Avg Per Truck Traffic,RCI Horiz Curve Condition,Posted Speed Limit,Highest Injury in Crash,CAR Status Code,Alcohols/Drug Involved,Site Location,Lighting,Weather,Road Surface,Roadway Grade,Roadway Alignment,Traffic Way Vehicle 1,Traffic Way Vehicle 2,Traffic Control Vehicle 1,Traffic Control Vehicle 2,Count of Lanes,Road Condition 1,Road Condition 2,Road Condition 3,Environment Condition 1,Environment Condition 2,Environment Condition 3,Crash Harmful Event,Manner of Collision,Vehicle Movement,Driver Action Vehicle 1,Driver Action Vehicle 2,Location Within Workzone,Type of Workzone,Workers Present in Workzone,Law Enforcement Present in Workzone,School Bus Related,Count of Nonfatal Injuries,Count of Traffic Fatalities,Count of Serious Injuries,Count of Pedestrians,Count of Drivers,Count of Bicyclists,Count of Vehicles,Count of Persons,Wrong Way,Workzone Inv,Commercial Vehicle Inv,Intersection Inv,Lane Departure,Speeding,Agressive Driving,Impaired Driver,Impaired Pedestrian,Impaired Bicyclist,Distracted Driver,Speeding or Aggressive Driving,Pedestrian Related,Bicyclist Related,Pedestrian or Bicyclist Related,Motorcycle Inv,No Belt,No Belt - Ages 1-4,No Belt - Ages 5-12,No Belt - Ages 13-17,Driver - Ages Teen,Driver - Ages 65 plus,Driver - Ages 65-69,Driver - Ages 70-74,Driver - Ages 75-79,Driver - Ages 80 plus,ARBM Latitude,ARBM Longitude,UTM Zone 17N X,UTM Zone 17N Y,ARBM Side of Road,Urban Rural Indicator,GIS Street Source,Extract Date,OBJECTID,x,y
2021885000590,2021,885000590,FHPC21OFF049785,FLORIDA HIGHWAY PATROL,07 SEVENTH,HILLSBOROUGH,"May 12, 2021",2219,THURSDAY,1050 TAMPA,0350,N,I 75,SR 574,0.2,N,27.9884944,-82.3265754,27.9851336,-82.3261617,10075000,25.881,05892,SR 93A,I 75,L LEFT,1 THRU LANE 1,S SOUTH,01 INTERSTATE URBAN,01 INTERSTATE,01 NON-JUNCTION,01 ON ROADWAY,01 NOT AT INTERSECTION,01 PAVED,23,"March 17, 2020",11 URBAN PRIN ART INT.,36,PAVED WARN,8,VALLEY GUTR,4,,0,88,163500,RCI,11.2,,70,2 POSSIBLE INJURY,31 Q/C COMPLETED - LOC VERIFIED,0 NO,01 NOT AT INTERSECTION/RRX/BRIDGE,04 DARK-LIGHTED,01 CLEAR,01 DRY,01 LEVEL,1 STRAIGHT,"TWO-WAY, DIVIDED, POSITIVE MED","TWO-WAY, DIVIDED, POSITIVE MED",NO CONTROLS,NO CONTROLS,6,NONE,NOT CODED,NOT CODED,NONE,NOT CODED,NOT CODED,14 MOTOR VEHICLE IN TRANSPORT,01 FRONT TO REAR,01 STRAIGHT AHEAD,OPERATED MV IN CARLESS OR NEGL,NO CONTRIBUTING ACTION,00 NOT CODED,00 NOT CODED,00 NOT CODED,00 NOT CODED,01 NO,1,0,0,0,2,0,2,2,N,N,N,N,Y,N,N,N,N,N,Y,N,N,N,N,N,N,N,N,N,N,N,N,N,N,N,27.984750324,-82.326551772,369545.155511,3096221.806371,L,,ARBM15Q1R2,"January 7, 2023",2910897,-9164550.196605103,3247051.944003177
2021245742900,2021,245742900,2021-304124,FLORIDA HIGHWAY PATROL,07 SEVENTH,HILLSBOROUGH,"July 15, 2021",1040,FRIDAY,1050 TAMPA,0350,Y,HILLSBOROUGH AVE,HABANA AVE,0,,27.996228,-82.488547,27.9961184,-82.4885495,10150000,10.561,01715,SR 600,US 92,L LEFT,3 THRU LANE 3,W WEST,30 URBAN 6+LN 2WY DIVD RASD,05 LOCAL,02 INTERSECTION,01 ON ROADWAY,02 FOUR-WAY INTERSECTION,03 CURB,40,"February 15, 2021",14 URBAN PRIN ART OTHER,36,PAVED,4,CURB&GUTTER,2,,0,31,60500,RCI,4.6,,45,4 INCAPACITATING INJURY,31 Q/C COMPLETED - LOC VERIFIED,0 NO,02 AT INTERSECTION,01 DAYLIGHT,01 CLEAR,01 DRY,01 LEVEL,1 STRAIGHT,"TWO-WAY, DIVIDED, POSITIVE MED","TWO-WAY, NOT DIVIDED",TRAFFIC CONTROL SIGNAL,TRAFFIC CONTROL SIGNAL,6,NONE,NOT CODED,NOT CODED,NONE,NOT CODED,NOT CODED,14 MOTOR VEHICLE IN TRANSPORT,03 ANGLE,01 STRAIGHT AHEAD,RAN RED LIGHT,NO CONTRIBUTING ACTION,00 NOT CODED,00 NOT CODED,00 NOT CODED,00 NOT CODED,01 NO,2,0,1,0,2,0,3,2,N,N,Y,Y,N,N,N,N,N,N,N,N,N,N,N,N,N,N,N,N,N,Y,N,N,N,Y,27.996284651,-82.488533697,353629.315481,3097683.449373,L,,ARBM15Q1R2,"January 7, 2023",2911259,-9182581.947241439,3248506.0307033956
2021245742980,2021,245742980,2021-304189,COUNTY SHERIFF'S OFFICE,07 SEVENTH,HILLSBOROUGH,"July 15, 2021",1151,FRIDAY,1050 TAMPA,0350,Y,HILLSBOROUGH AVE W,TAMPANIA AVE N,0,,27.996293,-82.487202,27.9961157,-82.4870939,10150000,10.65,01716,SR 600,US 92,L LEFT,2 THRU LANE 2,S SOUTH,30 URBAN 6+LN 2WY DIVD RASD,05 LOCAL,02 INTERSECTION,01 ON ROADWAY,03 T-INTERSECTION,03 CURB,40,"February 15, 2021",14 URBAN PRIN ART OTHER,36,PAVED,4,CURB&GUTTER,2,,0,31,60500,RCI,4.6,,45,1 NO INJURY,31 Q/C COMPLETED - LOC VERIFIED,0 NO,02 AT INTERSECTION,01 DAYLIGHT,01 CLEAR,01 DRY,01 LEVEL,1 STRAIGHT,"TWO-WAY, DIVIDED, POSITIVE MED","TWO-WAY, DIVIDED, POSITIVE MED",OTHER (SEE NARRATIVE),OTHER (SEE NARRATIVE),6,NONE,NOT CODED,NOT CODED,NONE,NOT CODED,NOT CODED,14 MOTOR VEHICLE IN TRANSPORT,77 OTHER (SEE NARRATIVE),10 MAKING U-TURN,OTHER CONTRIBUTING ACTION,NOT CODED,00 NOT CODED,00 NOT CODED,00 NOT CODED,00 NOT CODED,01 NO,0,0,0,0,1,0,2,2,N,N,N,Y,N,N,N,N,N,N,N,N,N,N,N,N,N,N,N,N,N,N,N,N,N,N,27.996274817,-82.487078511,353772.411827,3097680.61499,L,,ARBM15Q1R2,"January 7, 2023",2911260,-9182419.95670531,3248504.7908812147
2021245818980,2021,245818980,2021-530551,COUNTY SHERIFF'S OFFICE,07 SEVENTH,HILLSBOROUGH,"December 21, 2021",1106,WEDNESDAY,1050 TAMPA,0350,Y,NEBRASKA AVE N,LINEBAUGH AVE E,0,,28.039994,-82.45132,28.0400097,-82.4511605,10040000,6.191,01038,SR 45,US 41,L LEFT,1 THRU LANE 1,S SOUTH,20 URBAN 4-5LN 2WY DIVD RASD,05 LOCAL,02 INTERSECTION,01 ON ROADWAY,02 FOUR-WAY INTERSECTION,03 CURB,35,"October 2, 2019",14 URBAN PRIN ART OTHER,24,CURB&GUTTER,2,,0,,0,20,22000,RCI,4.9,,45,4 INCAPACITATING INJURY,31 Q/C COMPLETED - LOC VERIFIED,0 NO,02 AT INTERSECTION,01 DAYLIGHT,02 CLOUDY,01 DRY,01 LEVEL,1 STRAIGHT,"TWO-WAY, DIVIDED, POSITIVE MED","TWO-WAY, NOT DIVIDED",TRAFFIC CONTROL SIGNAL,TRAFFIC CONTROL SIGNAL,4,NONE,NOT CODED,NOT CODED,NONE,NOT CODED,NOT CODED,14 MOTOR VEHICLE IN TRANSPORT,03 ANGLE,01 STRAIGHT AHEAD,RAN RED LIGHT,NO CONTRIBUTING ACTION,00 NOT CODED,00 NOT CODED,00 NOT CODED,00 NOT CODED,01 NO,1,0,1,0,2,0,2,2,N,N,N,Y,N,N,N,N,N,N,N,N,N,N,N,Y,N,N,N,N,N,Y,N,N,Y,N,28.040042297,-82.451206597,357357.912333,3102487.3796,C,,ARBM15Q1R2,"January 7, 2023",2911263,-9178426.712481761,3254023.8010434783
2021245819000,2021,245819000,2021-530447,COUNTY SHERIFF'S OFFICE,07 SEVENTH,HILLSBOROUGH,"December 21, 2021",0924,WEDNESDAY,1050 TAMPA,0350,Y,BOY SCOUT BLVD W,MANHATTAN AVE N,0,,27.961094,-82.51812,27.9609114,-82.5179893,10140000,8.443,08510,SR 616,,L LEFT,3 THRU LANE 3,W WEST,33 SUBURBAN 6+LN 2WY DIVD RASD,05 LOCAL,02 INTERSECTION,01 ON ROADWAY,02 FOUR-WAY INTERSECTION,03 CURB,45,"February 17, 2020",16 URBAN MINOR ART,36,PAVED,5,LAWN,12,,0,40,38500,RCI,2.6,3D00,50,4 INCAPACITATING INJURY,31 Q/C COMPLETED - LOC VERIFIED,0 NO,02 AT INTERSECTION,01 DAYLIGHT,02 CLOUDY,01 DRY,01 LEVEL,1 STRAIGHT,"TWO-WAY, DIVIDED, POSITIVE MED","TWO-WAY, NOT DIVIDED",NO CONTROLS,NO CONTROLS,6,NONE,NOT CODED,NOT CODED,NONE,NOT CODED,NOT CODED,14 MOTOR VEHICLE IN TRANSPORT,03 ANGLE,01 STRAIGHT AHEAD,NO CONTRIBUTING ACTION,FAILED TO YIELD RIGHT-OF-WAY,00 NOT CODED,00 NOT CODED,00 NOT CODED,00 NOT CODED,01 NO,3,0,2,0,2,0,2,3,N,N,N,Y,N,N,N,N,N,N,N,N,N,N,N,N,N,N,N,N,N,Y,N,Y,N,N,27.961116269,-82.518032179,350679.843662,3093822.646355,L,,ARBM15Q1R2,"January 7, 2023",2911264,-9185865.704065444,3244072.9768855125
2021245804580,2021,245804580,2021-487555,COUNTY SHERIFF'S OFFICE,07 SEVENTH,HILLSBOROUGH,"November 19, 2021",1843,SATURDAY,1050 TAMPA,0350,Y,HILLSBOROUGH AVE E,I 275,0,,27.996048,-82.454136,27.9960909,-82.4541381,10150000,12.666,01742,SR 600,US 92,R RIGHT,3 THRU LANE 3,S SOUTH,30 URBAN 6+LN 2WY DIVD RASD,03 STATE,02 INTERSECTION,01 ON ROADWAY,02 FOUR-WAY INTERSECTION,03 CURB,36,"February 15, 2021",14 URBAN PRIN ART OTHER,36,CURB&GUTTER,2,,0,,0,18,51500,RCI,5.3,,40,1 NO INJURY,31 Q/C COMPLETED - LOC VERIFIED,0 NO,02 AT INTERSECTION,04 DARK-LIGHTED,01 CLEAR,01 DRY,01 LEVEL,1 STRAIGHT,"TWO-WAY, DIVIDED, POSITIVE MED","TWO-WAY, DIVIDED, POSITIVE MED",TRAFFIC CONTROL SIGNAL,TRAFFIC CONTROL SIGNAL,4,NONE,NOT CODED,NOT CODED,NONE,NOT CODED,NOT CODED,14 MOTOR VEHICLE IN TRANSPORT,03 ANGLE,03 TURNING LEFT,FAILED TO YIELD RIGHT-OF-WAY,NO CONTRIBUTING ACTION,00 NOT CODED,00 NOT CODED,00 NOT CODED,00 NOT CODED,01 NO,0,0,0,0,2,0,2,4,N,N,Y,Y,N,N,N,N,N,N,N,N,N,N,N,N,Y,N,N,N,N,N,N,N,N,N,27.996074816,-82.454120205,357013.404497,3097619.395387,R,,ARBM15Q1R2,"January 7, 2023",2911268,-9178751.053709261,3248479.576387709
2021885021880,2021,885021880,FHPC21OFF062969,FLORIDA HIGHWAY PATROL,07 SEVENTH,HILLSBOROUGH,"June 15, 2021",2045,WEDNESDAY,1050 TAMPA,0350,N,I 275,BEARSS AVE,0.5,S,28.0831201,-82.4547291,28.0806207,-82.4546734,10320000,8.297,02802,SR 93,I 275,R RIGHT,S SIDE OF ROAD,N NORTH,01 INTERSTATE URBAN,01 INTERSTATE,01 NON-JUNCTION,02 OFF ROADWAY,01 NOT AT INTERSECTION,01 PAVED,26,"February 14, 2021",11 URBAN PRIN ART INT.,36,PAVED,12,,0,,0,20,98500,RCI,6.2,,65,1 NO INJURY,31 Q/C COMPLETED - LOC VERIFIED,0 NO,01 NOT AT INTERSECTION/RRX/BRIDGE,04 DARK-LIGHTED,03 RAIN,02 WET,01 LEVEL,1 STRAIGHT,"TWO-WAY, DIVIDED, POSITIVE MED",,NO CONTROLS,NOT CODED,6,"RD SURFC (WET, ICY, SNOW, ETC)",NOT CODED,NOT CODED,WEATHER CONDITIONS,NOT CODED,NOT CODED,27 GUARDRAIL FACE,77 OTHER (SEE NARRATIVE),01 STRAIGHT AHEAD,SWERVED OR AVOIDED:  DUE TO WI,NOT CODED,00 NOT CODED,00 NOT CODED,00 NOT CODED,00 NOT CODED,01 NO,0,0,0,0,1,0,1,1,N,N,N,N,Y,N,N,N,N,N,N,N,N,N,N,N,N,N,N,N,N,N,N,N,N,N,28.080579378,-82.454676767,357070.432679,3106982.799255,R,,ARBM15Q1R2,"January 7, 2023",2911332,-9178813.010281362,3259137.4660483277
2021885000800,2021,885000800,FHPC21OFF058680,FLORIDA HIGHWAY PATROL,07 SEVENTH,HILLSBOROUGH,"June 5, 2021",0028,SUNDAY,1050 TAMPA,0350,Y,I 275,ASHLEY DR,0.1,E,27.9559348,-82.4658787,27.9565092,-82.4623581,10190000,6.5,02678,SR 93,I 275,R RIGHT,S SIDE OF ROAD,N NORTH,01 INTERSTATE URBAN,01 INTERSTATE,14 ENTRANCE/EXIT RAMP,03 SHOULDER,01 NOT AT INTERSECTION,01 PAVED,28,"May 11, 2020",11 URBAN PRIN ART INT.,48,PAVED,12,,0,,0,12,226000,RCI,6.8,,50,1 NO INJURY,31 Q/C COMPLETED - LOC VERIFIED,0 NO,01 NOT AT INTERSECTION/RRX/BRIDGE,04 DARK-LIGHTED,01 CLEAR,01 DRY,01 LEVEL,1 STRAIGHT,"TWO-WAY, DIVIDED, POSITIVE MED",,NO CONTROLS,NOT CODED,8,NONE,NOT CODED,NOT CODED,NONE,NOT CODED,NOT CODED,19 IMPACT ATTENUATOR/CRASH CUSION,88 UNKNOWN,06 CHANGING LANES,OPERATED MV IN CARLESS OR NEGL,NOT CODED,00 NOT CODED,00 NOT CODED,00 NOT CODED,00 NOT CODED,01 NO,0,0,0,0,1,0,1,1,N,N,N,N,Y,N,N,N,N,N,Y,N,N,N,N,N,N,N,N,N,N,N,N,N,N,N,27.956504987,-82.462313667,356155.125231,3093244.881307,R,,ARBM15Q1R2,"January 7, 2023",2911399,-9179663.145911489,3243491.8216597475
2021885325960,2021,885325960,FHPC21OFF082548,FLORIDA HIGHWAY PATROL,07 SEVENTH,HILLSBOROUGH,"August 8, 2021",0100,MONDAY,1050 TAMPA,0350,N,I 75,BRUCE B DOWNS BLVD,2,S,28.1496199,-82.3869399,28.0965448,-82.3604789,10075000,34.179,04285,SR 93A,I 75,L LEFT,2 THRU LANE 2,S SOUTH,01 INTERSTATE URBAN,01 INTERSTATE,01 NON-JUNCTION,01 ON ROADWAY,01 NOT AT INTERSECTION,01 PAVED,39,"March 17, 2020",11 URBAN PRIN ART INT.,48,PAVED WARN,10,LAWN,12,,0,67,114000,RCI,10.5,,70,3 NO-INCAPACITATING INJURY,31 Q/C COMPLETED - LOC VERIFIED,0 NO,01 NOT AT INTERSECTION/RRX/BRIDGE,05 DARK-NOT LIGHTED,02 CLOUDY,01 DRY,01 LEVEL,1 STRAIGHT,"TWO-WAY, DIVIDED, POSITIVE MED","TWO-WAY, DIVIDED, POSITIVE MED",NO CONTROLS,NO CONTROLS,8,NONE,NOT CODED,NOT CODED,NONE,NOT CODED,NOT CODED,14 MOTOR VEHICLE IN TRANSPORT,"04 SIDESWIPE, SAME DIRECTION",01 STRAIGHT AHEAD,OTHER CONTRIBUTING ACTION,OTHER CONTRIBUTING ACTION,00 NOT CODED,00 NOT CODED,00 NOT CODED,00 NOT CODED,01 NO,2,0,0,0,2,0,2,2,N,N,Y,N,Y,N,N,N,N,N,N,N,N,N,N,N,N,N,N,N,N,N,N,N,N,N,28.09648624,-82.360959192,366299.391352,3108638.650266,L,,ARBM15Q1R2,"January 7, 2023",2911469,-9168380.41449794,3261144.6097838134
2021885233830,2021,885233830,FHP21ON0043336,FLORIDA HIGHWAY PATROL,07 SEVENTH,HILLSBOROUGH,"December 15, 2021",0950,THURSDAY,1050 TAMPA,0350,N,SR 618,US 301,0.5,W,27.946621,-82.3633246,27.9337668,-82.3574073,10002000,12.488,05821,SR 618,,M MEDIAN,M MIDDLE,E EAST,03 TOLL ROAD URBAN,03 STATE,01 NON-JUNCTION,02 OFF ROADWAY,01 NOT AT INTERSECTION,01 PAVED,43,"May 19, 2020",12 URBAN PRIN ART EXPR.,36,PAVED,10,VALLEY GUTR,4,,0,136,73000,RCI,7.1,1D45,65,1 NO INJURY,31 Q/C COMPLETED - LOC VERIFIED,0 NO,01 NOT AT INTERSECTION/RRX/BRIDGE,01 DAYLIGHT,01 CLEAR,01 DRY,01 LEVEL,1 STRAIGHT,"TWO-WAY, DIVIDED, POSITIVE MED",,NO CONTROLS,NOT CODED,6,NONE,NOT CODED,NOT CODED,NONE,NOT CODED,NOT CODED,35 TRAFFIC SIGNAL SUPPORT,77 OTHER (SEE NARRATIVE),16 LEAVING TRAFFIC LANE,OPERATED MV IN CARLESS OR NEGL,NOT CODED,00 NOT CODED,00 NOT CODED,00 NOT CODED,00 NOT CODED,01 NO,0,0,0,0,1,0,1,1,N,N,N,N,Y,N,N,N,N,N,N,N,N,N,N,N,N,N,N,N,N,N,N,N,N,N,27.933739705,-82.357376239,366450.735741,3090603.561953,R,,ARBM15Q1R2,"January 7, 2023",2911540,-9167981.561428599,3240623.099540631
2021245819030,2021,245819030,2021-530626,COUNTY SHERIFF'S OFFICE,07 SEVENTH,HILLSBOROUGH,"December 21, 2021",1225,WEDNESDAY,1050 TAMPA,0350,Y,I 75,BRUCE B DOWNS BLVD,0,,28.125039,-82.371467,28.1198508,-82.3760614,10075367,0,06186,SR 93A,I 75,L LEFT,X RAMP,S SOUTH,08 RAMP RURAL,05 LOCAL,14 ENTRANCE/EXIT RAMP,01 ON ROADWAY,77 OTHER (SEE NARRATIVE),01 PAVED,0,"December 31, 2000",,16,CURB&GUTTER,2,,0,,0,,5500,RCI,8.1,,,1 NO INJURY,31 Q/C COMPLETED - LOC VERIFIED,0 NO,07 ENTRANCE RAMP,01 DAYLIGHT,01 CLEAR,01 DRY,01 LEVEL,1 STRAIGHT,"TWO-WAY, DIVIDED, POSITIVE MED",,NO CONTROLS,NOT CODED,1,NONE,NOT CODED,NOT CODED,NONE,NOT CODED,NOT CODED,28 GUARDRAIL END,00 NOT CODED,06 CHANGING LANES,OPERATED MV IN CARLESS OR NEGL,NOT CODED,00 NOT CODED,00 NOT CODED,00 NOT CODED,00 NOT CODED,01 NO,0,0,0,0,1,0,1,1,N,N,N,N,N,N,N,N,N,N,N,N,N,N,N,N,N,N,N,N,N,Y,N,N,N,Y,28.119877519,-82.376089499,364842.1621,3111247.007,O,,ARBM15Q1R2,"January 7, 2023",2911798,-9170064.713242762,3264096.684671796
2021884992250,2021,884992250,FHPC21OFF047499,FLORIDA HIGHWAY PATROL,07 SEVENTH,HILLSBOROUGH,"May 6, 2021",2318,FRIDAY,1050 TAMPA,0350,Y,I 275,MILE MARKER #42,0,,27.9563041,-82.4962419,27.9555633,-82.4839189,10190000,5.177,01409,SR 93,I 275,M MEDIAN,M MIDDLE,S SOUTH,01 INTERSTATE URBAN,01 INTERSTATE,18 THROUGH ROADWAY,01 ON ROADWAY,01 NOT AT INTERSECTION,01 PAVED,27,"May 11, 2020",11 URBAN PRIN ART INT.,48,PAVED WARN,12,,0,,0,205,226000,RCI,6.8,,55,4 INCAPACITATING INJURY,31 Q/C COMPLETED - LOC VERIFIED,0 NO,01 NOT AT INTERSECTION/RRX/BRIDGE,04 DARK-LIGHTED,01 CLEAR,01 DRY,04 DOWNHILL,1 STRAIGHT,"TWO-WAY, DIVIDED, POSITIVE MED",,NO CONTROLS,NOT CODED,8,NONE,NOT CODED,NOT CODED,NONE,NOT CODED,NOT CODED,06 FELL/JUMPED FROM MOTOR VEHICLE,77 OTHER (SEE NARRATIVE),06 CHANGING LANES,OPERATED MV IN CARLESS OR NEGL,NOT CODED,00 NOT CODED,00 NOT CODED,00 NOT CODED,00 NOT CODED,01 NO,1,0,1,0,1,0,1,1,N,N,N,N,Y,N,N,N,N,N,N,N,N,N,N,Y,N,N,N,N,N,N,N,N,N,N,27.955564826,-82.483908757,354029.328155,3093166.328859,R,,ARBM15Q1R2,"January 7, 2023",2911988,-9182067.100980094,3243373.337100997
2021885425430,2021,885425430,FHPC21OFF093352,FLORIDA HIGHWAY PATROL,07 SEVENTH,HILLSBOROUGH,"September 7, 2021",0329,WEDNESDAY,1050 TAMPA,0350,Y,I 4,COLUMBUS DR,0.009,W,27.9645839,-82.4121353,27.9657613,-82.4055449,10190446,0.224,05974,SR 400,I 4,R RIGHT,X RAMP,E EAST,08 RAMP RURAL,01 INTERSTATE,14 ENTRANCE/EXIT RAMP,04 MEDIAN,01 NOT AT INTERSECTION,01 PAVED,0,"December 31, 2000",,24,CURB&GUTTER,2,,0,,0,,14000,RCI,11.2,,,1 NO INJURY,31 Q/C COMPLETED - LOC VERIFIED,0 NO,08 EXIT RAMP,04 DARK-LIGHTED,03 RAIN,02 WET,01 LEVEL,1 STRAIGHT,"TWO-WAY, DIVIDED, POSITIVE MED",,NO CONTROLS,NOT CODED,2,NONE,NOT CODED,NOT CODED,NONE,NOT CODED,NOT CODED,19 IMPACT ATTENUATOR/CRASH CUSION,77 OTHER (SEE NARRATIVE),01 STRAIGHT AHEAD,RAN OFF ROADWAY,NOT CODED,00 NOT CODED,00 NOT CODED,00 NOT CODED,00 NOT CODED,01 NO,0,0,0,0,1,0,1,1,N,N,N,N,Y,N,N,N,N,N,N,N,N,N,N,N,N,N,N,N,N,N,N,N,N,N,27.965757686,-82.405543602,361751.92188,3094204.478064,O,,ARBM15Q1R2,"January 7, 2023",2912026,-9173343.529345764,3244657.9554993007
2021885297600,2021,885297600,FHPC21OFF090754,FLORIDA HIGHWAY PATROL,07 SEVENTH,HILLSBOROUGH,"August 31, 2021",0944,WEDNESDAY,1050 TAMPA,0350,N,I 4,SR 574,0.339,E,27.978435,-82.38824,27.9842739,-82.3802577,10190000,12.288,02732,SR 400,I 4,M MEDIAN,M MIDDLE,W WEST,01 INTERSTATE URBAN,01 INTERSTATE,01 NON-JUNCTION,01 ON ROADWAY,01 NOT AT INTERSECTION,01 PAVED,39,"May 26, 2020",11 URBAN PRIN ART INT.,48,PAVED WARN,9,VALLEY GUTR,4,LAWN,12,88,136000,RCI,11.2,,65,1 NO INJURY,31 Q/C COMPLETED - LOC VERIFIED,0 NO,01 NOT AT INTERSECTION/RRX/BRIDGE,01 DAYLIGHT,03 RAIN,02 WET,01 LEVEL,1 STRAIGHT,"TWO-WAY, DIVIDED, POSITIVE MED",,NO CONTROLS,NOT CODED,8,NONE,NOT CODED,NOT CODED,NONE,NOT CODED,NOT CODED,27 GUARDRAIL FACE,77 OTHER (SEE NARRATIVE),77 OTHER (SEE NARRATIVE),OTHER CONTRIBUTING ACTION,NOT CODED,00 NOT CODED,00 NOT CODED,00 NOT CODED,00 NOT CODED,01 NO,0,0,0,0,1,0,1,1,N,N,N,N,Y,N,N,N,N,N,N,N,N,N,N,N,N,N,N,N,N,N,N,N,N,N,27.984267147,-82.380279186,364260.360812,3096226.855302,R,,ARBM15Q1R2,"January 7, 2023",2912066,-9170531.10669467,3246991.0350224595
2021885297610,2021,885297610,FHPC21OFF090805,FLORIDA HIGHWAY PATROL,07 SEVENTH,HILLSBOROUGH,"August 31, 2021",1133,WEDNESDAY,1050 TAMPA,0350,N,I 275,COLUMBUS DR E,0.109,W,27.9684411,-82.4533828,27.9658727,-82.4047175,10190000,10.327,02727,SR 400,I 4,M MEDIAN,M MIDDLE,N NORTH,01 INTERSTATE URBAN,01 INTERSTATE,01 NON-JUNCTION,01 ON ROADWAY,01 NOT AT INTERSECTION,01 PAVED,29,"May 11, 2020",11 URBAN PRIN ART INT.,33,PAVED WARN,12,,0,,0,282,163000,RCI,8.7,3D17,60,1 NO INJURY,31 Q/C COMPLETED - LOC VERIFIED,0 NO,01 NOT AT INTERSECTION/RRX/BRIDGE,01 DAYLIGHT,03 RAIN,02 WET,01 LEVEL,1 STRAIGHT,"TWO-WAY, DIVIDED, POSITIVE MED",,NO CONTROLS,NOT CODED,6,"RD SURFC (WET, ICY, SNOW, ETC)",NOT CODED,NOT CODED,WEATHER CONDITIONS,NOT CODED,NOT CODED,30 CONCRETE TRAFFIC BARRIER,77 OTHER (SEE NARRATIVE),01 STRAIGHT AHEAD,NO CONTRIBUTING ACTION,NOT CODED,00 NOT CODED,00 NOT CODED,00 NOT CODED,00 NOT CODED,01 NO,0,0,0,0,1,0,1,1,N,N,N,N,Y,N,N,N,N,N,N,N,N,N,N,N,N,N,N,N,N,N,N,N,N,N,27.965867763,-82.404730142,361832.082376,3094215.753376,R,,ARBM15Q1R2,"January 7, 2023",2912067,-9173252.975401394,3244671.829251853
2021884983030,2021,884983030,FHPC21OFF080416,FLORIDA HIGHWAY PATROL,07 SEVENTH,HILLSBOROUGH,"August 2, 2021",0735,TUESDAY,1050 TAMPA,0350,N,US 41,12TH AVE S,0.003,S,27.93709,-82.40192,27.9369689,-82.4019177,10060000,24.517,03736,SR 599,US 41,L LEFT,S SIDE OF ROAD,S SOUTH,30 URBAN 6+LN 2WY DIVD RASD,02 U.S.,01 NON-JUNCTION,03 SHOULDER,01 NOT AT INTERSECTION,03 CURB,39,"October 1, 2019",14 URBAN PRIN ART OTHER,36,CURB&GUTTER,2,,0,,0,10,39000,RCI,14.5,,50,1 NO INJURY,31 Q/C COMPLETED - LOC VERIFIED,0 NO,01 NOT AT INTERSECTION/RRX/BRIDGE,01 DAYLIGHT,03 RAIN,02 WET,01 LEVEL,1 STRAIGHT,"TWO-WAY, DIVIDED, UNPROTECTED",,NO CONTROLS,NOT CODED,6,"RD SURFC (WET, ICY, SNOW, ETC)",NOT CODED,NOT CODED,WEATHER CONDITIONS,NOT CODED,NOT CODED,14 MOTOR VEHICLE IN TRANSPORT,77 OTHER (SEE NARRATIVE),06 CHANGING LANES,OTHER CONTRIBUTING ACTION,NOT CODED,00 NOT CODED,00 NOT CODED,00 NOT CODED,00 NOT CODED,01 NO,0,0,0,0,1,0,1,2,N,N,N,N,Y,N,N,N,N,N,N,N,N,N,N,N,N,N,N,N,N,N,N,N,N,N,27.93697602,-82.4019171,362072.082786,3091011.569672,C,,ARBM15Q1R2,"January 7, 2023",2912098,-9172939.828806108,3241030.88046191