Crash Id,Calendar Year,FDOT Crash Number,Reporting Agency Case Number,Reporting Agency Type,FDOT Managing District,County Name,Crash Date,Crash Time,Day,DHSMV City,Crash Report City Code,In Town,On Roadway Name,Int Roadway Name,Reference Distance (Miles),Reference Direction,Officer Latitude,Officer Longitude,FDOT Latitude,FDOT Longitude,FDOT Roadway,Nearest Inventory MP,Nearest Node From Crash,State Road #,US Highway,Crash Side of Road,Accident Lane Number,Travel Direction Vehicle 1,FDOT Road Category,DHSMV Road System Id,Relation to Junction,Crash Harmful Event Location,Intersection Type,Shoulder Type,FDOT Roadway SKID Test Result,FDOT Roadway SKID Test Date,Functional Class,RCI Surface Width,RCI Shoulder Type First,RCI Shoulder Width First,RCI Shoulder Type Second,RCI Shoulder Width Second,RCI Shoulder Type Third,RCI Shoulder Width Third,RCI Median Width,Avg Daily Traffic,AADT Source,RCI Avg Per Truck Traffic,RCI Horiz Curve Condition,Posted Speed Limit,Highest Injury in Crash,CAR Status Code,Alcohols/Drug Involved,Site Location,Lighting,Weather,Road Surface,Roadway Grade,Roadway Alignment,Traffic Way Vehicle 1,Traffic Way Vehicle 2,Traffic Control Vehicle 1,Traffic Control Vehicle 2,Count of Lanes,Road Condition 1,Road Condition 2,Road Condition 3,Environment Condition 1,Environment Condition 2,Environment Condition 3,Crash Harmful Event,Manner of Collision,Vehicle Movement,Driver Action Vehicle 1,Driver Action Vehicle 2,Location Within Workzone,Type of Workzone,Workers Present in Workzone,Law Enforcement Present in Workzone,School Bus Related,Count of Nonfatal Injuries,Count of Traffic Fatalities,Count of Serious Injuries,Count of Pedestrians,Count of Drivers,Count of Bicyclists,Count of Vehicles,Count of Persons,Wrong Way,Workzone Inv,Commercial Vehicle Inv,Intersection Inv,Lane Departure,Speeding,Agressive Driving,Impaired Driver,Impaired Pedestrian,Impaired Bicyclist,Distracted Driver,Speeding or Aggressive Driving,Pedestrian Related,Bicyclist Related,Pedestrian or Bicyclist Related,Motorcycle Inv,No Belt,No Belt - Ages 1-4,No Belt - Ages 5-12,No Belt - Ages 13-17,Driver - Ages Teen,Driver - Ages 65 plus,Driver - Ages 65-69,Driver - Ages 70-74,Driver - Ages 75-79,Driver - Ages 80 plus,ARBM Latitude,ARBM Longitude,UTM Zone 17N X,UTM Zone 17N Y,ARBM Side of Road,Urban Rural Indicator,GIS Street Source,Extract Date,OBJECTID,x,y
2021245784150,2021,245784150,2021-430205,COUNTY SHERIFF'S OFFICE,07 SEVENTH,HILLSBOROUGH,"October 9, 2021",0600,SUNDAY,1050 TAMPA,0350,Y,BUSCH BLVD E,22ND ST R,0,,28.032509,-82.434595,28.0324898,-82.4347913,10310000,4.339,00873,SR 580,,R RIGHT,2 THRU LANE 2,W WEST,30 URBAN 6+LN 2WY DIVD RASD,03 STATE,02 INTERSECTION,01 ON ROADWAY,02 FOUR-WAY INTERSECTION,01 PAVED,35,"October 2, 2019",14 URBAN PRIN ART OTHER,36,CURB&GUTTER,2,,0,,0,16,45000,RCI,3.6,,45,2 POSSIBLE INJURY,31 Q/C COMPLETED - LOC VERIFIED,0 NO,02 AT INTERSECTION,04 DARK-LIGHTED,01 CLEAR,01 DRY,02 HILLCREST,1 STRAIGHT,"TWO-WAY, DIVIDED, POSITIVE MED","TWO-WAY, DIVIDED, POSITIVE MED",TRAFFIC CONTROL SIGNAL,TRAFFIC CONTROL SIGNAL,6,NONE,NOT CODED,NOT CODED,NONE,NOT CODED,NOT CODED,14 MOTOR VEHICLE IN TRANSPORT,03 ANGLE,03 TURNING LEFT,NO CONTRIBUTING ACTION,NO CONTRIBUTING ACTION,00 NOT CODED,00 NOT CODED,00 NOT CODED,00 NOT CODED,01 NO,2,0,0,0,2,0,2,2,N,N,N,Y,N,N,N,N,N,N,N,N,N,N,N,N,N,N,N,N,N,N,N,N,N,N,28.032554807,-82.434772669,358963.661375,3101638.670929,C,,ARBM15Q1R2,"January 7, 2023",2912341,-9176597.295422852,3253079.481274226
2021245796920,2021,245796920,2021-467635,COUNTY SHERIFF'S OFFICE,07 SEVENTH,HILLSBOROUGH,"November 4, 2021",0715,FRIDAY,1050 TAMPA,0350,Y,50TH ST S,SR 618,0,,27.950288,-82.401765,27.949363,-82.4016097,10060000,25.372,02882,SR 599,US 41,L LEFT,3 THRU LANE 3,N NORTH,33 SUBURBAN 6+LN 2WY DIVD RASD,02 U.S.,02 INTERSECTION,01 ON ROADWAY,02 FOUR-WAY INTERSECTION,01 PAVED,39,"October 1, 2019",14 URBAN PRIN ART OTHER,33,PAVED,8,LAWN,4,,0,28,39000,RCI,14.5,,40,1 NO INJURY,31 Q/C COMPLETED - LOC VERIFIED,0 NO,02 AT INTERSECTION,04 DARK-LIGHTED,03 RAIN,02 WET,01 LEVEL,1 STRAIGHT,"TWO-WAY, DIVIDED, POSITIVE MED","TWO-WAY, DIVIDED, POSITIVE MED",NO CONTROLS,NO CONTROLS,5,NONE,NOT CODED,NOT CODED,NONE,NOT CODED,NOT CODED,14 MOTOR VEHICLE IN TRANSPORT,03 ANGLE,03 TURNING LEFT,FAILED TO YIELD RIGHT-OF-WAY,NO CONTRIBUTING ACTION,00 NOT CODED,00 NOT CODED,00 NOT CODED,00 NOT CODED,01 NO,0,0,0,0,2,0,2,4,N,N,Y,Y,N,N,N,N,N,N,N,N,N,N,N,N,N,N,N,N,N,N,N,N,N,N,27.949377126,-82.401640089,362115.093028,3092385.212082,C,,ARBM15Q1R2,"January 7, 2023",2912342,-9172908.992105111,3242593.5533685475
2021883068200,2021,883068200,FHPK21OFFG04555,FLORIDA HIGHWAY PATROL,08 TURNPIKE,HILLSBOROUGH,"August 10, 2021",1207,WEDNESDAY,1050 TAMPA,0350,N,SR 589,GUNN HWY,0.057,S,28.06491,-82.5679214,28.0649529,-82.5678675,10470000,7.685,05076,SR 589,,R RIGHT,1 THRU LANE 1,N NORTH,03 TOLL ROAD URBAN,06 TURNPIKE/TOLL,01 NON-JUNCTION,01 ON ROADWAY,01 NOT AT INTERSECTION,01 PAVED,37,"May 10, 2020",12 URBAN PRIN ART EXPR.,36,PAVED WARN,12,,0,,0,30,63300,RCI,9.2,,60,1 NO INJURY,31 Q/C COMPLETED - LOC VERIFIED,0 NO,01 NOT AT INTERSECTION/RRX/BRIDGE,01 DAYLIGHT,01 CLEAR,01 DRY,01 LEVEL,1 STRAIGHT,"TWO-WAY, DIVIDED, POSITIVE MED","TWO-WAY, DIVIDED, POSITIVE MED",NO CONTROLS,NO CONTROLS,6,NONE,NOT CODED,NOT CODED,NONE,NOT CODED,NOT CODED,14 MOTOR VEHICLE IN TRANSPORT,"04 SIDESWIPE, SAME DIRECTION",06 CHANGING LANES,FAILED TO YIELD RIGHT-OF-WAY,NO CONTRIBUTING ACTION,00 NOT CODED,00 NOT CODED,00 NOT CODED,00 NOT CODED,01 NO,0,0,0,0,2,0,2,2,N,N,N,N,Y,N,N,N,N,N,Y,N,N,N,N,N,N,N,N,N,N,Y,N,Y,N,N,28.069964965,-82.564823135,346231.401765,3105941.01158,R,,ARBM15Q1R2,"January 7, 2023",2912390,-9191074.451349258,3257798.2941055526
2021885586350,2021,885586350,FHPK21OFFG06612,FLORIDA HIGHWAY PATROL,08 TURNPIKE,HILLSBOROUGH,"November 16, 2021",0808,WEDNESDAY,1050 TAMPA,0350,N,SR 589,SR 580,0.009,S,27.9961169,-82.5461168,27.9960144,-82.545866,10470000,2.043,05028,SR 589,,L LEFT,4 THRU LANE 4,S SOUTH,03 TOLL ROAD URBAN,06 TURNPIKE/TOLL,01 NON-JUNCTION,01 ON ROADWAY,01 NOT AT INTERSECTION,01 PAVED,36,"May 10, 2020",12 URBAN PRIN ART EXPR.,36,PAVED WARN,12,,0,,0,30,76500,RCI,9.2,1D00,60,4 INCAPACITATING INJURY,31 Q/C COMPLETED - LOC VERIFIED,0 NO,01 NOT AT INTERSECTION/RRX/BRIDGE,01 DAYLIGHT,01 CLEAR,01 DRY,04 DOWNHILL,1 STRAIGHT,"TWO-WAY, DIVIDED, POSITIVE MED","TWO-WAY, DIVIDED, POSITIVE MED",NO CONTROLS,NO CONTROLS,7,NONE,NOT CODED,NOT CODED,NONE,NOT CODED,NOT CODED,14 MOTOR VEHICLE IN TRANSPORT,01 FRONT TO REAR,01 STRAIGHT AHEAD,OPERATED MV IN CARLESS OR NEGL,NO CONTRIBUTING ACTION,00 NOT CODED,00 NOT CODED,00 NOT CODED,00 NOT CODED,01 NO,2,0,1,0,2,0,2,2,N,N,N,N,N,N,N,N,N,N,Y,N,N,N,N,N,N,N,N,N,N,N,N,N,N,N,28.005258487,-82.54547754,348041.749692,3098747.349404,L,,ARBM15Q1R2,"January 7, 2023",2912534,-9188920.90872783,3249637.434349101
2021885559190,2021,885559190,FHPK21OFFG05451,FLORIDA HIGHWAY PATROL,08 TURNPIKE,HILLSBOROUGH,"September 24, 2021",0350,SATURDAY,1050 TAMPA,0350,N,SR 589,MEMORIAL HWY,0.152,N,27.9860037,-82.5464067,27.9843417,-82.5461165,10470000,1.239,02608,SR 589,,L LEFT,S SIDE OF ROAD,S SOUTH,03 TOLL ROAD URBAN,06 TURNPIKE/TOLL,01 NON-JUNCTION,02 OFF ROADWAY,01 NOT AT INTERSECTION,01 PAVED,36,"May 10, 2020",12 URBAN PRIN ART EXPR.,48,PAVED WARN,12,,0,,0,34,76500,RCI,9.2,,60,2 POSSIBLE INJURY,31 Q/C COMPLETED - LOC VERIFIED,0 NO,01 NOT AT INTERSECTION/RRX/BRIDGE,04 DARK-LIGHTED,01 CLEAR,01 DRY,01 LEVEL,1 STRAIGHT,"TWO-WAY, DIVIDED, POSITIVE MED",,NO CONTROLS,NOT CODED,8,NONE,NOT CODED,NOT CODED,NONE,NOT CODED,NOT CODED,19 IMPACT ATTENUATOR/CRASH CUSION,77 OTHER (SEE NARRATIVE),01 STRAIGHT AHEAD,OPERATED MV IN CARLESS OR NEGL,NOT CODED,00 NOT CODED,00 NOT CODED,00 NOT CODED,00 NOT CODED,01 NO,1,0,0,0,1,0,1,1,N,N,N,N,Y,N,N,N,N,N,Y,N,N,N,N,N,N,N,N,N,N,N,N,N,N,N,27.994218045,-82.546045069,347970.4402,3097524.799487,L,,ARBM15Q1R2,"January 7, 2023",2912583,-9188984.085709041,3248245.4901922564
2021884983130,2021,884983130,FHPC21OFF110958,FLORIDA HIGHWAY PATROL,07 SEVENTH,HILLSBOROUGH,"October 24, 2021",1110,MONDAY,1050 TAMPA,0350,N,I 275,FOWLER AVE,0.038,S,28.06183,-82.4545899,28.0539998,-82.4547109,10320000,6.465,02795,SR 93,I 275,L LEFT,2 THRU LANE 2,S SOUTH,01 INTERSTATE URBAN,01 INTERSTATE,01 NON-JUNCTION,01 ON ROADWAY,01 NOT AT INTERSECTION,01 PAVED,26,"February 14, 2021",11 URBAN PRIN ART INT.,36,PAVED,8,VALLEY GUTR,4,,0,20,147000,RCI,5.2,,60,1 NO INJURY,31 Q/C COMPLETED - LOC VERIFIED,0 NO,01 NOT AT INTERSECTION/RRX/BRIDGE,01 DAYLIGHT,03 RAIN,02 WET,04 DOWNHILL,1 STRAIGHT,"TWO-WAY, DIVIDED, POSITIVE MED","TWO-WAY, DIVIDED, POSITIVE MED",NO CONTROLS,NO CONTROLS,6,"RD SURFC (WET, ICY, SNOW, ETC)",NOT CODED,NOT CODED,WEATHER CONDITIONS,NOT CODED,NOT CODED,14 MOTOR VEHICLE IN TRANSPORT,03 ANGLE,01 STRAIGHT AHEAD,OPERATED MV IN CARLESS OR NEGL,NO CONTRIBUTING ACTION,00 NOT CODED,00 NOT CODED,00 NOT CODED,00 NOT CODED,01 NO,0,0,0,0,2,0,2,2,N,N,N,N,Y,N,N,N,N,N,N,N,N,N,N,N,N,N,N,N,N,Y,Y,N,N,N,28.0535923,-82.454919424,357010.855633,3103993.017286,L,,ARBM15Q1R2,"January 7, 2023",2912662,-9178840.02266493,3255732.890090031
2021245806020,2021,245806020,2021-491420,COUNTY SHERIFF'S OFFICE,07 SEVENTH,HILLSBOROUGH,"November 22, 2021",1618,TUESDAY,1050 TAMPA,0350,Y,FLORIDA AVE N,BIRD ST E,0.077,N,28.023674,-82.459538,28.0238085,-82.4595041,10020000,5.246,01380,SR 685,USB 41,L LEFT,1 THRU LANE 1,S SOUTH,20 URBAN 4-5LN 2WY DIVD RASD,05 LOCAL,01 NON-JUNCTION,01 ON ROADWAY,01 NOT AT INTERSECTION,01 PAVED,40,"February 14, 2021",16 URBAN MINOR ART,22,CURB&GUTTER,2,,0,,0,11,22000,RCI,3.6,,40,4 INCAPACITATING INJURY,31 Q/C COMPLETED - LOC VERIFIED,0 NO,01 NOT AT INTERSECTION/RRX/BRIDGE,01 DAYLIGHT,02 CLOUDY,01 DRY,01 LEVEL,1 STRAIGHT,"TWO-WAY, DIVIDED, POSITIVE MED","TWO-WAY, DIVIDED, POSITIVE MED",NO CONTROLS,NO CONTROLS,4,NONE,NOT CODED,NOT CODED,NONE,NOT CODED,NOT CODED,14 MOTOR VEHICLE IN TRANSPORT,"04 SIDESWIPE, SAME DIRECTION",06 CHANGING LANES,FAILED TO KEEP IN PROPER LANE,NO CONTRIBUTING ACTION,00 NOT CODED,00 NOT CODED,00 NOT CODED,00 NOT CODED,01 NO,2,0,1,0,2,0,2,2,N,N,N,N,Y,N,N,N,N,N,N,N,N,N,N,Y,N,N,N,N,N,Y,Y,N,N,N,28.02426209,-82.459516595,356520.070858,3100748.754665,C,,ARBM15Q1R2,"January 7, 2023",2912882,-9179351.777395867,3252033.6833358346
2021245791410,2021,245791410,2021-452064,COUNTY SHERIFF'S OFFICE,08 TURNPIKE,HILLSBOROUGH,"October 24, 2021",1023,MONDAY,1050 TAMPA,0350,Y,SR 589,MILE MARKER #3,0,,27.965373,-82.5476,27.9874882,-82.5458802,10470000,1.456,05024,SR 589,,R RIGHT,S SIDE OF ROAD,S SOUTH,03 TOLL ROAD URBAN,05 LOCAL,14 ENTRANCE/EXIT RAMP,02 OFF ROADWAY,01 NOT AT INTERSECTION,02 UNPAVED,36,"May 10, 2020",12 URBAN PRIN ART EXPR.,36,PAVED WARN,12,,0,,0,30,76500,RCI,9.2,,60,0 UNKNOWN/NOT CODED,31 Q/C COMPLETED - LOC VERIFIED,0 NO,01 NOT AT INTERSECTION/RRX/BRIDGE,04 DARK-LIGHTED,03 RAIN,02 WET,04 DOWNHILL,2 CURVE RIGHT,ONE-WAY TRAFFICWAY,,NO CONTROLS,NOT CODED,8,"RD SURFC (WET, ICY, SNOW, ETC)",NOT CODED,NOT CODED,NONE,NOT CODED,NOT CODED,33 UTILITY POLE/LIGHT SUPPORT,00 NOT CODED,15 NEGOTIATING A CURVE,NOT CODED,NOT CODED,00 NOT CODED,00 NOT CODED,00 NOT CODED,00 NOT CODED,01 NO,0,0,0,0,1,0,1,1,N,N,N,N,Y,N,N,N,N,N,N,N,N,N,N,N,N,N,N,N,N,N,N,N,N,N,27.997272294,-82.545786143,348000.19163,3097862.880886,R,,ARBM15Q1R2,"January 7, 2023",2912883,-9188955.262295736,3248630.546030564
2021245739650,2021,245739650,2021-291522,COUNTY SHERIFF'S OFFICE,07 SEVENTH,HILLSBOROUGH,"July 6, 2021",0645,WEDNESDAY,1050 TAMPA,0350,Y,HILLSBOROUGH AVE W,HOWARD AVE N,0,,27.995923,-82.482282,27.9959414,-82.4823272,10150000,10.942,01719,SR 600,US 92,R RIGHT,2 THRU LANE 2,S SOUTH,30 URBAN 6+LN 2WY DIVD RASD,05 LOCAL,18 THROUGH ROADWAY,01 ON ROADWAY,03 T-INTERSECTION,03 CURB,40,"February 15, 2021",14 URBAN PRIN ART OTHER,36,PAVED,4,CURB&GUTTER,2,,0,24,50500,RCI,6.5,1D5625,45,5 FATAL(WITHIN 30 DAYS) INJURY,31 Q/C COMPLETED - LOC VERIFIED,3 A/D,02 AT INTERSECTION,03 DAWN,03 RAIN,02 WET,01 LEVEL,1 STRAIGHT,"TWO-WAY, DIVIDED, POSITIVE MED","TWO-WAY, DIVIDED, POSITIVE MED",NO CONTROLS,NO CONTROLS,6,NONE,NOT CODED,NOT CODED,NONE,NOT CODED,NOT CODED,14 MOTOR VEHICLE IN TRANSPORT,77 OTHER (SEE NARRATIVE),03 TURNING LEFT,FAILED TO YIELD RIGHT-OF-WAY,EXCEEDED POSTED SPEED,00 NOT CODED,00 NOT CODED,00 NOT CODED,00 NOT CODED,01 NO,1,1,0,0,2,0,2,2,N,N,N,Y,N,Y,N,Y,N,N,N,Y,N,N,N,N,N,N,N,N,N,N,N,N,N,N,27.995934794,-82.482314955,354240.423799,3097637.242199,R,,ARBM15Q1R2,"January 7, 2023",2912888,-9181889.67984485,3248461.923379828
2021883068280,2021,883068280,FHPK21OFFG06206,FLORIDA HIGHWAY PATROL,08 TURNPIKE,HILLSBOROUGH,"October 27, 2021",1322,THURSDAY,1050 TAMPA,0350,N,SR 589,HUTCHINSON RD,0.5,S,28.0939068,-82.54469,28.0906497,-82.5456817,10470000,10.108,05096,SR 589,,M MEDIAN,M MIDDLE,S SOUTH,03 TOLL ROAD URBAN,06 TURNPIKE/TOLL,01 NON-JUNCTION,03 SHOULDER,01 NOT AT INTERSECTION,01 PAVED,43,"May 10, 2020",12 URBAN PRIN ART EXPR.,36,PAVED WARN,10,VALLEY GUTR,3.5,,0,30,51600,RCI,9.2,,60,2 POSSIBLE INJURY,31 Q/C COMPLETED - LOC VERIFIED,0 NO,01 NOT AT INTERSECTION/RRX/BRIDGE,01 DAYLIGHT,03 RAIN,02 WET,01 LEVEL,1 STRAIGHT,"TWO-WAY, DIVIDED, POSITIVE MED",,NO CONTROLS,NOT CODED,6,NONE,NOT CODED,NOT CODED,NONE,NOT CODED,NOT CODED,27 GUARDRAIL FACE,77 OTHER (SEE NARRATIVE),01 STRAIGHT AHEAD,FAILED TO KEEP IN PROPER LANE,NOT CODED,00 NOT CODED,00 NOT CODED,00 NOT CODED,00 NOT CODED,01 NO,1,0,0,0,1,0,1,1,N,N,N,N,Y,N,N,N,N,N,N,N,N,N,N,N,N,N,N,N,N,N,N,N,N,N,28.094468014,-82.544037942,348308.603776,3108629.840933,R,,ARBM15Q1R2,"January 7, 2023",2912918,-9188760.653688906,3260889.9309122963
2021883068330,2021,883068330,FHP21ON0039343,FLORIDA HIGHWAY PATROL,08 TURNPIKE,HILLSBOROUGH,"December 13, 2021",1144,TUESDAY,1050 TAMPA,0350,N,SR 589,HUTCHINSON RD,0.5,N,28.1094451,-82.5445845,28.105583,-82.5422377,10470000,11.174,05112,SR 589,,L LEFT,S SIDE OF ROAD,S SOUTH,03 TOLL ROAD URBAN,06 TURNPIKE/TOLL,01 NON-JUNCTION,03 SHOULDER,01 NOT AT INTERSECTION,01 PAVED,43,"May 10, 2020",12 URBAN PRIN ART EXPR.,48,PAVED WARN,12,,0,,0,30,55800,RCI,9.2,3D00,60,3 NO-INCAPACITATING INJURY,31 Q/C COMPLETED - LOC VERIFIED,0 NO,01 NOT AT INTERSECTION/RRX/BRIDGE,01 DAYLIGHT,01 CLEAR,01 DRY,01 LEVEL,3 CURVE LEFT,"TWO-WAY, DIVIDED, POSITIVE MED",,NO CONTROLS,NOT CODED,7,NONE,NOT CODED,NOT CODED,NONE,NOT CODED,NOT CODED,27 GUARDRAIL FACE,77 OTHER (SEE NARRATIVE),11 OVERTAKING/PASSING,OPERATED MV IN CARLESS OR NEGL,NOT CODED,00 NOT CODED,00 NOT CODED,00 NOT CODED,00 NOT CODED,01 NO,3,0,0,0,1,0,1,3,N,N,N,N,Y,N,N,N,N,N,N,N,N,N,N,N,N,N,N,N,Y,N,N,N,N,N,28.108736166,-82.544254731,348307.378149,3110211.01269,L,,ARBM15Q1R2,"January 7, 2023",2912919,-9188784.786641795,3262690.5195583897
2021883068340,2021,883068340,FHP21ON0067541,FLORIDA HIGHWAY PATROL,08 TURNPIKE,HILLSBOROUGH,"December 28, 2021",1820,WEDNESDAY,1050 TAMPA,0350,N,SR 589,HILLSBOROUGH AVE,0.5,S,27.9950428,-82.5454705,27.9890102,-82.5455391,10470101,0.5,05120,SR 589,,R RIGHT,X RAMP,N NORTH,42 RURAL ONE WAY,06 TURNPIKE/TOLL,01 NON-JUNCTION,03 SHOULDER,01 NOT AT INTERSECTION,01 PAVED,0,"December 31, 2000",,24,PAVED,6,,0,,0,,,RCI,0,,,1 NO INJURY,31 Q/C COMPLETED - LOC VERIFIED,0 NO,08 EXIT RAMP,04 DARK-LIGHTED,01 CLEAR,01 DRY,01 LEVEL,1 STRAIGHT,ONE-WAY TRAFFICWAY,,NO CONTROLS,NOT CODED,2,NONE,NOT CODED,NOT CODED,NONE,NOT CODED,NOT CODED,27 GUARDRAIL FACE,77 OTHER (SEE NARRATIVE),01 STRAIGHT AHEAD,FAILED TO KEEP IN PROPER LANE,NOT CODED,00 NOT CODED,00 NOT CODED,00 NOT CODED,00 NOT CODED,01 NO,0,0,0,0,1,0,1,1,N,N,N,N,Y,N,N,N,N,N,N,N,N,N,N,N,N,N,N,N,N,N,N,N,N,N,27.988997549,-82.545541032,348012.686382,3096945.752718,O,,ARBM15Q1R2,"January 7, 2023",2912920,-9188927.976512052,3247587.3561950554
2021885343970,2021,885343970,FHPC21OFF075061,FLORIDA HIGHWAY PATROL,07 SEVENTH,HILLSBOROUGH,"July 18, 2021",0725,MONDAY,1050 TAMPA,0350,N,I 75,BRUCE B DOWNS BLVD,1,S,28.0939724,-82.3580257,28.1083768,-82.3692671,10075000,35.179,06190,SR 93A,I 75,L LEFT,3 THRU LANE 3,S SOUTH,01 INTERSTATE URBAN,01 INTERSTATE,01 NON-JUNCTION,01 ON ROADWAY,01 NOT AT INTERSECTION,01 PAVED,39,"March 17, 2020",11 URBAN PRIN ART INT.,48,PAVED WARN,10,LAWN,12,,0,67,114000,RCI,10.5,,70,3 NO-INCAPACITATING INJURY,31 Q/C COMPLETED - LOC VERIFIED,0 NO,01 NOT AT INTERSECTION/RRX/BRIDGE,01 DAYLIGHT,01 CLEAR,01 DRY,01 LEVEL,1 STRAIGHT,"TWO-WAY, DIVIDED, POSITIVE MED","TWO-WAY, DIVIDED, POSITIVE MED",NO CONTROLS,NO CONTROLS,8,NONE,NOT CODED,NOT CODED,NONE,NOT CODED,NOT CODED,14 MOTOR VEHICLE IN TRANSPORT,01 FRONT TO REAR,01 STRAIGHT AHEAD,"OPER MV AGRSIVE, ERATIC, RCKLS",NO CONTRIBUTING ACTION,00 NOT CODED,00 NOT CODED,00 NOT CODED,00 NOT CODED,01 NO,1,0,0,0,2,0,2,2,N,N,Y,N,Y,N,Y,N,N,N,N,Y,N,N,N,N,N,N,N,N,N,N,N,N,N,N,28.108405527,-82.369638469,365461.5217,3109968.81357,L,,ARBM15Q1R2,"January 7, 2023",2912990,-9169346.587583084,3262648.7920836885
2021885044160,2021,885044160,FHPC21OFF068055,FLORIDA HIGHWAY PATROL,07 SEVENTH,HILLSBOROUGH,"June 29, 2021",1317,WEDNESDAY,1050 TAMPA,0350,N,US 301,SR 618,0.006,S,27.9296156,-82.3509373,27.929932,-82.350967,10010000,21.148,00613,SR 43,US 301,R RIGHT,3 THRU LANE 3,S SOUTH,33 SUBURBAN 6+LN 2WY DIVD RASD,02 U.S.,02 INTERSECTION,01 ON ROADWAY,02 FOUR-WAY INTERSECTION,01 PAVED,38,"July 12, 2020",14 URBAN PRIN ART OTHER,36,PAVED,5,LAWN,12,,0,40,35500,RCI,8.4,,50,3 NO-INCAPACITATING INJURY,31 Q/C COMPLETED - LOC VERIFIED,0 NO,02 AT INTERSECTION,01 DAYLIGHT,03 RAIN,02 WET,01 LEVEL,1 STRAIGHT,"TWO-WAY, DIVIDED, POSITIVE MED","TWO-WAY, DIVIDED, POSITIVE MED",TRAFFIC CONTROL SIGNAL,TRAFFIC CONTROL SIGNAL,6,"RD SURFC (WET, ICY, SNOW, ETC)",NOT CODED,NOT CODED,WEATHER CONDITIONS,NOT CODED,NOT CODED,14 MOTOR VEHICLE IN TRANSPORT,03 ANGLE,03 TURNING LEFT,FAILED TO YIELD RIGHT-OF-WAY,NO CONTRIBUTING ACTION,00 NOT CODED,00 NOT CODED,00 NOT CODED,00 NOT CODED,01 NO,3,0,0,0,2,0,2,4,N,N,N,Y,N,N,N,N,N,N,N,N,N,N,N,N,N,N,N,N,N,Y,N,N,Y,N,27.929956257,-82.350944529,367078.973524,3090177.380241,R,,ARBM15Q1R2,"January 7, 2023",2913021,-9167265.586477268,3240146.3943612822
2021885320440,2021,885320440,FHPC21OFF086803,FLORIDA HIGHWAY PATROL,07 SEVENTH,HILLSBOROUGH,"August 19, 2021",1948,FRIDAY,1050 TAMPA,0350,N,SR 597,SLIGH AVE W,0,,28.01075,-82.50503,28.0107423,-82.5049858,10160000,1.035,00507,SR 580,,R RIGHT,3 THRU LANE 3,S SOUTH,30 URBAN 6+LN 2WY DIVD RASD,03 STATE,02 INTERSECTION,01 ON ROADWAY,03 T-INTERSECTION,03 CURB,42,"February 17, 2020",14 URBAN PRIN ART OTHER,36,PAVED,4,CURB&GUTTER,2,,0,14,64000,RCI,2.6,,45,5 FATAL(WITHIN 30 DAYS) INJURY,31 Q/C COMPLETED - LOC VERIFIED,0 NO,02 AT INTERSECTION,01 DAYLIGHT,01 CLEAR,01 DRY,01 LEVEL,1 STRAIGHT,"TWO-WAY, DIVIDED, POSITIVE MED","TWO-WAY, DIVIDED, POSITIVE MED",NO CONTROLS,NO CONTROLS,6,NONE,NOT CODED,NOT CODED,NONE,NOT CODED,NOT CODED,14 MOTOR VEHICLE IN TRANSPORT,03 ANGLE,03 TURNING LEFT,FAILED TO YIELD RIGHT-OF-WAY,NO CONTRIBUTING ACTION,00 NOT CODED,00 NOT CODED,00 NOT CODED,00 NOT CODED,01 NO,2,1,2,0,2,0,2,3,N,N,N,Y,N,N,N,N,N,N,N,N,N,N,N,N,N,N,N,N,N,Y,Y,N,N,N,28.01072154,-82.505026946,352027.022725,3099302.904398,C,,ARBM15Q1R2,"January 7, 2023",2913109,-9184417.96798533,3250326.2518266626
2021885320480,2021,885320480,FHPC21OFF087450,FLORIDA HIGHWAY PATROL,07 SEVENTH,HILLSBOROUGH,"August 21, 2021",1709,SUNDAY,1050 TAMPA,0350,N,I 275,ROME AVE,0.019,E,27.9561512,-82.4757417,27.9554284,-82.4760966,10190000,5.655,02683,SR 93,I 275,M MEDIAN,M MIDDLE,S SOUTH,01 INTERSTATE URBAN,01 INTERSTATE,01 NON-JUNCTION,01 ON ROADWAY,01 NOT AT INTERSECTION,01 PAVED,27,"May 11, 2020",11 URBAN PRIN ART INT.,60,PAVED WARN,12,,0,,0,186,226000,RCI,6.8,,55,3 NO-INCAPACITATING INJURY,31 Q/C COMPLETED - LOC VERIFIED,0 NO,01 NOT AT INTERSECTION/RRX/BRIDGE,01 DAYLIGHT,01 CLEAR,01 DRY,01 LEVEL,1 STRAIGHT,"TWO-WAY, DIVIDED, POSITIVE MED",,NO CONTROLS,NOT CODED,9,NONE,NOT CODED,NOT CODED,NONE,NOT CODED,NOT CODED,27 GUARDRAIL FACE,77 OTHER (SEE NARRATIVE),88 UNKNOWN,OTHER CONTRIBUTING ACTION,NOT CODED,00 NOT CODED,00 NOT CODED,00 NOT CODED,00 NOT CODED,01 NO,2,0,0,0,1,0,1,2,N,N,N,N,Y,N,N,N,N,N,N,N,N,N,N,N,N,N,N,N,N,N,N,N,N,N,27.95543818,-82.476076646,354799.692362,3093142.964501,R,,ARBM15Q1R2,"January 7, 2023",2913110,-9181195.234093573,3243357.376478383