Crash Id,Calendar Year,FDOT Crash Number,Reporting Agency Case Number,Reporting Agency Type,FDOT Managing District,County Name,Crash Date,Crash Time,Day,DHSMV City,Crash Report City Code,In Town,On Roadway Name,Int Roadway Name,Reference Distance (Miles),Reference Direction,Officer Latitude,Officer Longitude,FDOT Latitude,FDOT Longitude,FDOT Roadway,Nearest Inventory MP,Nearest Node From Crash,State Road #,US Highway,Crash Side of Road,Accident Lane Number,Travel Direction Vehicle 1,FDOT Road Category,DHSMV Road System Id,Relation to Junction,Crash Harmful Event Location,Intersection Type,Shoulder Type,FDOT Roadway SKID Test Result,FDOT Roadway SKID Test Date,Functional Class,RCI Surface Width,RCI Shoulder Type First,RCI Shoulder Width First,RCI Shoulder Type Second,RCI Shoulder Width Second,RCI Shoulder Type Third,RCI Shoulder Width Third,RCI Median Width,Avg Daily Traffic,AADT Source,RCI Avg Per Truck Traffic,RCI Horiz Curve Condition,Posted Speed Limit,Highest Injury in Crash,CAR Status Code,Alcohols/Drug Involved,Site Location,Lighting,Weather,Road Surface,Roadway Grade,Roadway Alignment,Traffic Way Vehicle 1,Traffic Way Vehicle 2,Traffic Control Vehicle 1,Traffic Control Vehicle 2,Count of Lanes,Road Condition 1,Road Condition 2,Road Condition 3,Environment Condition 1,Environment Condition 2,Environment Condition 3,Crash Harmful Event,Manner of Collision,Vehicle Movement,Driver Action Vehicle 1,Driver Action Vehicle 2,Location Within Workzone,Type of Workzone,Workers Present in Workzone,Law Enforcement Present in Workzone,School Bus Related,Count of Nonfatal Injuries,Count of Traffic Fatalities,Count of Serious Injuries,Count of Pedestrians,Count of Drivers,Count of Bicyclists,Count of Vehicles,Count of Persons,Wrong Way,Workzone Inv,Commercial Vehicle Inv,Intersection Inv,Lane Departure,Speeding,Agressive Driving,Impaired Driver,Impaired Pedestrian,Impaired Bicyclist,Distracted Driver,Speeding or Aggressive Driving,Pedestrian Related,Bicyclist Related,Pedestrian or Bicyclist Related,Motorcycle Inv,No Belt,No Belt - Ages 1-4,No Belt - Ages 5-12,No Belt - Ages 13-17,Driver - Ages Teen,Driver - Ages 65 plus,Driver - Ages 65-69,Driver - Ages 70-74,Driver - Ages 75-79,Driver - Ages 80 plus,ARBM Latitude,ARBM Longitude,UTM Zone 17N X,UTM Zone 17N Y,ARBM Side of Road,Urban Rural Indicator,GIS Street Source,Extract Date,OBJECTID,x,y
2021885008710,2021,885008710,FHPC21OFF058206,FLORIDA HIGHWAY PATROL,07 SEVENTH,HILLSBOROUGH,"June 3, 2021",1925,FRIDAY,1050 TAMPA,0350,Y,I 4,22ND ST,0.066,E,27.9645499,-82.4315699,27.9646163,-82.4334128,10190000,8.56,05953,SR 400,I 4,M MEDIAN,M MIDDLE,W WEST,01 INTERSTATE URBAN,01 INTERSTATE,01 NON-JUNCTION,02 OFF ROADWAY,01 NOT AT INTERSECTION,01 PAVED,29,"May 11, 2020",11 URBAN PRIN ART INT.,48,PAVED WARN,10,,0,,0,316,163000,RCI,8.7,,55,1 NO INJURY,31 Q/C COMPLETED - LOC VERIFIED,0 NO,01 NOT AT INTERSECTION/RRX/BRIDGE,02 DUSK,03 RAIN,02 WET,01 LEVEL,1 STRAIGHT,"TWO-WAY, DIVIDED, POSITIVE MED",,NO CONTROLS,NOT CODED,8,"RD SURFC (WET, ICY, SNOW, ETC)",NOT CODED,NOT CODED,NONE,NOT CODED,NOT CODED,27 GUARDRAIL FACE,77 OTHER (SEE NARRATIVE),01 STRAIGHT AHEAD,DROVE TOO FAST FOR CONDITIONS,NOT CODED,00 NOT CODED,00 NOT CODED,00 NOT CODED,00 NOT CODED,01 NO,0,0,0,0,1,0,1,1,N,N,N,N,Y,Y,N,N,N,N,Y,Y,N,N,N,N,N,N,N,N,Y,N,N,N,N,N,27.964624778,-82.433418172,359008.410281,3094110.821883,R,,ARBM15Q1R2,"January 7, 2023",2913112,-9176446.513189463,3244515.167700545
2021885358680,2021,885358680,FHPC21OFF085813,FLORIDA HIGHWAY PATROL,07 SEVENTH,HILLSBOROUGH,"August 17, 2021",0724,WEDNESDAY,1050 TAMPA,0350,N,I 75,I 4,0.5,N,28.0120135,-82.3287868,28.0105333,-82.3277697,10075000,27.634,04490,SR 93A,I 75,L LEFT,S SIDE OF ROAD,S SOUTH,01 INTERSTATE URBAN,01 INTERSTATE,01 NON-JUNCTION,02 OFF ROADWAY,01 NOT AT INTERSECTION,01 PAVED,25,"March 17, 2020",11 URBAN PRIN ART INT.,36,PAVED WARN,12,,0,,0,88,148000,RCI,8.3,,70,1 NO INJURY,31 Q/C COMPLETED - LOC VERIFIED,0 NO,01 NOT AT INTERSECTION/RRX/BRIDGE,01 DAYLIGHT,01 CLEAR,01 DRY,01 LEVEL,1 STRAIGHT,"TWO-WAY, DIVIDED, POSITIVE MED",,NO CONTROLS,NOT CODED,6,NONE,NOT CODED,NOT CODED,NONE,NOT CODED,NOT CODED,34 TRAFFIC SIGN SUPPORT,77 OTHER (SEE NARRATIVE),01 STRAIGHT AHEAD,SWERVED OR AVOIDED:  DUE TO WI,NOT CODED,00 NOT CODED,00 NOT CODED,00 NOT CODED,00 NOT CODED,01 NO,0,0,0,0,1,0,1,1,N,N,N,N,Y,N,N,N,N,N,N,N,N,N,N,N,N,N,N,N,N,N,N,N,N,N,28.010175259,-82.32815452,369418.181334,3099040.395863,L,,ARBM15Q1R2,"January 7, 2023",2913158,-9164728.613919858,3250257.3721887707
2021245791550,2021,245791550,2021-443020,COUNTY SHERIFF'S OFFICE,07 SEVENTH,HILLSBOROUGH,"October 18, 2021",0024,TUESDAY,1050 TAMPA,0350,Y,US 41,SR 400,0.005,S,27.967371,-82.4016,27.9657042,-82.4140455,10005000,0.752,00294,SR 569,,R RIGHT,1 THRU LANE 1,N NORTH,30 URBAN 6+LN 2WY DIVD RASD,05 LOCAL,18 THROUGH ROADWAY,01 ON ROADWAY,02 FOUR-WAY INTERSECTION,03 CURB,42,"October 1, 2019",16 URBAN MINOR ART,22,PAVED,4,CURB&GUTTER,2,,0,18,23700,RCI,11.3,,40,4 INCAPACITATING INJURY,31 Q/C COMPLETED - LOC VERIFIED,0 NO,03 INFLUENCED BY INTERSECTION,04 DARK-LIGHTED,01 CLEAR,01 DRY,01 LEVEL,1 STRAIGHT,"TWO-WAY, DIVIDED, POSITIVE MED","TWO-WAY, DIVIDED, POSITIVE MED",TRAFFIC CONTROL SIGNAL,TRAFFIC CONTROL SIGNAL,5,NONE,NOT CODED,NOT CODED,NONE,NOT CODED,NOT CODED,14 MOTOR VEHICLE IN TRANSPORT,01 FRONT TO REAR,01 STRAIGHT AHEAD,OPERATED MV IN CARLESS OR NEGL,NO CONTRIBUTING ACTION,00 NOT CODED,00 NOT CODED,00 NOT CODED,00 NOT CODED,01 NO,2,0,1,0,2,0,2,2,N,N,N,Y,N,N,N,N,N,N,N,N,N,N,N,N,Y,N,N,N,N,N,N,N,N,N,27.965694531,-82.41405661,360914.412947,3094207.14563,R,,ARBM15Q1R2,"January 7, 2023",2913414,-9174291.193455739,3244649.9954758924
2021245791730,2021,245791730,2021-452895,COUNTY SHERIFF'S OFFICE,07 SEVENTH,HILLSBOROUGH,"October 24, 2021",2000,MONDAY,1050 TAMPA,0350,Y,ADAMO DR E,MAYDELL DR,0.003,E,27.951967,-82.38078,27.9520504,-82.3852577,10110000,3.11,01438,SR 60,,R RIGHT,S SIDE OF ROAD,E EAST,23 SUBURBAN 4-5LN 2WY DIVD RASD,09 PARKING LOT,01 NON-JUNCTION,02 OFF ROADWAY,01 NOT AT INTERSECTION,01 PAVED,30,"May 19, 2020",14 URBAN PRIN ART OTHER,25,PAVED,5,LAWN,8,,0,40,27937,RCI,8.3,,50,1 NO INJURY,31 Q/C COMPLETED - LOC VERIFIED,1 ALC,01 NOT AT INTERSECTION/RRX/BRIDGE,04 DARK-LIGHTED,02 CLOUDY,01 DRY,01 LEVEL,1 STRAIGHT,"TWO-WAY, DIVIDED, UNPROTECTED",,NO CONTROLS,NOT CODED,4,NONE,NOT CODED,NOT CODED,NONE,NOT CODED,NOT CODED,23 CULVERT,00 NOT CODED,16 LEAVING TRAFFIC LANE,OPERATED MV IN CARLESS OR NEGL,NOT CODED,00 NOT CODED,00 NOT CODED,00 NOT CODED,00 NOT CODED,01 NO,0,0,0,0,1,0,1,1,N,N,N,N,Y,N,N,Y,N,N,N,N,N,N,N,N,N,N,N,N,N,N,N,N,N,N,27.952045579,-82.385234794,363732.476575,3092662.455576,R,,ARBM15Q1R2,"January 7, 2023",2913415,-9171082.762520505,3242929.8307208023
2021245796790,2021,245796790,2021-467347,COUNTY SHERIFF'S OFFICE,07 SEVENTH,HILLSBOROUGH,"November 4, 2021",2349,FRIDAY,1050 TAMPA,0350,Y,MEMORIAL HWY,GEORGE J BEAN PKWY,0.158,N,27.95927,-82.539388,27.9515374,-82.5340989,10270003,0.493,06526,SR 60,,R RIGHT,S SIDE OF ROAD,N NORTH,34 SUBURBAN 6+LN 2WY DIVD PAVD,01 INTERSTATE,01 NON-JUNCTION,01 ON ROADWAY,01 NOT AT INTERSECTION,01 PAVED,36,"April 4, 2021",14 URBAN PRIN ART OTHER,36,PAVED,9,VALLEY GUTR,4,,0,7,132000,RCI,8.3,,50,1 NO INJURY,31 Q/C COMPLETED - LOC VERIFIED,0 NO,01 NOT AT INTERSECTION/RRX/BRIDGE,04 DARK-LIGHTED,03 RAIN,02 WET,05 SAG (BOTTOM),3 CURVE LEFT,ONE-WAY TRAFFICWAY,,NO CONTROLS,NOT CODED,7,"RD SURFC (WET, ICY, SNOW, ETC)",NOT CODED,NOT CODED,NONE,NOT CODED,NOT CODED,27 GUARDRAIL FACE,00 NOT CODED,15 NEGOTIATING A CURVE,DROVE TOO FAST FOR CONDITIONS,NOT CODED,00 NOT CODED,00 NOT CODED,00 NOT CODED,00 NOT CODED,01 NO,0,0,0,0,1,0,1,1,N,N,N,N,Y,Y,N,N,N,N,N,Y,N,N,N,N,N,N,N,N,N,N,N,N,N,N,27.951528941,-82.534095018,349086.285395,3092780.139746,R,,ARBM15Q1R2,"January 7, 2023",2913416,-9187653.8115601,3242864.7229832257
2021245796820,2021,245796820,2021-467401,COUNTY SHERIFF'S OFFICE,07 SEVENTH,HILLSBOROUGH,"November 4, 2021",0130,FRIDAY,1050 TAMPA,0350,Y,COURTNEY CAMPBELL,SR 589 ENT,0.028,W,27.967975,-82.548528,27.9672797,-82.547317,10140103,0.24,06469,SR 60,,L LEFT,S SIDE OF ROAD,N NORTH,41 SUBURBAN ONE WAY,09 PARKING LOT,14 ENTRANCE/EXIT RAMP,02 OFF ROADWAY,01 NOT AT INTERSECTION,01 PAVED,32,"August 4, 2020",14 URBAN PRIN ART OTHER,36,PAVED,7,LAWN,12,,0,,10500,RCI,8.1,9D25,50,0 UNKNOWN/NOT CODED,31 Q/C COMPLETED - LOC VERIFIED,0 NO,01 NOT AT INTERSECTION/RRX/BRIDGE,04 DARK-LIGHTED,03 RAIN,02 WET,03 UPHILL,3 CURVE LEFT,ONE-WAY TRAFFICWAY,,NO CONTROLS,NOT CODED,3,"RD SURFC (WET, ICY, SNOW, ETC)",NOT CODED,NOT CODED,UNKNOWN,NOT CODED,NOT CODED,26 EMBANKMENT,00 NOT CODED,15 NEGOTIATING A CURVE,NOT CODED,NOT CODED,00 NOT CODED,00 NOT CODED,00 NOT CODED,00 NOT CODED,01 NO,0,0,0,0,1,0,1,1,N,N,N,N,Y,N,N,N,N,N,N,N,N,N,N,N,N,N,N,N,N,N,N,N,N,N,27.967253629,-82.547352811,347803.962121,3094538.837221,O,,ARBM15Q1R2,"January 7, 2023",2913417,-9189129.662919145,3244846.5006012213
2021245783450,2021,245783450,2021-427991,COUNTY SHERIFF'S OFFICE,07 SEVENTH,HILLSBOROUGH,"October 7, 2021",1654,FRIDAY,1050 TAMPA,0350,Y,50TH ST N,BUSCH BLVD E,0.009,N,28.032811,-82.401611,28.0325698,-82.4017403,10310000,6.358,00898,SR 580,,T SIDE RD LEFT,S SIDE OF ROAD,0,30 URBAN 6+LN 2WY DIVD RASD,05 LOCAL,02 INTERSECTION,02 OFF ROADWAY,02 FOUR-WAY INTERSECTION,03 CURB,35,"October 2, 2019",14 URBAN PRIN ART OTHER,36,CURB&GUTTER,2,,0,,0,16,39500,RCI,3.4,,45,0 UNKNOWN/NOT CODED,31 Q/C COMPLETED - LOC VERIFIED,0 NO,01 NOT AT INTERSECTION/RRX/BRIDGE,01 DAYLIGHT,01 CLEAR,01 DRY,01 LEVEL,1 STRAIGHT,"TWO-WAY, NOT DIVIDED",,TRAFFIC CONTROL SIGNAL,NOT CODED,6,NONE,NOT CODED,NOT CODED,NONE,NOT CODED,NOT CODED,"39 OTHER FIXED OBJECT (WALL, BUIL",00 NOT CODED,88 UNKNOWN,NOT CODED,NOT CODED,00 NOT CODED,00 NOT CODED,00 NOT CODED,00 NOT CODED,01 NO,0,0,0,0,1,0,1,1,N,N,N,N,N,N,N,N,N,N,N,N,N,N,N,N,N,N,N,N,N,N,N,N,N,N,28.032634805,-82.401731674,362212.020046,3101609.738484,C,,ARBM15Q1R2,"January 7, 2023",2913421,-9172919.18763105,3253089.570494576
2021245787690,2021,245787690,2021-441313,COUNTY SHERIFF'S OFFICE,07 SEVENTH,HILLSBOROUGH,"October 16, 2021",2020,SUNDAY,1050 TAMPA,0350,Y,GANDY BLVD W,CULBREATH KEY APTS,0.407,W,27.883911,-82.56623,27.8922494,-82.5366876,10130000,3.131,03667,SR 600,US 92,L LEFT,1 THRU LANE 1,W WEST,20 URBAN 4-5LN 2WY DIVD RASD,03 STATE,01 NON-JUNCTION,01 ON ROADWAY,01 NOT AT INTERSECTION,01 PAVED,36,"September 13, 2015",14 URBAN PRIN ART OTHER,24,CURB&GUTTER,2,LAWN,10,,0,48,35500,RCI,4.9,0D30,55,4 INCAPACITATING INJURY,31 Q/C COMPLETED - LOC VERIFIED,0 NO,01 NOT AT INTERSECTION/RRX/BRIDGE,04 DARK-LIGHTED,01 CLEAR,01 DRY,01 LEVEL,1 STRAIGHT,ONE-WAY TRAFFICWAY,ONE-WAY TRAFFICWAY,NO CONTROLS,NO CONTROLS,4,NONE,NOT CODED,NOT CODED,NONE,NOT CODED,NOT CODED,14 MOTOR VEHICLE IN TRANSPORT,01 FRONT TO REAR,01 STRAIGHT AHEAD,OPERATED MV IN CARLESS OR NEGL,NO CONTRIBUTING ACTION,00 NOT CODED,00 NOT CODED,00 NOT CODED,00 NOT CODED,01 NO,2,0,1,0,3,0,3,3,N,N,N,N,N,N,N,N,N,N,N,N,N,N,N,Y,N,N,N,N,N,N,N,N,N,N,27.892411479,-82.536828409,348735.067221,3086233.516537,L,,ARBM15Q1R2,"January 7, 2023",2913422,-9187958.091197751,3235416.747255056
2021245821760,2021,245821760,2021-539444,COUNTY SHERIFF'S OFFICE,07 SEVENTH,HILLSBOROUGH,"December 28, 2021",2045,WEDNESDAY,1050 TAMPA,0350,Y,TAMPA ST N,SCOTT ST,0,,27.956347,-82.460972,27.9563855,-82.4609219,10020101,2.547,02540,SR 685,USB 41,I INTERSECTION,M MIDDLE,S SOUTH,40 URBAN ONE WAY,05 LOCAL,02 INTERSECTION,01 ON ROADWAY,02 FOUR-WAY INTERSECTION,03 CURB,41,"February 14, 2021",16 URBAN MINOR ART,33,PAVED WARN,2,RAISED CURB,0,,0,,6300,RCI,4.7,,30,2 POSSIBLE INJURY,31 Q/C COMPLETED - LOC VERIFIED,0 NO,02 AT INTERSECTION,04 DARK-LIGHTED,01 CLEAR,01 DRY,01 LEVEL,1 STRAIGHT,ONE-WAY TRAFFICWAY,ONE-WAY TRAFFICWAY,TRAFFIC CONTROL SIGNAL,TRAFFIC CONTROL SIGNAL,3,NONE,NOT CODED,NOT CODED,NONE,NOT CODED,NOT CODED,14 MOTOR VEHICLE IN TRANSPORT,03 ANGLE,01 STRAIGHT AHEAD,RAN RED LIGHT,NO CONTRIBUTING ACTION,00 NOT CODED,00 NOT CODED,00 NOT CODED,00 NOT CODED,01 NO,1,0,0,0,2,0,2,5,N,N,N,Y,N,N,N,N,N,N,N,N,N,N,N,N,N,N,N,N,N,Y,N,N,Y,N,27.956418425,-82.460916597,356292.454332,3093233.646624,O,,ARBM15Q1R2,"January 7, 2023",2913436,-9179507.624791143,3243480.9125575707
2021245821810,2021,245821810,2021-537178,COUNTY SHERIFF'S OFFICE,07 SEVENTH,HILLSBOROUGH,"December 27, 2021",0110,TUESDAY,1050 TAMPA,0350,Y,HILLSBOROUGH AVE W,FLORIDA AVE,0.022,W,27.996102,-82.459835,27.9960967,-82.4599126,10150000,12.313,01162,SR 600,US 92,R RIGHT,S SIDE OF ROAD,E EAST,20 URBAN 4-5LN 2WY DIVD RASD,05 LOCAL,01 NON-JUNCTION,01 ON ROADWAY,01 NOT AT INTERSECTION,01 PAVED,36,"February 15, 2021",14 URBAN PRIN ART OTHER,24,PAVED,4,CURB&GUTTER,2,,0,24,50500,RCI,6.5,,40,1 NO INJURY,31 Q/C COMPLETED - LOC VERIFIED,0 NO,01 NOT AT INTERSECTION/RRX/BRIDGE,04 DARK-LIGHTED,01 CLEAR,01 DRY,01 LEVEL,1 STRAIGHT,"TWO-WAY, DIVIDED, POSITIVE MED","TWO-WAY, DIVIDED, POSITIVE MED",NO CONTROLS,NO CONTROLS,4,NONE,NOT CODED,NOT CODED,NONE,NOT CODED,NOT CODED,14 MOTOR VEHICLE IN TRANSPORT,03 ANGLE,17 ENTERING TRAFFIC LANE,FAILED TO YIELD RIGHT-OF-WAY,NO CONTRIBUTING ACTION,00 NOT CODED,00 NOT CODED,00 NOT CODED,00 NOT CODED,01 NO,0,0,0,0,2,0,2,3,N,N,N,N,N,N,N,N,N,N,N,N,N,N,N,N,N,N,N,N,N,N,N,N,N,N,27.996089562,-82.459893687,356445.636683,3097627.808293,R,,ARBM15Q1R2,"January 7, 2023",2913437,-9179393.755023587,3248481.435435452
2021885310870,2021,885310870,FHPC21OFF072978,FLORIDA HIGHWAY PATROL,07 SEVENTH,HILLSBOROUGH,"July 12, 2021",1501,TUESDAY,1050 TAMPA,0350,Y,SR 618,WILLOW AVE,0.095,W,27.9416916,-82.4746688,27.9418952,-82.4743857,10002000,4.028,04794,SR 618,,M MEDIAN,M MIDDLE,E EAST,03 TOLL ROAD URBAN,03 STATE,18 THROUGH ROADWAY,04 MEDIAN,01 NOT AT INTERSECTION,01 PAVED,34,"September 17, 2018",12 URBAN PRIN ART EXPR.,24,PAVED WARN,6,VALLEY GUTR,4,,0,39,56500,RCI,8,4D00,55,1 NO INJURY,31 Q/C COMPLETED - LOC VERIFIED,0 NO,01 NOT AT INTERSECTION/RRX/BRIDGE,01 DAYLIGHT,01 CLEAR,01 DRY,01 LEVEL,2 CURVE RIGHT,"TWO-WAY, DIVIDED, POSITIVE MED",,NO CONTROLS,NOT CODED,4,NONE,NOT CODED,NOT CODED,NONE,NOT CODED,NOT CODED,30 CONCRETE TRAFFIC BARRIER,77 OTHER (SEE NARRATIVE),15 NEGOTIATING A CURVE,FAILED TO KEEP IN PROPER LANE,NOT CODED,00 NOT CODED,00 NOT CODED,00 NOT CODED,00 NOT CODED,01 NO,0,0,0,0,1,0,1,1,N,N,Y,N,Y,N,N,N,N,N,N,N,N,N,N,N,N,N,N,N,N,Y,Y,N,N,N,27.942024298,-82.474190411,354967.336854,3091654.53315,R,,ARBM15Q1R2,"January 7, 2023",2913612,-9180985.259228846,3241666.995971684
2021885311210,2021,885311210,FHPC21OFF087812,FLORIDA HIGHWAY PATROL,07 SEVENTH,HILLSBOROUGH,"August 22, 2021",1752,MONDAY,1050 TAMPA,0350,Y,I 275,SR 574,0.5,N,27.9860657,-82.4537898,27.9890145,-82.453496,10320000,1.966,02835,SR 93,I 275,L LEFT,S SIDE OF ROAD,S SOUTH,01 INTERSTATE URBAN,01 INTERSTATE,01 NON-JUNCTION,03 SHOULDER,01 NOT AT INTERSECTION,01 PAVED,26,"February 14, 2021",11 URBAN PRIN ART INT.,36,PAVED WARN,8,VALLEY GUTR,4,,0,44,167000,RCI,5.5,,55,1 NO INJURY,31 Q/C COMPLETED - LOC VERIFIED,0 NO,01 NOT AT INTERSECTION/RRX/BRIDGE,01 DAYLIGHT,03 RAIN,02 WET,01 LEVEL,1 STRAIGHT,"TWO-WAY, DIVIDED, POSITIVE MED",,NO CONTROLS,NOT CODED,6,"RD SURFC (WET, ICY, SNOW, ETC)",NOT CODED,NOT CODED,WEATHER CONDITIONS,NOT CODED,NOT CODED,27 GUARDRAIL FACE,77 OTHER (SEE NARRATIVE),01 STRAIGHT AHEAD,OVER-CORRECTING/OVERSTEERING,NOT CODED,00 NOT CODED,00 NOT CODED,00 NOT CODED,00 NOT CODED,01 NO,0,0,0,0,1,0,1,2,N,N,Y,N,Y,N,N,N,N,N,N,N,N,N,N,N,N,N,N,N,N,N,N,N,N,N,27.988935326,-82.453744337,357040.946643,3096827.934557,L,,ARBM15Q1R2,"January 7, 2023",2913618,-9178709.21233468,3247579.5124621885
2021883190130,2021,883190130,FHPC21OFF122651,FLORIDA HIGHWAY PATROL,07 SEVENTH,HILLSBOROUGH,"November 24, 2021",0250,THURSDAY,1050 TAMPA,0350,N,SR 618,US 41,0.164,E,27.9498399,-82.40173,27.9297831,-82.347971,10002000,13.152,04373,SR 618,,M MEDIAN,M MIDDLE,E EAST,03 TOLL ROAD URBAN,01 INTERSTATE,01 NON-JUNCTION,02 OFF ROADWAY,01 NOT AT INTERSECTION,01 PAVED,43,"May 19, 2020",12 URBAN PRIN ART EXPR.,24,PAVED,10,VALLEY GUTR,4,,0,97,65000,RCI,8,,65,5 FATAL(WITHIN 30 DAYS) INJURY,31 Q/C COMPLETED - LOC VERIFIED,2 DRG,01 NOT AT INTERSECTION/RRX/BRIDGE,04 DARK-LIGHTED,01 CLEAR,01 DRY,01 LEVEL,1 STRAIGHT,ONE-WAY TRAFFICWAY,,NO CONTROLS,NOT CODED,4,NONE,NOT CODED,NOT CODED,NONE,NOT CODED,NOT CODED,30 CONCRETE TRAFFIC BARRIER,77 OTHER (SEE NARRATIVE),01 STRAIGHT AHEAD,OPERATED MV IN CARLESS OR NEGL,NOT CODED,00 NOT CODED,00 NOT CODED,00 NOT CODED,00 NOT CODED,01 NO,0,1,0,0,1,0,1,1,N,N,N,N,Y,N,N,N,N,N,N,N,N,N,N,N,Y,N,N,N,N,N,N,N,N,N,27.929782469,-82.347941272,367374.286097,3090154.865267,R,,ARBM15Q1R2,"January 7, 2023",2913710,-9166931.265390236,3240124.4979585838
2021884823720,2021,884823720,FHPC21OFF101892,FLORIDA HIGHWAY PATROL,07 SEVENTH,HILLSBOROUGH,"September 30, 2021",0552,FRIDAY,1050 TAMPA,0350,N,SR 618,US 41,0.019,W,27.9495092,-82.4024789,27.9494566,-82.4019097,10002031,0.227,02882,SR 618,,R RIGHT,X RAMP,E EAST,08 RAMP RURAL,03 STATE,14 ENTRANCE/EXIT RAMP,03 SHOULDER,01 NOT AT INTERSECTION,01 PAVED,0,"December 31, 2000",,16,PAVED,5,RAISED CURB,12,,0,,5800,RCI,8.1,,,1 NO INJURY,31 Q/C COMPLETED - LOC VERIFIED,0 NO,08 EXIT RAMP,02 DUSK,77 OTHER (SEE NARRATIVE),88 UNKNOWN,01 LEVEL,3 CURVE LEFT,ONE-WAY TRAFFICWAY,,NO CONTROLS,NOT CODED,1,NONE,NOT CODED,NOT CODED,NONE,NOT CODED,NOT CODED,30 CONCRETE TRAFFIC BARRIER,88 UNKNOWN,88 UNKNOWN,FAILED TO KEEP IN PROPER LANE,NOT CODED,00 NOT CODED,00 NOT CODED,00 NOT CODED,00 NOT CODED,01 NO,0,0,0,0,1,0,1,1,N,N,N,N,Y,N,N,N,N,N,N,N,N,N,N,N,N,N,N,N,N,N,N,N,N,N,27.949484825,-82.401951725,362084.569541,3092397.496094,O,,ARBM15Q1R2,"January 7, 2023",2913766,-9172943.68332642,3242607.1254420136
2021885396410,2021,885396410,FHPC21OFF087160,FLORIDA HIGHWAY PATROL,07 SEVENTH,HILLSBOROUGH,"August 20, 2021",1840,SATURDAY,1050 TAMPA,0350,N,SR 618,78TH ST,0.25,E,27.95279,-82.41131,27.9477379,-82.3650656,10002000,11.405,02898,SR 618,,L LEFT,2 THRU LANE 2,W WEST,03 TOLL ROAD URBAN,06 TURNPIKE/TOLL,01 NON-JUNCTION,01 ON ROADWAY,01 NOT AT INTERSECTION,01 PAVED,43,"May 19, 2020",12 URBAN PRIN ART EXPR.,36,PAVED,10,LAWN,12,,0,172,73000,RCI,7.1,1D20,65,2 POSSIBLE INJURY,31 Q/C COMPLETED - LOC VERIFIED,0 NO,01 NOT AT INTERSECTION/RRX/BRIDGE,01 DAYLIGHT,03 RAIN,02 WET,01 LEVEL,1 STRAIGHT,"TWO-WAY, DIVIDED, POSITIVE MED","TWO-WAY, DIVIDED, POSITIVE MED",NO CONTROLS,NO CONTROLS,5,NONE,NOT CODED,NOT CODED,NONE,NOT CODED,NOT CODED,14 MOTOR VEHICLE IN TRANSPORT,01 FRONT TO REAR,06 CHANGING LANES,DISREGARDED OTHER ROAD MARKING,NO CONTRIBUTING ACTION,00 NOT CODED,00 NOT CODED,00 NOT CODED,00 NOT CODED,01 NO,5,0,0,0,3,0,3,5,N,N,N,N,Y,Y,Y,N,N,N,N,Y,N,N,N,N,N,N,N,N,N,N,N,N,N,N,27.948114445,-82.364903207,365727.875111,3092204.411168,L,,ARBM15Q1R2,"January 7, 2023",2913780,-9168819.459977577,3242434.433970983
2021885567000,2021,885567000,FHPC21OFF095591,FLORIDA HIGHWAY PATROL,07 SEVENTH,HILLSBOROUGH,"September 13, 2021",0650,TUESDAY,1050 TAMPA,0350,Y,I 275,WESTSHORE BLVD,0.057,E,27.95063,-82.5150299,27.9504767,-82.5229097,10190000,2.698,01917,SR 93,I 275,L LEFT,4 THRU LANE 4,W WEST,01 INTERSTATE URBAN,01 INTERSTATE,01 NON-JUNCTION,01 ON ROADWAY,01 NOT AT INTERSECTION,01 PAVED,36,"September 17, 2018",11 URBAN PRIN ART INT.,60,PAVED WARN,13,,0,,0,37,199500,RCI,6.8,1D30,55,2 POSSIBLE INJURY,31 Q/C COMPLETED - LOC VERIFIED,0 NO,01 NOT AT INTERSECTION/RRX/BRIDGE,04 DARK-LIGHTED,01 CLEAR,01 DRY,01 LEVEL,1 STRAIGHT,"TWO-WAY, DIVIDED, POSITIVE MED","TWO-WAY, DIVIDED, POSITIVE MED",NO CONTROLS,NO CONTROLS,8,NONE,NOT CODED,NOT CODED,NONE,NOT CODED,NOT CODED,14 MOTOR VEHICLE IN TRANSPORT,"04 SIDESWIPE, SAME DIRECTION",06 CHANGING LANES,FAILED TO KEEP IN PROPER LANE,NO CONTRIBUTING ACTION,00 NOT CODED,00 NOT CODED,00 NOT CODED,00 NOT CODED,01 NO,1,0,0,0,2,0,2,2,N,N,N,N,Y,N,N,N,N,N,N,N,N,N,N,N,N,N,N,N,N,N,N,N,N,N,27.950601021,-82.523069248,350169.788213,3092663.761067,L,,ARBM15Q1R2,"January 7, 2023",2913798,-9186426.428210402,3242747.786693947