Crash Id,Calendar Year,FDOT Crash Number,Reporting Agency Case Number,Reporting Agency Type,FDOT Managing District,County Name,Crash Date,Crash Time,Day,DHSMV City,Crash Report City Code,In Town,On Roadway Name,Int Roadway Name,Reference Distance (Miles),Reference Direction,Officer Latitude,Officer Longitude,FDOT Latitude,FDOT Longitude,FDOT Roadway,Nearest Inventory MP,Nearest Node From Crash,State Road #,US Highway,Crash Side of Road,Accident Lane Number,Travel Direction Vehicle 1,FDOT Road Category,DHSMV Road System Id,Relation to Junction,Crash Harmful Event Location,Intersection Type,Shoulder Type,FDOT Roadway SKID Test Result,FDOT Roadway SKID Test Date,Functional Class,RCI Surface Width,RCI Shoulder Type First,RCI Shoulder Width First,RCI Shoulder Type Second,RCI Shoulder Width Second,RCI Shoulder Type Third,RCI Shoulder Width Third,RCI Median Width,Avg Daily Traffic,AADT Source,RCI Avg Per Truck Traffic,RCI Horiz Curve Condition,Posted Speed Limit,Highest Injury in Crash,CAR Status Code,Alcohols/Drug Involved,Site Location,Lighting,Weather,Road Surface,Roadway Grade,Roadway Alignment,Traffic Way Vehicle 1,Traffic Way Vehicle 2,Traffic Control Vehicle 1,Traffic Control Vehicle 2,Count of Lanes,Road Condition 1,Road Condition 2,Road Condition 3,Environment Condition 1,Environment Condition 2,Environment Condition 3,Crash Harmful Event,Manner of Collision,Vehicle Movement,Driver Action Vehicle 1,Driver Action Vehicle 2,Location Within Workzone,Type of Workzone,Workers Present in Workzone,Law Enforcement Present in Workzone,School Bus Related,Count of Nonfatal Injuries,Count of Traffic Fatalities,Count of Serious Injuries,Count of Pedestrians,Count of Drivers,Count of Bicyclists,Count of Vehicles,Count of Persons,Wrong Way,Workzone Inv,Commercial Vehicle Inv,Intersection Inv,Lane Departure,Speeding,Agressive Driving,Impaired Driver,Impaired Pedestrian,Impaired Bicyclist,Distracted Driver,Speeding or Aggressive Driving,Pedestrian Related,Bicyclist Related,Pedestrian or Bicyclist Related,Motorcycle Inv,No Belt,No Belt - Ages 1-4,No Belt - Ages 5-12,No Belt - Ages 13-17,Driver - Ages Teen,Driver - Ages 65 plus,Driver - Ages 65-69,Driver - Ages 70-74,Driver - Ages 75-79,Driver - Ages 80 plus,ARBM Latitude,ARBM Longitude,UTM Zone 17N X,UTM Zone 17N Y,ARBM Side of Road,Urban Rural Indicator,GIS Street Source,Extract Date,OBJECTID,x,y
2021885567070,2021,885567070,FHPC21OFF097561,FLORIDA HIGHWAY PATROL,07 SEVENTH,HILLSBOROUGH,"September 18, 2021",0825,SUNDAY,1050 TAMPA,0350,Y,I 4,I 275,0.009,N,27.9649158,-82.4527354,27.9648866,-82.4527186,10190452,0.064,05987,SR 400,I 4,L LEFT,X RAMP,S SOUTH,08 RAMP RURAL,01 INTERSTATE,01 NON-JUNCTION,03 SHOULDER,01 NOT AT INTERSECTION,01 PAVED,0,"December 31, 2000",,15,PAVED,11,,0,,0,,6500,RCI,8.1,,,1 NO INJURY,31 Q/C COMPLETED - LOC VERIFIED,0 NO,08 EXIT RAMP,01 DAYLIGHT,02 CLOUDY,02 WET,01 LEVEL,1 STRAIGHT,"TWO-WAY, DIVIDED, POSITIVE MED",,NO CONTROLS,NOT CODED,1,NONE,NOT CODED,NOT CODED,NONE,NOT CODED,NOT CODED,27 GUARDRAIL FACE,77 OTHER (SEE NARRATIVE),01 STRAIGHT AHEAD,FAILED TO KEEP IN PROPER LANE,NOT CODED,00 NOT CODED,00 NOT CODED,00 NOT CODED,00 NOT CODED,01 NO,0,0,0,0,1,0,1,1,N,N,N,N,Y,N,N,N,N,N,N,N,N,N,N,N,N,N,N,N,N,N,N,N,N,N,27.96489399,-82.452743932,357107.647098,3094163.107301,O,,ARBM15Q1R2,"January 7, 2023",2913799,-9178597.847610224,3244549.0979877156
2021885239510,2021,885239510,FHPC21OFF069581,FLORIDA HIGHWAY PATROL,07 SEVENTH,HILLSBOROUGH,"July 2, 2021",1924,SATURDAY,1050 TAMPA,0350,Y,SR 618,TAMPA ST S,0.076,W,27.9445481,-82.457303,27.9439981,-82.4565239,10002015,0.076,04827,SR 618,,L LEFT,X RAMP,S SOUTH,08 RAMP RURAL,03 STATE,14 ENTRANCE/EXIT RAMP,03 SHOULDER,01 NOT AT INTERSECTION,03 CURB,0,"December 31, 2000",,15,PAVED,1,CURB&GUTTER,2,,0,,2900,RCI,8.3,,,2 POSSIBLE INJURY,31 Q/C COMPLETED - LOC VERIFIED,3 A/D,07 ENTRANCE RAMP,02 DUSK,02 CLOUDY,02 WET,03 UPHILL,3 CURVE LEFT,ONE-WAY TRAFFICWAY,,NO CONTROLS,NOT CODED,1,NONE,NOT CODED,NOT CODED,NONE,NOT CODED,NOT CODED,24 CURB,77 OTHER (SEE NARRATIVE),15 NEGOTIATING A CURVE,OPERATED MV IN CARLESS OR NEGL,NOT CODED,00 NOT CODED,00 NOT CODED,00 NOT CODED,00 NOT CODED,01 NO,1,0,0,0,1,0,1,1,N,N,N,N,Y,N,N,Y,N,N,N,N,N,N,N,N,N,N,N,N,N,N,N,N,N,N,27.943993422,-82.456496131,356710.934366,3091851.832547,O,,ARBM15Q1R2,"January 7, 2023",2914009,-9179015.540416544,3241915.126374261
2021884815440,2021,884815440,FHPC21OFF049452,FLORIDA HIGHWAY PATROL,07 SEVENTH,HILLSBOROUGH,"May 12, 2021",0106,THURSDAY,1050 TAMPA,0350,N,I 275,SR 580,1,N,28.0417779,-82.4549855,28.0478255,-82.4547836,10320000,6.04,02818,SR 93,I 275,L LEFT,2 THRU LANE 2,S SOUTH,01 INTERSTATE URBAN,01 INTERSTATE,01 NON-JUNCTION,01 ON ROADWAY,01 NOT AT INTERSECTION,01 PAVED,26,"February 14, 2021",11 URBAN PRIN ART INT.,36,PAVED,10,LAWN,12,,0,20,147000,RCI,5.2,,60,1 NO INJURY,31 Q/C COMPLETED - LOC VERIFIED,0 NO,01 NOT AT INTERSECTION/RRX/BRIDGE,04 DARK-LIGHTED,01 CLEAR,01 DRY,01 LEVEL,1 STRAIGHT,"TWO-WAY, DIVIDED, POSITIVE MED","TWO-WAY, DIVIDED, POSITIVE MED",NO CONTROLS,NO CONTROLS,6,NONE,NOT CODED,NOT CODED,NONE,NOT CODED,NOT CODED,14 MOTOR VEHICLE IN TRANSPORT,03 ANGLE,01 STRAIGHT AHEAD,OPERATED MV IN CARLESS OR NEGL,NO CONTRIBUTING ACTION,00 NOT CODED,00 NOT CODED,00 NOT CODED,00 NOT CODED,01 NO,0,0,0,0,2,0,2,2,N,N,N,N,Y,N,N,N,N,N,N,N,N,N,N,N,N,N,N,N,N,N,N,N,N,N,28.047447978,-82.454966596,356998.087857,3103312.306252,L,,ARBM15Q1R2,"January 7, 2023",2914089,-9178845.273740932,3254957.867712951
2021884815520,2021,884815520,FHPC21OFF051628,FLORIDA HIGHWAY PATROL,07 SEVENTH,HILLSBOROUGH,"May 17, 2021",2108,TUESDAY,1050 TAMPA,0350,Y,I 275,HILLSBOROUGH AVE W,1,S,27.9914181,-82.4535007,27.9813736,-82.4535933,10320000,1.44,02921,SR 93,I 275,M MEDIAN,M MIDDLE,N NORTH,01 INTERSTATE URBAN,01 INTERSTATE,01 NON-JUNCTION,04 MEDIAN,01 NOT AT INTERSECTION,01 PAVED,26,"February 14, 2021",11 URBAN PRIN ART INT.,36,PAVED WARN,8,VALLEY GUTR,4,,0,44,153000,RCI,6.2,,55,1 NO INJURY,31 Q/C COMPLETED - LOC VERIFIED,0 NO,01 NOT AT INTERSECTION/RRX/BRIDGE,04 DARK-LIGHTED,01 CLEAR,01 DRY,01 LEVEL,1 STRAIGHT,"TWO-WAY, DIVIDED, POSITIVE MED",,NO CONTROLS,NOT CODED,6,NONE,NOT CODED,NOT CODED,NONE,NOT CODED,NOT CODED,30 CONCRETE TRAFFIC BARRIER,77 OTHER (SEE NARRATIVE),16 LEAVING TRAFFIC LANE,RAN OFF ROADWAY,NOT CODED,00 NOT CODED,00 NOT CODED,00 NOT CODED,00 NOT CODED,01 NO,0,0,0,0,1,0,1,3,N,N,N,N,Y,N,N,N,N,N,N,N,N,N,N,N,N,N,N,N,Y,N,N,N,N,N,27.98135002,-82.45358962,357046.156137,3095987.339468,R,,ARBM15Q1R2,"January 7, 2023",2914090,-9178691.989254214,3246623.3103808193
2021885008430,2021,885008430,FHPC21OFF048281,FLORIDA HIGHWAY PATROL,07 SEVENTH,HILLSBOROUGH,"May 8, 2021",2105,SUNDAY,1050 TAMPA,0350,Y,SR 93,SR 600,0.5,E,28.0030251,-82.453427,27.9558133,-82.4971169,10190000,4.387,04600,SR 93,I 275,L LEFT,3 THRU LANE 3,S SOUTH,01 INTERSTATE URBAN,01 INTERSTATE,01 NON-JUNCTION,01 ON ROADWAY,01 NOT AT INTERSECTION,01 PAVED,27,"May 11, 2020",11 URBAN PRIN ART INT.,48,PAVED WARN,6,,0,,0,165,208000,RCI,6.8,,55,3 NO-INCAPACITATING INJURY,31 Q/C COMPLETED - LOC VERIFIED,0 NO,01 NOT AT INTERSECTION/RRX/BRIDGE,04 DARK-LIGHTED,01 CLEAR,01 DRY,01 LEVEL,1 STRAIGHT,"TWO-WAY, DIVIDED, POSITIVE MED","TWO-WAY, DIVIDED, POSITIVE MED",NO CONTROLS,NO CONTROLS,8,NONE,NOT CODED,NOT CODED,NONE,NOT CODED,NOT CODED,37 FENCE,"04 SIDESWIPE, SAME DIRECTION",06 CHANGING LANES,FAILED TO KEEP IN PROPER LANE,NO CONTRIBUTING ACTION,00 NOT CODED,00 NOT CODED,00 NOT CODED,00 NOT CODED,01 NO,2,0,0,0,2,0,2,4,N,N,N,N,Y,N,N,N,N,N,Y,N,N,N,N,N,N,N,N,N,N,N,N,N,N,N,27.956060104,-82.497081495,352734.045281,3093237.011399,L,,ARBM15Q1R2,"January 7, 2023",2914095,-9183533.483835727,3243435.754683296
2021885008590,2021,885008590,FHPC21OFF053564,FLORIDA HIGHWAY PATROL,07 SEVENTH,HILLSBOROUGH,"May 22, 2021",2210,SUNDAY,1050 TAMPA,0350,Y,I 275,SR 582,0.047,S,28.04731,-82.45479,28.053869,-82.4547147,10320000,6.456,02795,SR 93,I 275,M MEDIAN,M MIDDLE,S SOUTH,01 INTERSTATE URBAN,01 INTERSTATE,01 NON-JUNCTION,04 MEDIAN,01 NOT AT INTERSECTION,01 PAVED,26,"February 14, 2021",11 URBAN PRIN ART INT.,36,PAVED,8,VALLEY GUTR,4,,0,20,147000,RCI,5.2,0D10,60,3 NO-INCAPACITATING INJURY,31 Q/C COMPLETED - LOC VERIFIED,0 NO,01 NOT AT INTERSECTION/RRX/BRIDGE,04 DARK-LIGHTED,01 CLEAR,01 DRY,01 LEVEL,1 STRAIGHT,"TWO-WAY, DIVIDED, POSITIVE MED",,NO CONTROLS,NOT CODED,6,NONE,NOT CODED,NOT CODED,NONE,NOT CODED,NOT CODED,30 CONCRETE TRAFFIC BARRIER,77 OTHER (SEE NARRATIVE),06 CHANGING LANES,OPERATED MV IN CARLESS OR NEGL,NOT CODED,00 NOT CODED,00 NOT CODED,00 NOT CODED,00 NOT CODED,01 NO,1,0,0,0,1,0,1,1,N,N,N,N,Y,N,N,N,N,N,Y,N,N,N,N,N,N,N,N,N,N,N,N,N,N,N,28.053832891,-82.454738566,357028.950841,3104019.461468,R,,ARBM15Q1R2,"January 7, 2023",2914097,-9178819.88963916,3255763.2382584796
2021885320280,2021,885320280,FHPC21OFF077218,FLORIDA HIGHWAY PATROL,07 SEVENTH,HILLSBOROUGH,"July 23, 2021",2251,SATURDAY,1050 TAMPA,0350,N,US 92,FALKENBURG RD,0,,27.9955,-82.3352,27.9954448,-82.3354837,10030000,7.091,01789,SR 600,US 92,R RIGHT,1 THRU LANE 1,S SOUTH,14 SUBURBAN 2-3LN 2WY DIVD PAVD,02 U.S.,02 INTERSECTION,01 ON ROADWAY,02 FOUR-WAY INTERSECTION,01 PAVED,38,"February 15, 2021",14 URBAN PRIN ART OTHER,12,PAVED,5,LAWN,12,,0,12,15100,RCI,12.9,,55,4 INCAPACITATING INJURY,31 Q/C COMPLETED - LOC VERIFIED,0 NO,02 AT INTERSECTION,04 DARK-LIGHTED,01 CLEAR,01 DRY,01 LEVEL,1 STRAIGHT,"TWO-WAY, NOT DIVIDED","TWO-WAY, NOT DIVIDED",TRAFFIC CONTROL SIGNAL,NO CONTROLS,2,NONE,NOT CODED,NOT CODED,NONE,NOT CODED,NOT CODED,14 MOTOR VEHICLE IN TRANSPORT,02 FRONT TO FRONT,01 STRAIGHT AHEAD,FAILED TO YIELD RIGHT-OF-WAY,NO CONTRIBUTING ACTION,00 NOT CODED,00 NOT CODED,00 NOT CODED,00 NOT CODED,01 NO,4,0,1,0,2,0,2,5,N,N,N,Y,N,N,N,N,N,N,N,N,N,N,N,N,N,N,N,N,N,N,N,N,N,N,27.995442927,-82.335467181,368681.274611,3097416.020334,C,,ARBM15Q1R2,"January 7, 2023",2914119,-9165542.655719394,3248399.913132065
2021884649250,2021,884649250,FHPK21OFFG01638,FLORIDA HIGHWAY PATROL,08 TURNPIKE,HILLSBOROUGH,"March 28, 2021",1000,MONDAY,1050 TAMPA,0350,N,SR 589,SR 580,0.227,N,28.0007807,-82.54535,28.0001014,-82.5452605,10470000,2.327,04872,SR 589,,L LEFT,2 THRU LANE 2,S SOUTH,03 TOLL ROAD URBAN,03 STATE,01 NON-JUNCTION,01 ON ROADWAY,01 NOT AT INTERSECTION,01 PAVED,36,"May 10, 2020",12 URBAN PRIN ART EXPR.,36,PAVED WARN,12,,0,,0,30,88344,RCI,6.3,,60,4 INCAPACITATING INJURY,31 Q/C COMPLETED - LOC VERIFIED,0 NO,01 NOT AT INTERSECTION/RRX/BRIDGE,01 DAYLIGHT,02 CLOUDY,01 DRY,01 LEVEL,1 STRAIGHT,"TWO-WAY, DIVIDED, POSITIVE MED",,NO CONTROLS,NOT CODED,7,NONE,NOT CODED,NOT CODED,NONE,NOT CODED,NOT CODED,01 OVERTURN/ROLLOVER,77 OTHER (SEE NARRATIVE),01 STRAIGHT AHEAD,NO CONTRIBUTING ACTION,NOT CODED,00 NOT CODED,00 NOT CODED,00 NOT CODED,00 NOT CODED,01 NO,1,0,1,0,1,0,1,1,N,N,N,N,Y,N,N,N,N,N,N,N,N,N,N,Y,N,N,N,N,N,N,N,N,N,N,28.009172349,-82.545742325,348021.206368,3099181.327156,L,,ARBM15Q1R2,"January 7, 2023",2914268,-9188950.38440985,3250130.9160608477
2021885164590,2021,885164590,FHPC21OFF056014,FLORIDA HIGHWAY PATROL,07 SEVENTH,HILLSBOROUGH,"May 29, 2021",1015,SUNDAY,1050 TAMPA,0350,N,SR 618,I 75,0.057,S,27.927337,-82.3342687,27.9278956,-82.3353576,10075326,0.057,04610,SR 93A,I 75,R RIGHT,X RAMP,E EAST,08 RAMP RURAL,03 STATE,14 ENTRANCE/EXIT RAMP,02 OFF ROADWAY,01 NOT AT INTERSECTION,01 PAVED,0,"December 31, 2000",,25,PAVED,4,VALLEY GUTR,4,,0,,13500,RCI,8.1,,,0 UNKNOWN/NOT CODED,31 Q/C COMPLETED - LOC VERIFIED,0 NO,08 EXIT RAMP,01 DAYLIGHT,01 CLEAR,01 DRY,04 DOWNHILL,2 CURVE RIGHT,ONE-WAY TRAFFICWAY,,NO CONTROLS,NOT CODED,2,NONE,NOT CODED,NOT CODED,NONE,NOT CODED,NOT CODED,27 GUARDRAIL FACE,77 OTHER (SEE NARRATIVE),15 NEGOTIATING A CURVE,NOT CODED,NOT CODED,00 NOT CODED,00 NOT CODED,00 NOT CODED,00 NOT CODED,01 NO,0,0,0,0,0,0,1,0,N,N,N,N,Y,N,N,N,N,N,N,N,N,N,N,N,N,N,N,N,N,N,N,N,N,N,27.927904498,-82.3353569,368610.33478,3089933.218738,O,,ARBM15Q1R2,"January 7, 2023",2914279,-9165530.378969947,3239887.8847407475
2021885539940,2021,885539940,FHPC21OFF095942,FLORIDA HIGHWAY PATROL,07 SEVENTH,HILLSBOROUGH,"September 14, 2021",0350,WEDNESDAY,1050 TAMPA,0350,N,US 41,SANTA FE RD,0,,27.908317,-82.4019045,27.908241,-82.4018348,10060000,22.537,02447,SR 45,US 41,L LEFT,L LEFT TURN,E EAST,33 SUBURBAN 6+LN 2WY DIVD RASD,02 U.S.,02 INTERSECTION,01 ON ROADWAY,03 T-INTERSECTION,02 UNPAVED,39,"May 26, 2020",14 URBAN PRIN ART OTHER,24,PAVED,6,LAWN,12,,0,34,37125,RCI,11.3,3D00,55,1 NO INJURY,31 Q/C COMPLETED - LOC VERIFIED,0 NO,02 AT INTERSECTION,05 DARK-NOT LIGHTED,01 CLEAR,01 DRY,01 LEVEL,1 STRAIGHT,"TWO-WAY, DIVIDED, POSITIVE MED",,NO CONTROLS,NOT CODED,5,NONE,NOT CODED,NOT CODED,NONE,NOT CODED,NOT CODED,01 OVERTURN/ROLLOVER,77 OTHER (SEE NARRATIVE),03 TURNING LEFT,OTHER CONTRIBUTING ACTION,NOT CODED,00 NOT CODED,00 NOT CODED,00 NOT CODED,00 NOT CODED,01 NO,0,0,0,0,1,0,1,1,N,N,Y,Y,N,N,N,N,N,N,N,N,N,N,N,N,N,N,N,N,N,N,N,N,N,N,27.908250373,-82.401948516,362032.517653,3087829.015094,L,,ARBM15Q1R2,"January 7, 2023",2914333,-9172943.325898739,3237411.828155092
2021884983160,2021,884983160,FHP21ON0053080,FLORIDA HIGHWAY PATROL,07 SEVENTH,HILLSBOROUGH,"December 20, 2021",0720,TUESDAY,1050 TAMPA,0350,N,I 75,FLETCHER AVE,0.057,N,28.0703999,-82.35271,28.0724124,-82.3526235,10075000,32.372,03859,SR 93A,I 75,R RIGHT,1 THRU LANE 1,N NORTH,01 INTERSTATE URBAN,01 INTERSTATE,01 NON-JUNCTION,01 ON ROADWAY,01 NOT AT INTERSECTION,01 PAVED,39,"March 17, 2020",11 URBAN PRIN ART INT.,48,PAVED WARN,11,LAWN,12,,0,428,114000,RCI,10.5,0D30,70,1 NO INJURY,31 Q/C COMPLETED - LOC VERIFIED,0 NO,01 NOT AT INTERSECTION/RRX/BRIDGE,01 DAYLIGHT,03 RAIN,02 WET,04 DOWNHILL,1 STRAIGHT,"TWO-WAY, DIVIDED, POSITIVE MED",,NO CONTROLS,NOT CODED,8,NONE,NOT CODED,NOT CODED,WEATHER CONDITIONS,NOT CODED,NOT CODED,18 OTHER NON-FIXED OBJECT,77 OTHER (SEE NARRATIVE),01 STRAIGHT AHEAD,NO CONTRIBUTING ACTION,NOT CODED,00 NOT CODED,00 NOT CODED,00 NOT CODED,00 NOT CODED,01 NO,0,0,0,0,1,0,1,1,N,N,N,N,Y,N,N,N,N,N,N,N,N,N,N,N,N,N,N,N,N,N,N,N,N,N,28.07231219,-82.352616625,367089.278497,3105951.172507,R,,ARBM15Q1R2,"January 7, 2023",2914353,-9167451.723914832,3258094.421884392
2021884764920,2021,884764920,FHPC21OFF052409,FLORIDA HIGHWAY PATROL,07 SEVENTH,HILLSBOROUGH,"May 20, 2021",0030,FRIDAY,1050 TAMPA,0350,N,I 4,MILE MARKER #6,0.5,E,27.9960454,-82.3578452,27.9960571,-82.3603157,10190000,13.795,02738,SR 400,I 4,M MEDIAN,M MIDDLE,W WEST,01 INTERSTATE URBAN,01 INTERSTATE,01 NON-JUNCTION,02 OFF ROADWAY,01 NOT AT INTERSECTION,01 PAVED,39,"May 26, 2020",11 URBAN PRIN ART INT.,36,PAVED WARN,30,,0,,0,88,125500,RCI,11.7,,65,4 INCAPACITATING INJURY,31 Q/C COMPLETED - LOC VERIFIED,0 NO,01 NOT AT INTERSECTION/RRX/BRIDGE,04 DARK-LIGHTED,01 CLEAR,01 DRY,01 LEVEL,1 STRAIGHT,ONE-WAY TRAFFICWAY,,NO CONTROLS,NOT CODED,6,NONE,NOT CODED,NOT CODED,NONE,NOT CODED,NOT CODED,30 CONCRETE TRAFFIC BARRIER,77 OTHER (SEE NARRATIVE),01 STRAIGHT AHEAD,FAILED TO KEEP IN PROPER LANE,NOT CODED,00 NOT CODED,00 NOT CODED,00 NOT CODED,00 NOT CODED,01 NO,2,0,2,0,1,0,1,2,N,N,N,N,Y,N,N,N,N,N,N,N,N,N,N,Y,N,N,N,N,N,N,N,N,N,N,27.99605298,-82.360337386,366236.242584,3097510.623095,R,,ARBM15Q1R2,"January 7, 2023",2914387,-9168311.1950412,3248476.823758947
2021885310620,2021,885310620,FHPC21OFF067780,FLORIDA HIGHWAY PATROL,07 SEVENTH,HILLSBOROUGH,"June 28, 2021",1718,TUESDAY,1050 TAMPA,0350,Y,SR 618,KENNEDY BLVD,0.002,S,27.9514613,-82.450861,27.9511789,-82.45113,10002020,0.002,02849,SR 618,,L LEFT,X RAMP,W WEST,08 RAMP RURAL,03 STATE,14 ENTRANCE/EXIT RAMP,06 GORE,01 NOT AT INTERSECTION,01 PAVED,0,"December 31, 2000",,15,PAVED,4,,0,,0,,6600,RCI,8.3,,,1 NO INJURY,31 Q/C COMPLETED - LOC VERIFIED,0 NO,08 EXIT RAMP,01 DAYLIGHT,03 RAIN,02 WET,01 LEVEL,3 CURVE LEFT,"TWO-WAY, DIVIDED, POSITIVE MED",,NO CONTROLS,NOT CODED,1,"RD SURFC (WET, ICY, SNOW, ETC)",NOT CODED,NOT CODED,WEATHER CONDITIONS,NOT CODED,NOT CODED,19 IMPACT ATTENUATOR/CRASH CUSION,77 OTHER (SEE NARRATIVE),15 NEGOTIATING A CURVE,DROVE TOO FAST FOR CONDITIONS,NOT CODED,00 NOT CODED,00 NOT CODED,00 NOT CODED,00 NOT CODED,01 NO,0,0,0,0,1,0,1,1,N,N,N,N,Y,Y,N,N,N,N,N,Y,N,N,N,N,N,N,N,N,N,N,N,N,N,N,27.951166759,-82.451111384,357250.181746,3092640.296741,O,,ARBM15Q1R2,"January 7, 2023",2914538,-9178416.113070201,3242819.080994789
2021885310670,2021,885310670,FHPC21OFF069484,FLORIDA HIGHWAY PATROL,07 SEVENTH,HILLSBOROUGH,"July 2, 2021",1532,SATURDAY,1050 TAMPA,0350,Y,I 275,WESTHORE BLVD,0.25,W,27.952263,-82.511334,27.948974,-82.5276319,10190000,2.391,02689,SR 93,I 275,L LEFT,2 THRU LANE 2,S SOUTH,01 INTERSTATE URBAN,01 INTERSTATE,01 NON-JUNCTION,01 ON ROADWAY,01 NOT AT INTERSECTION,01 PAVED,36,"September 17, 2018",11 URBAN PRIN ART INT.,60,PAVED WARN,12,,0,,0,18,190500,RCI,6.8,,55,2 POSSIBLE INJURY,31 Q/C COMPLETED - LOC VERIFIED,0 NO,01 NOT AT INTERSECTION/RRX/BRIDGE,01 DAYLIGHT,03 RAIN,02 WET,01 LEVEL,1 STRAIGHT,"TWO-WAY, DIVIDED, POSITIVE MED","TWO-WAY, DIVIDED, POSITIVE MED",NO CONTROLS,NO CONTROLS,8,"RD SURFC (WET, ICY, SNOW, ETC)",NOT CODED,NOT CODED,WEATHER CONDITIONS,NOT CODED,NOT CODED,14 MOTOR VEHICLE IN TRANSPORT,"04 SIDESWIPE, SAME DIRECTION",06 CHANGING LANES,FAILED TO KEEP IN PROPER LANE,NO CONTRIBUTING ACTION,00 NOT CODED,00 NOT CODED,00 NOT CODED,00 NOT CODED,01 NO,1,0,0,0,2,0,2,2,N,N,N,N,Y,N,N,N,N,N,N,N,N,N,N,N,N,N,N,N,N,N,N,N,N,N,27.949099593,-82.527783765,349703.861421,3092503.19771,L,,ARBM15Q1R2,"January 7, 2023",2914539,-9186951.246004317,3242558.578894375
2021885505010,2021,885505010,FHPC21OFF081870,FLORIDA HIGHWAY PATROL,07 SEVENTH,HILLSBOROUGH,"August 6, 2021",0238,SATURDAY,1050 TAMPA,0350,N,I 275,SR 400,0.038,S,27.9478399,-82.5308299,27.9639855,-82.4524506,10320000,0.234,02918,SR 93,I 275,R RIGHT,S SIDE OF ROAD,N NORTH,01 INTERSTATE URBAN,01 INTERSTATE,01 NON-JUNCTION,03 SHOULDER,01 NOT AT INTERSECTION,01 PAVED,26,"February 14, 2021",11 URBAN PRIN ART INT.,24,PAVED,12,VALLEY GUTR,4,,0,20,87500,RCI,4.1,5D43,50,1 NO INJURY,31 Q/C COMPLETED - LOC VERIFIED,0 NO,01 NOT AT INTERSECTION/RRX/BRIDGE,04 DARK-LIGHTED,01 CLEAR,01 DRY,01 LEVEL,1 STRAIGHT,"TWO-WAY, DIVIDED, POSITIVE MED",,NO CONTROLS,NOT CODED,5,NONE,NOT CODED,NOT CODED,NONE,NOT CODED,NOT CODED,18 OTHER NON-FIXED OBJECT,77 OTHER (SEE NARRATIVE),01 STRAIGHT AHEAD,NO CONTRIBUTING ACTION,NOT CODED,00 NOT CODED,00 NOT CODED,00 NOT CODED,00 NOT CODED,01 NO,0,0,0,0,1,0,1,1,N,N,N,N,Y,N,N,N,N,N,N,N,N,N,N,N,N,N,N,N,N,N,N,N,N,N,27.963993136,-82.452441127,357136.248049,3094062.943322,R,,ARBM15Q1R2,"January 7, 2023",2914592,-9178564.139480934,3244435.558318963
2021885505020,2021,885505020,FHPC21OFF082205,FLORIDA HIGHWAY PATROL,07 SEVENTH,HILLSBOROUGH,"August 6, 2021",2318,SATURDAY,1050 TAMPA,0350,N,I 275,KENNEDY BLVD W,1,W,27.9398168,-82.5535457,27.9421631,-82.546665,10190000,1.137,00007,SR 93,I 275,R RIGHT,S SIDE OF ROAD,N NORTH,01 INTERSTATE URBAN,01 INTERSTATE,01 NON-JUNCTION,03 SHOULDER,01 NOT AT INTERSECTION,02 UNPAVED,37,"September 17, 2018",11 URBAN PRIN ART INT.,60,PAVED WARN,12,,0,,0,38,190500,RCI,6.8,,65,2 POSSIBLE INJURY,31 Q/C COMPLETED - LOC VERIFIED,0 NO,01 NOT AT INTERSECTION/RRX/BRIDGE,04 DARK-LIGHTED,01 CLEAR,01 DRY,01 LEVEL,1 STRAIGHT,"TWO-WAY, DIVIDED, POSITIVE MED",,NO CONTROLS,NOT CODED,9,NONE,NOT CODED,NOT CODED,NONE,NOT CODED,NOT CODED,14 MOTOR VEHICLE IN TRANSPORT,77 OTHER (SEE NARRATIVE),01 STRAIGHT AHEAD,OPERATED MV IN CARLESS OR NEGL,NOT CODED,00 NOT CODED,00 NOT CODED,00 NOT CODED,00 NOT CODED,01 NO,1,0,0,0,1,0,1,1,N,N,N,N,Y,N,N,N,N,N,N,N,N,N,N,N,N,N,N,N,N,N,N,N,N,N,27.942147633,-82.54666261,347836.650336,3091756.303735,R,,ARBM15Q1R2,"January 7, 2023",2914593,-9189052.82994124,3241682.5370496362