Crash Id,Calendar Year,FDOT Crash Number,Reporting Agency Case Number,Reporting Agency Type,FDOT Managing District,County Name,Crash Date,Crash Time,Day,DHSMV City,Crash Report City Code,In Town,On Roadway Name,Int Roadway Name,Reference Distance (Miles),Reference Direction,Officer Latitude,Officer Longitude,FDOT Latitude,FDOT Longitude,FDOT Roadway,Nearest Inventory MP,Nearest Node From Crash,State Road #,US Highway,Crash Side of Road,Accident Lane Number,Travel Direction Vehicle 1,FDOT Road Category,DHSMV Road System Id,Relation to Junction,Crash Harmful Event Location,Intersection Type,Shoulder Type,FDOT Roadway SKID Test Result,FDOT Roadway SKID Test Date,Functional Class,RCI Surface Width,RCI Shoulder Type First,RCI Shoulder Width First,RCI Shoulder Type Second,RCI Shoulder Width Second,RCI Shoulder Type Third,RCI Shoulder Width Third,RCI Median Width,Avg Daily Traffic,AADT Source,RCI Avg Per Truck Traffic,RCI Horiz Curve Condition,Posted Speed Limit,Highest Injury in Crash,CAR Status Code,Alcohols/Drug Involved,Site Location,Lighting,Weather,Road Surface,Roadway Grade,Roadway Alignment,Traffic Way Vehicle 1,Traffic Way Vehicle 2,Traffic Control Vehicle 1,Traffic Control Vehicle 2,Count of Lanes,Road Condition 1,Road Condition 2,Road Condition 3,Environment Condition 1,Environment Condition 2,Environment Condition 3,Crash Harmful Event,Manner of Collision,Vehicle Movement,Driver Action Vehicle 1,Driver Action Vehicle 2,Location Within Workzone,Type of Workzone,Workers Present in Workzone,Law Enforcement Present in Workzone,School Bus Related,Count of Nonfatal Injuries,Count of Traffic Fatalities,Count of Serious Injuries,Count of Pedestrians,Count of Drivers,Count of Bicyclists,Count of Vehicles,Count of Persons,Wrong Way,Workzone Inv,Commercial Vehicle Inv,Intersection Inv,Lane Departure,Speeding,Agressive Driving,Impaired Driver,Impaired Pedestrian,Impaired Bicyclist,Distracted Driver,Speeding or Aggressive Driving,Pedestrian Related,Bicyclist Related,Pedestrian or Bicyclist Related,Motorcycle Inv,No Belt,No Belt - Ages 1-4,No Belt - Ages 5-12,No Belt - Ages 13-17,Driver - Ages Teen,Driver - Ages 65 plus,Driver - Ages 65-69,Driver - Ages 70-74,Driver - Ages 75-79,Driver - Ages 80 plus,ARBM Latitude,ARBM Longitude,UTM Zone 17N X,UTM Zone 17N Y,ARBM Side of Road,Urban Rural Indicator,GIS Street Source,Extract Date,OBJECTID,x,y
2021884811780,2021,884811780,FHPC21OFF027714,FLORIDA HIGHWAY PATROL,07 SEVENTH,HILLSBOROUGH,"March 18, 2021",0510,FRIDAY,1050 TAMPA,0350,N,SR 597,BEARSS AVE W,0,,28.08475,-82.5050099,28.0846319,-82.505084,10160000,6.167,01653,SR 597,,L LEFT,2 THRU LANE 2,N NORTH,33 SUBURBAN 6+LN 2WY DIVD RASD,03 STATE,02 INTERSECTION,01 ON ROADWAY,02 FOUR-WAY INTERSECTION,03 CURB,37,"February 17, 2020",14 URBAN PRIN ART OTHER,36,PAVED,3,LAWN,7,,0,29,60000,RCI,2.2,,45,3 NO-INCAPACITATING INJURY,31 Q/C COMPLETED - LOC VERIFIED,0 NO,02 AT INTERSECTION,04 DARK-LIGHTED,01 CLEAR,01 DRY,01 LEVEL,1 STRAIGHT,"TWO-WAY, DIVIDED, POSITIVE MED","TWO-WAY, DIVIDED, POSITIVE MED",TRAFFIC CONTROL SIGNAL,TRAFFIC CONTROL SIGNAL,6,NONE,NOT CODED,NOT CODED,NONE,NOT CODED,NOT CODED,14 MOTOR VEHICLE IN TRANSPORT,03 ANGLE,01 STRAIGHT AHEAD,RAN RED LIGHT,NO CONTRIBUTING ACTION,00 NOT CODED,00 NOT CODED,00 NOT CODED,00 NOT CODED,01 NO,2,0,0,0,2,0,2,2,N,N,N,Y,N,N,N,N,N,N,N,N,N,N,N,N,N,N,N,N,N,N,N,N,N,N,28.084643328,-82.505261167,352105.191358,3107493.528454,L,,ARBM15Q1R2,"January 7, 2023",2914636,-9184444.041552024,3259650.230807947
2021885269440,2021,885269440,FHPC21OFF066091,FLORIDA HIGHWAY PATROL,07 SEVENTH,HILLSBOROUGH,"June 24, 2021",0020,FRIDAY,1050 TAMPA,0350,N,I 75,SR 582,0.066,W,28.0558252,-82.3532858,28.0523973,-82.3508962,10075354,0.066,03968,SR 93A,I 75,R RIGHT,X RAMP,N NORTH,08 RAMP RURAL,01 INTERSTATE,14 ENTRANCE/EXIT RAMP,03 SHOULDER,01 NOT AT INTERSECTION,02 UNPAVED,0,"December 31, 2000",,24,PAVED,13,LAWN,12,,0,,16000,RCI,8.1,,,3 NO-INCAPACITATING INJURY,31 Q/C COMPLETED - LOC VERIFIED,0 NO,07 ENTRANCE RAMP,04 DARK-LIGHTED,02 CLOUDY,02 WET,04 DOWNHILL,3 CURVE LEFT,ONE-WAY TRAFFICWAY,,NO CONTROLS,NOT CODED,2,"RD SURFC (WET, ICY, SNOW, ETC)",NOT CODED,NOT CODED,NONE,NOT CODED,NOT CODED,27 GUARDRAIL FACE,77 OTHER (SEE NARRATIVE),15 NEGOTIATING A CURVE,DROVE TOO FAST FOR CONDITIONS,NOT CODED,00 NOT CODED,00 NOT CODED,00 NOT CODED,00 NOT CODED,01 NO,1,0,0,0,1,0,1,1,N,N,N,N,Y,Y,N,N,N,N,Y,Y,N,N,N,N,Y,N,N,N,N,N,N,N,N,N,28.052390583,-82.350905782,367232.920601,3103742.122612,O,,ARBM15Q1R2,"January 7, 2023",2914657,-9167261.273673967,3255581.306617929
2021884729120,2021,884729120,FHPC21OFF040308,FLORIDA HIGHWAY PATROL,07 SEVENTH,HILLSBOROUGH,"April 18, 2021",1455,MONDAY,1050 TAMPA,0350,N,I 4,I 75,2,W,27.996213,-82.3607331,27.9958349,-82.3587468,10190000,13.892,02738,SR 400,I 4,M MEDIAN,M MIDDLE,E EAST,01 INTERSTATE URBAN,01 INTERSTATE,01 NON-JUNCTION,02 OFF ROADWAY,01 NOT AT INTERSECTION,01 PAVED,39,"May 26, 2020",11 URBAN PRIN ART INT.,36,PAVED WARN,30,,0,,0,88,125500,RCI,11.7,,65,2 POSSIBLE INJURY,31 Q/C COMPLETED - LOC VERIFIED,0 NO,01 NOT AT INTERSECTION/RRX/BRIDGE,01 DAYLIGHT,02 CLOUDY,88 UNKNOWN,01 LEVEL,1 STRAIGHT,"TWO-WAY, DIVIDED, POSITIVE MED",,NO CONTROLS,NOT CODED,6,NONE,NOT CODED,NOT CODED,NONE,NOT CODED,NOT CODED,27 GUARDRAIL FACE,77 OTHER (SEE NARRATIVE),00 NOT CODED,OPERATED MV IN CARLESS OR NEGL,NOT CODED,00 NOT CODED,00 NOT CODED,00 NOT CODED,00 NOT CODED,01 NO,1,0,0,0,1,0,1,1,N,N,N,N,Y,N,N,N,N,N,N,N,N,N,N,N,N,N,N,N,N,N,N,N,N,N,27.995831903,-82.358769405,366390.167778,3097484.411565,R,,ARBM15Q1R2,"January 7, 2023",2914772,-9168136.648147268,3248448.9521184503
2021885165200,2021,885165200,FHPC21OFF087111,FLORIDA HIGHWAY PATROL,07 SEVENTH,HILLSBOROUGH,"August 20, 2021",1655,SATURDAY,1050 TAMPA,0350,N,SR 618,KENNEDY BLVD,0.1,E,27.9529146,-82.4494644,27.9523074,-82.4499979,10002000,5.937,02850,SR 618,,L LEFT,S SIDE OF ROAD,E EAST,03 TOLL ROAD URBAN,03 STATE,01 NON-JUNCTION,02 OFF ROADWAY,01 NOT AT INTERSECTION,01 PAVED,46,"October 9, 1994",12 URBAN PRIN ART EXPR.,36,PAVED,10,,0,,0,44,63500,RCI,8,2D00,55,3 NO-INCAPACITATING INJURY,31 Q/C COMPLETED - LOC VERIFIED,3 A/D,01 NOT AT INTERSECTION/RRX/BRIDGE,01 DAYLIGHT,01 CLEAR,01 DRY,01 LEVEL,3 CURVE LEFT,"TWO-WAY, DIVIDED, POSITIVE MED",,NO CONTROLS,NOT CODED,6,NONE,NOT CODED,NOT CODED,NONE,NOT CODED,NOT CODED,18 OTHER NON-FIXED OBJECT,77 OTHER (SEE NARRATIVE),15 NEGOTIATING A CURVE,OPERATED MV IN CARLESS OR NEGL,NOT CODED,00 NOT CODED,00 NOT CODED,00 NOT CODED,00 NOT CODED,01 NO,3,0,0,0,1,0,1,3,N,N,N,N,Y,N,N,Y,N,N,N,N,N,N,N,N,N,N,N,N,N,N,N,N,N,N,27.952604957,-82.449974852,357363.889566,3092798.313827,L,,ARBM15Q1R2,"January 7, 2023",2914779,-9178289.59478865,3243000.3240614077
2021884365330,2021,884365330,FHPC21OFF009034,FLORIDA HIGHWAY PATROL,07 SEVENTH,HILLSBOROUGH,"January 27, 2021",1615,THURSDAY,1050 TAMPA,0350,Y,I 4,MILE MARKER #7,0.1,W,27.9964699,-82.3461999,27.9953824,-82.3538687,10190000,14.192,00600,SR 400,I 4,M MEDIAN,M MIDDLE,E EAST,01 INTERSTATE URBAN,01 INTERSTATE,01 NON-JUNCTION,04 MEDIAN,01 NOT AT INTERSECTION,01 PAVED,39,"May 26, 2020",11 URBAN PRIN ART INT.,36,PAVED WARN,30,,0,,0,88,152500,RCI,12.7,0D45,65,1 NO INJURY,31 Q/C COMPLETED - LOC VERIFIED,0 NO,01 NOT AT INTERSECTION/RRX/BRIDGE,01 DAYLIGHT,01 CLEAR,01 DRY,01 LEVEL,1 STRAIGHT,"TWO-WAY, DIVIDED, POSITIVE MED","TWO-WAY, DIVIDED, POSITIVE MED",NO CONTROLS,NO CONTROLS,6,NONE,NOT CODED,NOT CODED,NONE,NOT CODED,NOT CODED,27 GUARDRAIL FACE,77 OTHER (SEE NARRATIVE),06 CHANGING LANES,IMPROPER PASSING,NO CONTRIBUTING ACTION,00 NOT CODED,00 NOT CODED,00 NOT CODED,00 NOT CODED,01 NO,0,0,0,0,2,0,2,2,N,N,N,N,Y,N,N,N,N,N,N,N,N,N,N,N,N,N,N,N,N,N,N,N,N,N,27.995378878,-82.353891573,366869.305899,3097428.888448,R,,ARBM15Q1R2,"January 7, 2023",2914813,-9167593.650199765,3248391.838297893
2021884310300,2021,884310300,FHPC21OFF006465,FLORIDA HIGHWAY PATROL,07 SEVENTH,HILLSBOROUGH,"January 19, 2021",2031,WEDNESDAY,1050 TAMPA,0350,Y,I 275,ARMENIA AVE N,0.189,E,27.95599,-82.48386,27.9554138,-82.481816,10190600,0.432,00020,SR 93,I 275,M MEDIAN,M MIDDLE,N NORTH,42 RURAL ONE WAY,01 INTERSTATE,01 NON-JUNCTION,01 ON ROADWAY,01 NOT AT INTERSECTION,01 PAVED,0,"December 31, 2000",,15,PAVED,4,,0,,0,,12500,RCI,6.2,,,1 NO INJURY,31 Q/C COMPLETED - LOC VERIFIED,0 NO,01 NOT AT INTERSECTION/RRX/BRIDGE,04 DARK-LIGHTED,01 CLEAR,01 DRY,01 LEVEL,1 STRAIGHT,"TWO-WAY, DIVIDED, POSITIVE MED","TWO-WAY, DIVIDED, POSITIVE MED",NO CONTROLS,NO CONTROLS,1,NONE,NOT CODED,NOT CODED,NONE,NOT CODED,NOT CODED,14 MOTOR VEHICLE IN TRANSPORT,03 ANGLE,06 CHANGING LANES,OPERATED MV IN CARLESS OR NEGL,NO CONTRIBUTING ACTION,00 NOT CODED,00 NOT CODED,00 NOT CODED,00 NOT CODED,01 NO,0,0,0,0,2,0,2,3,N,N,N,N,Y,N,N,N,N,N,N,N,N,N,N,N,N,N,N,N,N,N,N,N,N,N,27.955402837,-82.481819252,354234.679053,3093145.886547,O,,ARBM15Q1R2,"January 7, 2023",2914821,-9181834.498202145,3243352.9222729406
2021884796840,2021,884796840,FHP21ON0059184,FLORIDA HIGHWAY PATROL,07 SEVENTH,HILLSBOROUGH,"December 23, 2021",1138,FRIDAY,1050 TAMPA,0350,N,I 4,US 301,0.057,E,27.9944003,-82.3581797,27.9942411,-82.3588576,10190096,0.057,03347,SR 400,I 4,R RIGHT,X RAMP,S SOUTH,08 RAMP RURAL,02 U.S.,14 ENTRANCE/EXIT RAMP,06 GORE,01 NOT AT INTERSECTION,01 PAVED,0,"December 31, 2000",,15,PAVED,6,LAWN,12,,0,,3600,RCI,8.1,,,1 NO INJURY,31 Q/C COMPLETED - LOC VERIFIED,0 NO,07 ENTRANCE RAMP,01 DAYLIGHT,02 CLOUDY,01 DRY,02 HILLCREST,1 STRAIGHT,"TWO-WAY, DIVIDED, POSITIVE MED",,NO CONTROLS,NOT CODED,1,NONE,NOT CODED,NOT CODED,NONE,NOT CODED,NOT CODED,19 IMPACT ATTENUATOR/CRASH CUSION,77 OTHER (SEE NARRATIVE),06 CHANGING LANES,RAN OFF ROADWAY,NOT CODED,00 NOT CODED,00 NOT CODED,00 NOT CODED,00 NOT CODED,01 NO,0,0,0,0,1,0,1,1,N,N,N,N,Y,N,N,N,N,N,N,N,N,N,N,N,N,N,N,N,N,N,N,N,N,N,27.994253493,-82.358863512,366378.965942,3097309.638397,O,,ARBM15Q1R2,"January 7, 2023",2914898,-9168147.124161215,3248249.959706058
2021884796850,2021,884796850,FHP21ON0060550,FLORIDA HIGHWAY PATROL,07 SEVENTH,HILLSBOROUGH,"December 24, 2021",0845,SATURDAY,1050 TAMPA,0350,Y,I 275,HILLSBOROUGH AVE W,0.019,N,27.9970648,-82.4535058,27.9971697,-82.4531683,10320167,0.019,03537,SR 93,I 275,R RIGHT,X RAMP,N NORTH,08 RAMP RURAL,01 INTERSTATE,14 ENTRANCE/EXIT RAMP,06 GORE,01 NOT AT INTERSECTION,01 PAVED,0,"December 31, 2000",,17,CURB&GUTTER,2,,0,,0,,6500,RCI,6.2,,,1 NO INJURY,31 Q/C COMPLETED - LOC VERIFIED,0 NO,08 EXIT RAMP,01 DAYLIGHT,02 CLOUDY,01 DRY,02 HILLCREST,1 STRAIGHT,"TWO-WAY, DIVIDED, POSITIVE MED",,NO CONTROLS,NOT CODED,1,NONE,NOT CODED,NOT CODED,NONE,NOT CODED,NOT CODED,19 IMPACT ATTENUATOR/CRASH CUSION,77 OTHER (SEE NARRATIVE),14 SLOWING,RAN OFF ROADWAY,NOT CODED,00 NOT CODED,00 NOT CODED,00 NOT CODED,00 NOT CODED,01 NO,0,0,0,0,1,0,1,1,N,N,N,N,Y,N,N,N,N,N,N,N,N,N,N,N,N,N,N,N,N,N,N,N,N,N,27.997155226,-82.453161667,357109.096323,3097737.97666,O,,ARBM15Q1R2,"January 7, 2023",2914899,-9178644.349768376,3248615.7871526177
2021884796860,2021,884796860,FHP21ON0060699,FLORIDA HIGHWAY PATROL,07 SEVENTH,HILLSBOROUGH,"December 24, 2021",1204,SATURDAY,1050 TAMPA,0350,N,I 275,HILLSBOROUGH AVE W,0.021,N,27.9971176,-82.4533853,27.9971767,-82.4531365,10320167,0.021,03537,SR 93,I 275,R RIGHT,X RAMP,S SOUTH,08 RAMP RURAL,01 INTERSTATE,14 ENTRANCE/EXIT RAMP,03 SHOULDER,01 NOT AT INTERSECTION,01 PAVED,0,"December 31, 2000",,17,CURB&GUTTER,2,,0,,0,,6500,RCI,6.2,,,1 NO INJURY,31 Q/C COMPLETED - LOC VERIFIED,0 NO,08 EXIT RAMP,01 DAYLIGHT,02 CLOUDY,01 DRY,04 DOWNHILL,2 CURVE RIGHT,"TWO-WAY, DIVIDED, POSITIVE MED",,NO CONTROLS,NOT CODED,1,NONE,NOT CODED,NOT CODED,NONE,NOT CODED,NOT CODED,09 OTHER NON-COLLISION,77 OTHER (SEE NARRATIVE),15 NEGOTIATING A CURVE,NO CONTRIBUTING ACTION,NOT CODED,00 NOT CODED,00 NOT CODED,00 NOT CODED,00 NOT CODED,01 NO,0,0,0,0,1,0,1,1,N,N,N,N,Y,N,N,N,N,N,N,N,N,N,N,N,N,N,N,N,Y,N,N,N,N,N,27.997157966,-82.45312879,357112.333145,3097738.241729,O,,ARBM15Q1R2,"January 7, 2023",2914900,-9178640.689955322,3248616.1325074136
2021884796900,2021,884796900,FHP21ON0068810,FLORIDA HIGHWAY PATROL,07 SEVENTH,HILLSBOROUGH,"December 29, 2021",1518,THURSDAY,1050 TAMPA,0350,Y,I 275,SR 574,0.189,S,27.978925,-82.4535627,27.978525,-82.4535834,10320000,1.244,02839,SR 93,I 275,R RIGHT,3 THRU LANE 3,N NORTH,01 INTERSTATE URBAN,01 INTERSTATE,01 NON-JUNCTION,01 ON ROADWAY,01 NOT AT INTERSECTION,01 PAVED,26,"February 14, 2021",11 URBAN PRIN ART INT.,36,PAVED WARN,8,VALLEY GUTR,4,,0,44,153000,RCI,6.2,0D20,55,4 INCAPACITATING INJURY,31 Q/C COMPLETED - LOC VERIFIED,0 NO,01 NOT AT INTERSECTION/RRX/BRIDGE,01 DAYLIGHT,02 CLOUDY,01 DRY,01 LEVEL,1 STRAIGHT,"TWO-WAY, DIVIDED, POSITIVE MED","TWO-WAY, DIVIDED, POSITIVE MED",NO CONTROLS,NO CONTROLS,6,NONE,NOT CODED,NOT CODED,NONE,NOT CODED,NOT CODED,14 MOTOR VEHICLE IN TRANSPORT,01 FRONT TO REAR,14 SLOWING,OPERATED MV IN CARLESS OR NEGL,NO CONTRIBUTING ACTION,00 NOT CODED,00 NOT CODED,00 NOT CODED,00 NOT CODED,01 NO,1,0,1,0,2,0,2,3,N,N,N,N,Y,N,N,N,N,N,N,N,N,N,N,Y,N,N,N,N,N,N,N,N,N,N,27.978502901,-82.453586599,357042.697857,3095671.889701,R,,ARBM15Q1R2,"January 7, 2023",2914901,-9178691.652829722,3246264.42054991
2021884796560,2021,884796560,FHP21ON0032030,FLORIDA HIGHWAY PATROL,07 SEVENTH,HILLSBOROUGH,"December 9, 2021",1149,FRIDAY,1050 TAMPA,0350,Y,I 275,LOIS AVE,0.189,W,27.9507386,-82.5201922,27.9506346,-82.5170839,10190000,3.055,00651,SR 93,I 275,L LEFT,3 THRU LANE 3,W WEST,01 INTERSTATE URBAN,01 INTERSTATE,01 NON-JUNCTION,01 ON ROADWAY,01 NOT AT INTERSECTION,01 PAVED,27,"May 11, 2020",11 URBAN PRIN ART INT.,60,PAVED WARN,13,,0,,0,175,199500,RCI,6.8,,55,4 INCAPACITATING INJURY,31 Q/C COMPLETED - LOC VERIFIED,0 NO,01 NOT AT INTERSECTION/RRX/BRIDGE,01 DAYLIGHT,02 CLOUDY,01 DRY,04 DOWNHILL,1 STRAIGHT,"TWO-WAY, DIVIDED, POSITIVE MED","TWO-WAY, DIVIDED, POSITIVE MED",NO CONTROLS,NO CONTROLS,9,NONE,NOT CODED,NOT CODED,NONE,NOT CODED,NOT CODED,14 MOTOR VEHICLE IN TRANSPORT,"04 SIDESWIPE, SAME DIRECTION",14 SLOWING,FAILED TO YIELD RIGHT-OF-WAY,NO CONTRIBUTING ACTION,00 NOT CODED,00 NOT CODED,00 NOT CODED,00 NOT CODED,01 NO,4,0,1,0,3,0,3,5,N,N,N,N,Y,N,N,N,N,N,N,N,N,N,N,N,N,N,N,N,Y,Y,N,Y,N,N,27.950509052,-82.517259729,350741.242189,3092646.461556,L,,ARBM15Q1R2,"January 7, 2023",2914918,-9185779.715242475,3242736.1968904096
2021884796750,2021,884796750,FHP21ON0051662,FLORIDA HIGHWAY PATROL,07 SEVENTH,HILLSBOROUGH,"December 19, 2021",1257,MONDAY,1050 TAMPA,0350,Y,SR 579,I 275,0.028,W,28.0693465,-82.4559308,28.0692596,-82.4553477,10350000,0.245,04577,SR 579,,L LEFT,2 THRU LANE 2,W WEST,21 URBAN 4-5LN 2WY DIVD PAVD,03 STATE,01 NON-JUNCTION,01 ON ROADWAY,01 NOT AT INTERSECTION,03 CURB,40,"April 5, 2021",16 URBAN MINOR ART,24,CURB&GUTTER,2,,0,,0,19,37000,RCI,3.8,,40,4 INCAPACITATING INJURY,31 Q/C COMPLETED - LOC VERIFIED,0 NO,01 NOT AT INTERSECTION/RRX/BRIDGE,01 DAYLIGHT,02 CLOUDY,01 DRY,01 LEVEL,1 STRAIGHT,"TWO-WAY, NOT DIVIDED","TWO-WAY, NOT DIVIDED",NO CONTROLS,NO CONTROLS,4,NONE,NOT CODED,NOT CODED,NONE,NOT CODED,NOT CODED,14 MOTOR VEHICLE IN TRANSPORT,01 FRONT TO REAR,14 SLOWING,OPERATED MV IN CARLESS OR NEGL,NO CONTRIBUTING ACTION,00 NOT CODED,00 NOT CODED,00 NOT CODED,00 NOT CODED,01 NO,1,0,1,0,2,0,2,3,N,N,Y,N,N,N,N,N,N,N,N,N,N,N,N,N,N,N,N,N,N,Y,N,N,N,Y,28.069246979,-82.455352172,356989.049843,3105728.004011,C,,ARBM15Q1R2,"January 7, 2023",2914919,-9178888.195993975,3257707.7141829836
2021884752720,2021,884752720,FHPC21OFF025755,FLORIDA HIGHWAY PATROL,07 SEVENTH,HILLSBOROUGH,"March 13, 2021",0757,SUNDAY,1050 TAMPA,0350,N,I 275,M L KING JR BLVD,0.019,S,27.98157,-82.4542399,27.9809959,-82.453592,10320000,1.414,02921,SR 93,I 275,M MEDIAN,M MIDDLE,S SOUTH,01 INTERSTATE URBAN,01 INTERSTATE,01 NON-JUNCTION,03 SHOULDER,01 NOT AT INTERSECTION,01 PAVED,26,"February 14, 2021",11 URBAN PRIN ART INT.,36,PAVED WARN,8,VALLEY GUTR,4,,0,44,153000,RCI,6.2,,55,4 INCAPACITATING INJURY,31 Q/C COMPLETED - LOC VERIFIED,0 NO,01 NOT AT INTERSECTION/RRX/BRIDGE,01 DAYLIGHT,01 CLEAR,01 DRY,01 LEVEL,3 CURVE LEFT,"TWO-WAY, DIVIDED, POSITIVE MED",,NO CONTROLS,NOT CODED,6,NONE,NOT CODED,NOT CODED,NONE,NOT CODED,NOT CODED,30 CONCRETE TRAFFIC BARRIER,77 OTHER (SEE NARRATIVE),15 NEGOTIATING A CURVE,FAILED TO KEEP IN PROPER LANE,NOT CODED,00 NOT CODED,00 NOT CODED,00 NOT CODED,00 NOT CODED,01 NO,1,0,1,0,1,0,1,1,N,N,N,N,Y,N,N,N,N,N,N,N,N,N,N,N,N,N,N,N,N,N,N,N,N,N,27.9809722,-82.453599562,357044.679854,3095945.490554,R,,ARBM15Q1R2,"January 7, 2023",2915127,-9178693.095935263,3246575.684226976
2021885320290,2021,885320290,FHPC21OFF077278,FLORIDA HIGHWAY PATROL,07 SEVENTH,HILLSBOROUGH,"July 24, 2021",0256,SUNDAY,1050 TAMPA,0350,N,I 275,MILE MARKER #45.5,0,,27.9750799,-82.4534199,27.9820417,-82.4535956,10320000,1.486,02922,SR 93,I 275,M MEDIAN,M MIDDLE,N NORTH,01 INTERSTATE URBAN,01 INTERSTATE,01 NON-JUNCTION,01 ON ROADWAY,01 NOT AT INTERSECTION,01 PAVED,26,"February 14, 2021",11 URBAN PRIN ART INT.,36,PAVED WARN,8,VALLEY GUTR,4,,0,44,167000,RCI,5.5,,55,4 INCAPACITATING INJURY,31 Q/C COMPLETED - LOC VERIFIED,0 NO,01 NOT AT INTERSECTION/RRX/BRIDGE,04 DARK-LIGHTED,01 CLEAR,01 DRY,04 DOWNHILL,1 STRAIGHT,"TWO-WAY, DIVIDED, UNPROTECTED",,NO CONTROLS,NOT CODED,6,NONE,NOT CODED,NOT CODED,NONE,NOT CODED,NOT CODED,30 CONCRETE TRAFFIC BARRIER,77 OTHER (SEE NARRATIVE),01 STRAIGHT AHEAD,OPERATED MV IN CARLESS OR NEGL,NOT CODED,00 NOT CODED,00 NOT CODED,00 NOT CODED,00 NOT CODED,01 NO,1,0,1,0,1,0,1,1,N,N,N,N,Y,N,N,N,N,N,N,N,N,N,N,N,N,N,N,N,N,N,N,N,N,N,27.982018863,-82.453594188,357046.589065,3096061.449227,R,,ARBM15Q1R2,"January 7, 2023",2915141,-9178692.49774656,3246707.6218099925
2021885685170,2021,885685170,FHPC21OFF095930,FLORIDA HIGHWAY PATROL,07 SEVENTH,HILLSBOROUGH,"September 14, 2021",0125,WEDNESDAY,1050 TAMPA,0350,N,I 4,I 275,0,,27.9650835,-82.4517325,27.9651764,-82.4517571,10190452,0,06587,SR 400,I 4,L LEFT,X RAMP,W WEST,08 RAMP RURAL,01 INTERSTATE,01 NON-JUNCTION,02 OFF ROADWAY,01 NOT AT INTERSECTION,01 PAVED,0,"December 31, 2000",,15,PAVED,6,VALLEY GUTR,4,,0,,6500,RCI,8.1,,,1 NO INJURY,31 Q/C COMPLETED - LOC VERIFIED,1 ALC,08 EXIT RAMP,04 DARK-LIGHTED,01 CLEAR,01 DRY,04 DOWNHILL,3 CURVE LEFT,ONE-WAY TRAFFICWAY,,NO CONTROLS,NOT CODED,1,NONE,NOT CODED,NOT CODED,NONE,NOT CODED,NOT CODED,27 GUARDRAIL FACE,77 OTHER (SEE NARRATIVE),01 STRAIGHT AHEAD,OPERATED MV IN CARLESS OR NEGL,NOT CODED,00 NOT CODED,00 NOT CODED,00 NOT CODED,00 NOT CODED,01 NO,0,0,0,0,1,0,1,1,N,N,N,N,Y,N,N,Y,N,N,N,N,N,N,N,N,N,N,N,N,N,N,N,N,N,N,27.965176826,-82.451760552,357204.7568,3094193.294,O,,ARBM15Q1R2,"January 7, 2023",2915166,-9178488.378185371,3244584.745634268
2021885412950,2021,885412950,FHPC21OFF096852,FLORIDA HIGHWAY PATROL,07 SEVENTH,HILLSBOROUGH,"September 16, 2021",1218,FRIDAY,1050 TAMPA,0350,N,I 75,SR 60,1,N,27.96122,-82.32643,27.9571678,-82.3269785,10075000,23.953,04460,SR 93A,I 75,M MEDIAN,M MIDDLE,N NORTH,01 INTERSTATE URBAN,01 INTERSTATE,01 NON-JUNCTION,04 MEDIAN,01 NOT AT INTERSECTION,01 PAVED,22,"February 11, 2018",11 URBAN PRIN ART INT.,36,PAVED WARN,12,VALLEY GUTR,4,LAWN,12,88,143500,RCI,6.4,,70,1 NO INJURY,31 Q/C COMPLETED - LOC VERIFIED,0 NO,01 NOT AT INTERSECTION/RRX/BRIDGE,01 DAYLIGHT,03 RAIN,02 WET,01 LEVEL,1 STRAIGHT,"TWO-WAY, DIVIDED, POSITIVE MED",,TRAFFIC CONTROL SIGNAL,NOT CODED,6,NONE,NOT CODED,NOT CODED,NONE,NOT CODED,NOT CODED,27 GUARDRAIL FACE,77 OTHER (SEE NARRATIVE),01 STRAIGHT AHEAD,NO CONTRIBUTING ACTION,NOT CODED,00 NOT CODED,00 NOT CODED,00 NOT CODED,00 NOT CODED,01 NO,0,0,0,0,1,0,1,1,N,N,N,N,Y,N,N,N,N,N,N,N,N,N,N,N,N,N,N,N,N,N,N,N,N,N,27.956840736,-82.327042686,369463.277109,3093130.188374,R,,ARBM15Q1R2,"January 7, 2023",2915177,-9164604.844791405,3243534.1353427926
2021885412960,2021,885412960,FHPC21OFF096880,FLORIDA HIGHWAY PATROL,07 SEVENTH,HILLSBOROUGH,"September 16, 2021",1310,FRIDAY,1050 TAMPA,0350,N,I 75,SR 60,1,N,27.96122,-82.32643,27.9571678,-82.3269785,10075000,23.953,04460,SR 93A,I 75,M MEDIAN,M MIDDLE,N NORTH,01 INTERSTATE URBAN,01 INTERSTATE,01 NON-JUNCTION,04 MEDIAN,01 NOT AT INTERSECTION,01 PAVED,22,"February 11, 2018",11 URBAN PRIN ART INT.,36,PAVED WARN,12,VALLEY GUTR,4,LAWN,12,88,143500,RCI,6.4,,70,1 NO INJURY,31 Q/C COMPLETED - LOC VERIFIED,0 NO,01 NOT AT INTERSECTION/RRX/BRIDGE,01 DAYLIGHT,03 RAIN,02 WET,01 LEVEL,1 STRAIGHT,"TWO-WAY, DIVIDED, POSITIVE MED",,NO CONTROLS,NOT CODED,6,NONE,NOT CODED,NOT CODED,NONE,NOT CODED,NOT CODED,27 GUARDRAIL FACE,77 OTHER (SEE NARRATIVE),01 STRAIGHT AHEAD,NO CONTRIBUTING ACTION,NOT CODED,00 NOT CODED,00 NOT CODED,00 NOT CODED,00 NOT CODED,01 NO,0,0,0,0,1,0,1,1,N,N,N,N,Y,N,N,N,N,N,N,N,N,N,N,N,N,N,N,N,N,N,N,N,N,N,27.956840736,-82.327042686,369463.277109,3093130.188374,R,,ARBM15Q1R2,"January 7, 2023",2915178,-9164604.844791405,3243534.1353427926