Crash Id,Calendar Year,FDOT Crash Number,Reporting Agency Case Number,Reporting Agency Type,FDOT Managing District,County Name,Crash Date,Crash Time,Day,DHSMV City,Crash Report City Code,In Town,On Roadway Name,Int Roadway Name,Reference Distance (Miles),Reference Direction,Officer Latitude,Officer Longitude,FDOT Latitude,FDOT Longitude,FDOT Roadway,Nearest Inventory MP,Nearest Node From Crash,State Road #,US Highway,Crash Side of Road,Accident Lane Number,Travel Direction Vehicle 1,FDOT Road Category,DHSMV Road System Id,Relation to Junction,Crash Harmful Event Location,Intersection Type,Shoulder Type,FDOT Roadway SKID Test Result,FDOT Roadway SKID Test Date,Functional Class,RCI Surface Width,RCI Shoulder Type First,RCI Shoulder Width First,RCI Shoulder Type Second,RCI Shoulder Width Second,RCI Shoulder Type Third,RCI Shoulder Width Third,RCI Median Width,Avg Daily Traffic,AADT Source,RCI Avg Per Truck Traffic,RCI Horiz Curve Condition,Posted Speed Limit,Highest Injury in Crash,CAR Status Code,Alcohols/Drug Involved,Site Location,Lighting,Weather,Road Surface,Roadway Grade,Roadway Alignment,Traffic Way Vehicle 1,Traffic Way Vehicle 2,Traffic Control Vehicle 1,Traffic Control Vehicle 2,Count of Lanes,Road Condition 1,Road Condition 2,Road Condition 3,Environment Condition 1,Environment Condition 2,Environment Condition 3,Crash Harmful Event,Manner of Collision,Vehicle Movement,Driver Action Vehicle 1,Driver Action Vehicle 2,Location Within Workzone,Type of Workzone,Workers Present in Workzone,Law Enforcement Present in Workzone,School Bus Related,Count of Nonfatal Injuries,Count of Traffic Fatalities,Count of Serious Injuries,Count of Pedestrians,Count of Drivers,Count of Bicyclists,Count of Vehicles,Count of Persons,Wrong Way,Workzone Inv,Commercial Vehicle Inv,Intersection Inv,Lane Departure,Speeding,Agressive Driving,Impaired Driver,Impaired Pedestrian,Impaired Bicyclist,Distracted Driver,Speeding or Aggressive Driving,Pedestrian Related,Bicyclist Related,Pedestrian or Bicyclist Related,Motorcycle Inv,No Belt,No Belt - Ages 1-4,No Belt - Ages 5-12,No Belt - Ages 13-17,Driver - Ages Teen,Driver - Ages 65 plus,Driver - Ages 65-69,Driver - Ages 70-74,Driver - Ages 75-79,Driver - Ages 80 plus,ARBM Latitude,ARBM Longitude,UTM Zone 17N X,UTM Zone 17N Y,ARBM Side of Road,Urban Rural Indicator,GIS Street Source,Extract Date,OBJECTID,x,y
2021885449000,2021,885449000,FHPC21OFF080165,FLORIDA HIGHWAY PATROL,07 SEVENTH,HILLSBOROUGH,"August 1, 2021",1510,MONDAY,1050 TAMPA,0350,N,I 75,BRUCE B DOWNS BLVD,1,S,28.12299,-82.3743999,28.1083768,-82.3692671,10075000,35.179,06190,SR 93A,I 75,M MEDIAN,M MIDDLE,N NORTH,01 INTERSTATE URBAN,01 INTERSTATE,01 NON-JUNCTION,04 MEDIAN,01 NOT AT INTERSECTION,01 PAVED,39,"March 17, 2020",11 URBAN PRIN ART INT.,48,PAVED WARN,10,LAWN,12,,0,67,114000,RCI,10.5,,70,1 NO INJURY,31 Q/C COMPLETED - LOC VERIFIED,0 NO,01 NOT AT INTERSECTION/RRX/BRIDGE,01 DAYLIGHT,03 RAIN,02 WET,01 LEVEL,1 STRAIGHT,"TWO-WAY, DIVIDED, POSITIVE MED",,NO CONTROLS,NOT CODED,8,NONE,NOT CODED,NOT CODED,NONE,NOT CODED,NOT CODED,27 GUARDRAIL FACE,77 OTHER (SEE NARRATIVE),01 STRAIGHT AHEAD,NO CONTRIBUTING ACTION,NOT CODED,00 NOT CODED,00 NOT CODED,00 NOT CODED,00 NOT CODED,01 NO,0,0,0,0,1,0,1,1,N,N,N,N,Y,N,N,N,N,N,N,N,N,N,N,N,N,N,N,N,N,N,N,N,N,N,28.108353205,-82.36926217,365498.423911,3109962.600182,R,,ARBM15Q1R2,"January 7, 2023",2916004,-9169304.698162839,3262642.1887812624
2021885449010,2021,885449010,FHPC21OFF080197,FLORIDA HIGHWAY PATROL,07 SEVENTH,HILLSBOROUGH,"August 1, 2021",1615,MONDAY,1050 TAMPA,0350,Y,I 275,SR 60,0.5,E,27.9478399,-82.5308299,27.9503786,-82.5233698,10190000,2.669,01917,SR 93,I 275,L LEFT,2 THRU LANE 2,W WEST,01 INTERSTATE URBAN,01 INTERSTATE,01 NON-JUNCTION,01 ON ROADWAY,01 NOT AT INTERSECTION,01 PAVED,36,"September 17, 2018",11 URBAN PRIN ART INT.,60,PAVED WARN,11,,0,,0,37,199500,RCI,6.8,1D30,55,4 INCAPACITATING INJURY,31 Q/C COMPLETED - LOC VERIFIED,0 NO,01 NOT AT INTERSECTION/RRX/BRIDGE,01 DAYLIGHT,03 RAIN,02 WET,01 LEVEL,1 STRAIGHT,"TWO-WAY, DIVIDED, POSITIVE MED","TWO-WAY, DIVIDED, POSITIVE MED",NO CONTROLS,NO CONTROLS,8,NONE,NOT CODED,NOT CODED,NONE,NOT CODED,NOT CODED,14 MOTOR VEHICLE IN TRANSPORT,01 FRONT TO REAR,01 STRAIGHT AHEAD,OPERATED MV IN CARLESS OR NEGL,NO CONTRIBUTING ACTION,00 NOT CODED,00 NOT CODED,00 NOT CODED,00 NOT CODED,01 NO,1,0,1,0,2,0,2,3,N,N,N,N,N,N,N,N,N,N,N,N,N,N,N,Y,N,N,N,N,Y,N,N,N,N,N,27.950504946,-82.52353105,350124.220275,3092653.682661,L,,ARBM15Q1R2,"January 7, 2023",2916005,-9186477.835682455,3242735.679433534
2021884812120,2021,884812120,FHPC21OFF037240,FLORIDA HIGHWAY PATROL,07 SEVENTH,HILLSBOROUGH,"April 10, 2021",1951,SUNDAY,1050 TAMPA,0350,Y,I 275,SR 580,0.284,N,28.0379802,-82.4547917,28.0374214,-82.4548149,10320000,5.324,06023,SR 93,I 275,R RIGHT,S SIDE OF ROAD,N NORTH,01 INTERSTATE URBAN,01 INTERSTATE,01 NON-JUNCTION,03 SHOULDER,01 NOT AT INTERSECTION,01 PAVED,26,"February 14, 2021",11 URBAN PRIN ART INT.,36,PAVED,4,VALLEY GUTR,4,,0,20,147000,RCI,5.2,,55,2 POSSIBLE INJURY,31 Q/C COMPLETED - LOC VERIFIED,0 NO,01 NOT AT INTERSECTION/RRX/BRIDGE,02 DUSK,02 CLOUDY,02 WET,03 UPHILL,1 STRAIGHT,"TWO-WAY, DIVIDED, POSITIVE MED",,NO CONTROLS,NOT CODED,6,NONE,NOT CODED,NOT CODED,NONE,NOT CODED,NOT CODED,27 GUARDRAIL FACE,77 OTHER (SEE NARRATIVE),01 STRAIGHT AHEAD,OPERATED MV IN CARLESS OR NEGL,NOT CODED,00 NOT CODED,00 NOT CODED,00 NOT CODED,00 NOT CODED,01 NO,1,0,0,0,1,0,1,1,N,N,N,N,Y,N,N,N,N,N,N,N,N,N,N,N,N,N,N,N,N,N,N,N,N,N,28.037386933,-82.454833618,356997.849674,3102197.427923,R,,ARBM15Q1R2,"January 7, 2023",2916024,-9178830.470610237,3253688.8999139527
2021884812180,2021,884812180,FHPC21OFF038496,FLORIDA HIGHWAY PATROL,07 SEVENTH,HILLSBOROUGH,"April 13, 2021",2347,WEDNESDAY,1050 TAMPA,0350,Y,I 275,BIRD ST,0.057,S,28.0216993,-82.455988,28.0217217,-82.4560058,10320171,0.057,03038,SR 93,I 275,L LEFT,X RAMP,S SOUTH,07 RAMP URBAN,01 INTERSTATE,14 ENTRANCE/EXIT RAMP,02 OFF ROADWAY,01 NOT AT INTERSECTION,02 UNPAVED,0,"December 31, 2000",,23,PAVED,3,LAWN,12,,0,,8900,RCI,6.2,,,1 NO INJURY,31 Q/C COMPLETED - LOC VERIFIED,0 NO,07 ENTRANCE RAMP,04 DARK-LIGHTED,02 CLOUDY,01 DRY,03 UPHILL,1 STRAIGHT,ONE-WAY TRAFFICWAY,,NO CONTROLS,NOT CODED,1,NONE,NOT CODED,NOT CODED,NONE,NOT CODED,NOT CODED,27 GUARDRAIL FACE,77 OTHER (SEE NARRATIVE),01 STRAIGHT AHEAD,OPERATED MV IN CARLESS OR NEGL,NOT CODED,00 NOT CODED,00 NOT CODED,00 NOT CODED,00 NOT CODED,01 NO,0,0,0,0,1,0,1,1,N,N,N,N,Y,N,N,N,N,N,N,N,N,N,N,N,N,N,N,N,N,N,N,N,N,N,28.021720788,-82.456000988,356862.357357,3100463.05667,O,,ARBM15Q1R2,"January 7, 2023",2916025,-9178960.421608102,3251713.214765178
2021884812280,2021,884812280,FHPC21OFF040752,FLORIDA HIGHWAY PATROL,07 SEVENTH,HILLSBOROUGH,"April 19, 2021",2150,TUESDAY,1050 TAMPA,0350,Y,SR 618,US 92,1,E,27.9049472,-82.5022167,27.928186,-82.335264,10002000,13.936,04610,SR 618,,M MEDIAN,M MIDDLE,E EAST,03 TOLL ROAD URBAN,03 STATE,01 NON-JUNCTION,04 MEDIAN,01 NOT AT INTERSECTION,01 PAVED,38,"May 19, 2020",12 URBAN PRIN ART EXPR.,15,PAVED,11,LAWN,12,,0,69,50500,RCI,8.9,,65,4 INCAPACITATING INJURY,31 Q/C COMPLETED - LOC VERIFIED,0 NO,01 NOT AT INTERSECTION/RRX/BRIDGE,04 DARK-LIGHTED,02 CLOUDY,01 DRY,03 UPHILL,2 CURVE RIGHT,"TWO-WAY, DIVIDED, POSITIVE MED",,NO CONTROLS,NOT CODED,3,NONE,NOT CODED,NOT CODED,NONE,NOT CODED,NOT CODED,27 GUARDRAIL FACE,77 OTHER (SEE NARRATIVE),01 STRAIGHT AHEAD,NO CONTRIBUTING ACTION,NOT CODED,00 NOT CODED,00 NOT CODED,00 NOT CODED,00 NOT CODED,01 NO,1,0,1,0,1,0,1,1,N,N,N,N,Y,N,N,N,N,N,N,N,N,N,N,N,N,N,N,N,N,N,N,N,N,N,27.928191972,-82.335242349,368621.954624,3089964.945171,R,,ARBM15Q1R2,"January 7, 2023",2916026,-9165517.627275404,3239924.1045325664
2021831980040,2021,831980040,FHPC21OFF037966,FLORIDA HIGHWAY PATROL,07 SEVENTH,HILLSBOROUGH,"April 12, 2021",1545,TUESDAY,1050 TAMPA,0350,N,I 275,HILLSBOROUGH AVE,0.5,S,27.9862263,-82.4538101,27.9886368,-82.4534957,10320000,1.94,02776,SR 93,I 275,L LEFT,1 THRU LANE 1,S SOUTH,01 INTERSTATE URBAN,01 INTERSTATE,01 NON-JUNCTION,01 ON ROADWAY,01 NOT AT INTERSECTION,01 PAVED,26,"February 14, 2021",11 URBAN PRIN ART INT.,36,PAVED WARN,8,VALLEY GUTR,4,,0,44,167000,RCI,5.5,,55,4 INCAPACITATING INJURY,31 Q/C COMPLETED - LOC VERIFIED,0 NO,01 NOT AT INTERSECTION/RRX/BRIDGE,01 DAYLIGHT,01 CLEAR,01 DRY,04 DOWNHILL,1 STRAIGHT,"TWO-WAY, DIVIDED, POSITIVE MED","TWO-WAY, DIVIDED, POSITIVE MED",NO CONTROLS,NO CONTROLS,6,NONE,NOT CODED,NOT CODED,NONE,NOT CODED,NOT CODED,14 MOTOR VEHICLE IN TRANSPORT,01 FRONT TO REAR,01 STRAIGHT AHEAD,OPERATED MV IN CARLESS OR NEGL,NO CONTRIBUTING ACTION,00 NOT CODED,00 NOT CODED,00 NOT CODED,00 NOT CODED,01 NO,3,0,1,0,3,0,3,4,N,N,N,N,N,N,N,N,N,N,N,N,N,N,N,N,N,N,N,N,Y,N,N,N,N,N,27.988559329,-82.453746598,357040.228148,3096786.278569,L,,ARBM15Q1R2,"January 7, 2023",2916277,-9178709.464001946,3247532.112725404
2021884696140,2021,884696140,FHPC21OFF082255,FLORIDA HIGHWAY PATROL,07 SEVENTH,HILLSBOROUGH,"August 7, 2021",0302,SUNDAY,1050 TAMPA,0350,Y,I 275,M L KING JR BLVD,0.2,S,27.9895999,-82.4535,27.9783649,-82.4535829,10320000,1.233,02839,SR 93,I 275,R RIGHT,2 THRU LANE 2,N NORTH,01 INTERSTATE URBAN,01 INTERSTATE,01 NON-JUNCTION,01 ON ROADWAY,01 NOT AT INTERSECTION,01 PAVED,26,"February 14, 2021",11 URBAN PRIN ART INT.,36,PAVED WARN,8,VALLEY GUTR,4,,0,44,153000,RCI,6.2,0D20,55,1 NO INJURY,31 Q/C COMPLETED - LOC VERIFIED,0 NO,01 NOT AT INTERSECTION/RRX/BRIDGE,04 DARK-LIGHTED,01 CLEAR,01 DRY,01 LEVEL,1 STRAIGHT,"TWO-WAY, DIVIDED, POSITIVE MED","TWO-WAY, DIVIDED, POSITIVE MED",NO CONTROLS,NO CONTROLS,6,NONE,NOT CODED,NOT CODED,NONE,NOT CODED,NOT CODED,14 MOTOR VEHICLE IN TRANSPORT,01 FRONT TO REAR,01 STRAIGHT AHEAD,OPERATED MV IN CARLESS OR NEGL,NO CONTRIBUTING ACTION,00 NOT CODED,00 NOT CODED,00 NOT CODED,00 NOT CODED,01 NO,0,0,0,0,2,0,2,3,N,N,N,N,Y,N,N,N,N,N,N,N,N,N,N,N,N,N,N,N,N,N,N,N,N,N,27.978343025,-82.453586172,357042.528991,3095654.175739,R,,ARBM15Q1R2,"January 7, 2023",2916320,-9178691.605327284,3246244.267805674
2021885534360,2021,885534360,FHPC21OFF087904,FLORIDA HIGHWAY PATROL,07 SEVENTH,HILLSBOROUGH,"August 23, 2021",0240,TUESDAY,1050 TAMPA,0350,Y,I 4,COLUMBUS DR NE,0.095,E,27.9647638,-82.410944,27.9656004,-82.4081261,10190445,0.43,05945,SR 400,I 4,R RIGHT,X RAMP,E EAST,08 RAMP RURAL,01 INTERSTATE,14 ENTRANCE/EXIT RAMP,03 SHOULDER,01 NOT AT INTERSECTION,02 UNPAVED,0,"December 31, 2000",,13,PAVED,13,LAWN,11,,0,,13000,RCI,11.2,,,1 NO INJURY,31 Q/C COMPLETED - LOC VERIFIED,0 NO,07 ENTRANCE RAMP,04 DARK-LIGHTED,01 CLEAR,01 DRY,01 LEVEL,1 STRAIGHT,ONE-WAY TRAFFICWAY,,NO CONTROLS,NOT CODED,1,NONE,NOT CODED,NOT CODED,NONE,NOT CODED,NOT CODED,33 UTILITY POLE/LIGHT SUPPORT,77 OTHER (SEE NARRATIVE),01 STRAIGHT AHEAD,OPERATED MV IN CARLESS OR NEGL,NOT CODED,00 NOT CODED,00 NOT CODED,00 NOT CODED,00 NOT CODED,01 NO,0,0,0,0,1,0,1,1,N,N,N,N,Y,N,N,N,N,N,Y,N,N,N,N,N,N,N,N,N,N,N,N,N,N,N,27.965601576,-82.408126428,361497.649115,3094190.108261,O,,ARBM15Q1R2,"January 7, 2023",2916423,-9173631.048318986,3244638.279924743
2021885711170,2021,885711170,FHPC21OFF109306,FLORIDA HIGHWAY PATROL,07 SEVENTH,HILLSBOROUGH,"October 19, 2021",2319,WEDNESDAY,1050 TAMPA,0350,N,SR 583,PURITAN RD,0,,28.02023,-82.3932899,28.0201937,-82.3932886,10330000,3.81,00258,SR 583,,L LEFT,1 THRU LANE 1,N NORTH,23 SUBURBAN 4-5LN 2WY DIVD RASD,03 STATE,02 INTERSECTION,02 OFF ROADWAY,02 FOUR-WAY INTERSECTION,02 UNPAVED,35,"October 2, 2019",16 URBAN MINOR ART,23,PAVED,6,LAWN,12,,0,40,44000,RCI,4.2,,45,4 INCAPACITATING INJURY,31 Q/C COMPLETED - LOC VERIFIED,0 NO,02 AT INTERSECTION,04 DARK-LIGHTED,02 CLOUDY,01 DRY,01 LEVEL,1 STRAIGHT,"TWO-WAY, DIVIDED, POSITIVE MED","TWO-WAY, DIVIDED, POSITIVE MED",TRAFFIC CONTROL SIGNAL,TRAFFIC CONTROL SIGNAL,4,NONE,NOT CODED,NOT CODED,NONE,NOT CODED,NOT CODED,"39 OTHER FIXED OBJECT (WALL, BUIL",77 OTHER (SEE NARRATIVE),03 TURNING LEFT,FAILED TO YIELD RIGHT-OF-WAY,SWERVED OR AVOIDED:  DUE TO WI,00 NOT CODED,00 NOT CODED,00 NOT CODED,00 NOT CODED,01 NO,2,0,1,0,2,0,2,3,N,N,N,Y,N,N,N,N,N,N,N,N,N,N,N,N,N,N,N,N,Y,N,N,N,N,N,28.020257043,-82.393476905,363007.865821,3100229.051758,L,,ARBM15Q1R2,"January 7, 2023",2916456,-9172000.270620823,3251528.6341330637
2021885711280,2021,885711280,FHPC21OFF116936,FLORIDA HIGHWAY PATROL,07 SEVENTH,HILLSBOROUGH,"November 9, 2021",0215,WEDNESDAY,1050 TAMPA,0350,N,SR 597,SR 580,0.047,N,28.039214,-82.5049679,28.0367478,-82.5048137,10160000,2.826,01639,SR 580,,L LEFT,S SIDE OF ROAD,S SOUTH,33 SUBURBAN 6+LN 2WY DIVD RASD,03 STATE,01 NON-JUNCTION,02 OFF ROADWAY,01 NOT AT INTERSECTION,03 CURB,40,"February 17, 2020",14 URBAN PRIN ART OTHER,36,PAVED,3,VALLEY GUTR,4,,0,23,64000,RCI,2.6,,45,2 POSSIBLE INJURY,31 Q/C COMPLETED - LOC VERIFIED,1 ALC,01 NOT AT INTERSECTION/RRX/BRIDGE,04 DARK-LIGHTED,02 CLOUDY,01 DRY,01 LEVEL,1 STRAIGHT,"TWO-WAY, DIVIDED, POSITIVE MED",,NO CONTROLS,NOT CODED,6,NONE,NOT CODED,NOT CODED,NONE,NOT CODED,NOT CODED,24 CURB,77 OTHER (SEE NARRATIVE),01 STRAIGHT AHEAD,OPERATED MV IN CARLESS OR NEGL,NOT CODED,00 NOT CODED,00 NOT CODED,00 NOT CODED,00 NOT CODED,01 NO,1,0,0,0,1,0,1,1,N,N,N,N,Y,N,N,Y,N,N,N,N,N,N,N,N,N,N,N,N,N,N,N,N,N,N,28.036729005,-82.504966582,352068.528029,3102184.380374,L,,ARBM15Q1R2,"January 7, 2023",2916458,-9184411.248371547,3253605.92154017
2021884947020,2021,884947020,FHPC21OFF043031,FLORIDA HIGHWAY PATROL,07 SEVENTH,HILLSBOROUGH,"April 25, 2021",2248,MONDAY,1050 TAMPA,0350,N,US 301,OLD HOPEWELL RD,0.25,S,27.95606,-82.3555099,27.9526372,-82.3546667,10010000,22.731,00448,SR 43,US 301,R RIGHT,2 THRU LANE 2,N NORTH,23 SUBURBAN 4-5LN 2WY DIVD RASD,02 U.S.,01 NON-JUNCTION,01 ON ROADWAY,01 NOT AT INTERSECTION,03 CURB,35,"July 12, 2020",14 URBAN PRIN ART OTHER,24,PAVED,8,VALLEY GUTR,4,,0,17,39000,RCI,12.1,0D50,45,3 NO-INCAPACITATING INJURY,31 Q/C COMPLETED - LOC VERIFIED,0 NO,01 NOT AT INTERSECTION/RRX/BRIDGE,04 DARK-LIGHTED,02 CLOUDY,01 DRY,04 DOWNHILL,1 STRAIGHT,"TWO-WAY, DIVIDED, POSITIVE MED","TWO-WAY, DIVIDED, POSITIVE MED",NO CONTROLS,NO CONTROLS,4,NONE,NOT CODED,NOT CODED,NONE,NOT CODED,NOT CODED,14 MOTOR VEHICLE IN TRANSPORT,"04 SIDESWIPE, SAME DIRECTION",06 CHANGING LANES,"OPER MV AGRSIVE, ERATIC, RCKLS",NO CONTRIBUTING ACTION,00 NOT CODED,00 NOT CODED,00 NOT CODED,00 NOT CODED,01 NO,4,0,0,0,2,0,2,4,N,N,N,N,Y,N,Y,N,N,N,N,Y,N,N,N,N,N,N,N,N,N,N,N,N,N,N,27.952650906,-82.354661664,366741.062411,3092695.804153,R,,ARBM15Q1R2,"January 7, 2023",3158817,-9167679.376301656,3243006.115058308
2021884947170,2021,884947170,FHPC21OFF045010,FLORIDA HIGHWAY PATROL,07 SEVENTH,HILLSBOROUGH,"April 30, 2021",2106,SATURDAY,1050 TAMPA,0350,N,I 275,FLETCHER AVE,0,,28.0718848,-82.4549904,28.0719549,-82.4549619,10320148,0,02812,SR 93,I 275,L LEFT,X RAMP,S SOUTH,08 RAMP RURAL,01 INTERSTATE,14 ENTRANCE/EXIT RAMP,02 OFF ROADWAY,01 NOT AT INTERSECTION,01 PAVED,0,"December 31, 2000",,15,PAVED,2,LAWN,12,,0,,3500,RCI,6.2,,,2 POSSIBLE INJURY,31 Q/C COMPLETED - LOC VERIFIED,0 NO,08 EXIT RAMP,04 DARK-LIGHTED,02 CLOUDY,01 DRY,04 DOWNHILL,1 STRAIGHT,ONE-WAY TRAFFICWAY,,NO CONTROLS,NOT CODED,1,NONE,NOT CODED,NOT CODED,NONE,NOT CODED,NOT CODED,37 FENCE,77 OTHER (SEE NARRATIVE),01 STRAIGHT AHEAD,"OPER MV AGRSIVE, ERATIC, RCKLS",NOT CODED,00 NOT CODED,00 NOT CODED,00 NOT CODED,00 NOT CODED,01 NO,1,0,0,0,1,0,1,1,N,N,N,N,Y,N,Y,N,N,N,N,Y,N,N,N,N,N,N,N,N,N,N,N,N,N,N,28.071960867,-82.45499354,357027.8891,3106028.2715,O,,ARBM15Q1R2,"January 7, 2023",3158818,-9178848.27326381,3258050.098087502
2021884586170,2021,884586170,FHPC21OFF035338,FLORIDA HIGHWAY PATROL,07 SEVENTH,HILLSBOROUGH,"April 6, 2021",1500,WEDNESDAY,1050 TAMPA,0350,N,SR 618,26TH ST N,0.057,E,27.954707,-82.4172799,27.9517486,-82.4295137,10002000,7.324,00415,SR 618,,M MEDIAN,M MIDDLE,E EAST,03 TOLL ROAD URBAN,03 STATE,14 ENTRANCE/EXIT RAMP,02 OFF ROADWAY,04 Y-INTERSECTION,01 PAVED,44,"May 19, 2020",12 URBAN PRIN ART EXPR.,24,PAVED,16,,0,,0,88,50000,RCI,8,3D00,65,3 NO-INCAPACITATING INJURY,31 Q/C COMPLETED - LOC VERIFIED,0 NO,01 NOT AT INTERSECTION/RRX/BRIDGE,01 DAYLIGHT,01 CLEAR,01 DRY,01 LEVEL,1 STRAIGHT,"TWO-WAY, DIVIDED, POSITIVE MED",,NO CONTROLS,NOT CODED,5,NONE,NOT CODED,NOT CODED,NONE,NOT CODED,NOT CODED,28 GUARDRAIL END,77 OTHER (SEE NARRATIVE),01 STRAIGHT AHEAD,OPERATED MV IN CARLESS OR NEGL,NOT CODED,00 NOT CODED,00 NOT CODED,00 NOT CODED,00 NOT CODED,01 NO,1,0,0,0,1,0,1,1,N,N,N,N,Y,N,N,N,N,N,N,N,N,N,N,N,N,N,N,N,N,Y,N,N,N,Y,27.951796603,-82.429363889,359390.611301,3092684.864949,R,,ARBM15Q1R2,"January 7, 2023",3158936,-9175995.192284806,3242898.45426712
2021884413250,2021,884413250,FHPC21OFF034074,FLORIDA HIGHWAY PATROL,07 SEVENTH,HILLSBOROUGH,"April 3, 2021",0600,SUNDAY,1050 TAMPA,0350,N,I 4,I 75,0.028,N,27.9999499,-82.32971,27.9964194,-82.3268548,10075342,0.605,05645,SR 93A,I 75,R RIGHT,X RAMP,E EAST,08 RAMP RURAL,01 INTERSTATE,14 ENTRANCE/EXIT RAMP,02 OFF ROADWAY,01 NOT AT INTERSECTION,02 UNPAVED,0,"December 31, 2000",,16,PAVED WARN,8,VALLEY GUTR,4,,0,,16000,RCI,8.1,,,2 POSSIBLE INJURY,31 Q/C COMPLETED - LOC VERIFIED,0 NO,07 ENTRANCE RAMP,04 DARK-LIGHTED,01 CLEAR,01 DRY,01 LEVEL,1 STRAIGHT,"TWO-WAY, DIVIDED, POSITIVE MED",,NO CONTROLS,NOT CODED,1,NONE,NOT CODED,NOT CODED,NONE,NOT CODED,NOT CODED,25 DITCH,77 OTHER (SEE NARRATIVE),01 STRAIGHT AHEAD,OTHER CONTRIBUTING ACTION,NOT CODED,00 NOT CODED,00 NOT CODED,00 NOT CODED,00 NOT CODED,01 NO,1,0,0,0,1,0,1,2,N,N,N,N,Y,N,N,N,N,N,N,N,N,N,N,N,N,N,N,N,N,N,N,N,N,N,27.996419558,-82.326866296,369528.275944,3097514.996973,O,,ARBM15Q1R2,"January 7, 2023",3159337,-9164585.2093477,3248523.0393784163
2021884738800,2021,884738800,FHPC21OFF042717,FLORIDA HIGHWAY PATROL,07 SEVENTH,HILLSBOROUGH,"April 25, 2021",0738,MONDAY,1050 TAMPA,0350,N,SR 618,50TH ST,0.5,E,27.9499359,-82.3903089,27.9497977,-82.3930196,10002000,9.643,04809,SR 618,,M MEDIAN,M MIDDLE,E EAST,03 TOLL ROAD URBAN,03 STATE,01 NON-JUNCTION,01 ON ROADWAY,01 NOT AT INTERSECTION,01 PAVED,36,"May 19, 2020",12 URBAN PRIN ART EXPR.,25,PAVED WARN,5,VALLEY GUTR,4,LAWN,12,48,76500,RCI,6.9,,65,2 POSSIBLE INJURY,31 Q/C COMPLETED - LOC VERIFIED,0 NO,01 NOT AT INTERSECTION/RRX/BRIDGE,01 DAYLIGHT,01 CLEAR,01 DRY,01 LEVEL,1 STRAIGHT,"TWO-WAY, DIVIDED, POSITIVE MED","TWO-WAY, DIVIDED, POSITIVE MED",NO CONTROLS,NO CONTROLS,4,NONE,NOT CODED,NOT CODED,NONE,NOT CODED,NOT CODED,14 MOTOR VEHICLE IN TRANSPORT,01 FRONT TO REAR,01 STRAIGHT AHEAD,OPERATED MV IN CARLESS OR NEGL,NO CONTRIBUTING ACTION,00 NOT CODED,00 NOT CODED,00 NOT CODED,00 NOT CODED,01 NO,4,0,0,0,2,0,2,5,N,N,N,N,Y,N,N,N,N,N,Y,N,N,N,N,N,N,N,N,N,N,Y,N,Y,N,N,27.949774826,-82.3929093,362974.573439,3092419.454327,R,,ARBM15Q1R2,"January 7, 2023",3159398,-9171937.084879056,3242643.6708404077
2021884568410,2021,884568410,FHPC21OFF008490,FLORIDA HIGHWAY PATROL,07 SEVENTH,HILLSBOROUGH,"January 26, 2021",0915,WEDNESDAY,1050 TAMPA,0350,N,I 4,36TH ST N,0.028,E,27.9646698,-82.4183018,27.9646333,-82.4175798,10190000,9.528,05455,SR 400,I 4,M MEDIAN,M MIDDLE,E EAST,01 INTERSTATE URBAN,01 INTERSTATE,01 NON-JUNCTION,01 ON ROADWAY,01 NOT AT INTERSECTION,01 PAVED,29,"May 11, 2020",11 URBAN PRIN ART INT.,36,PAVED WARN,12,,0,,0,259,163000,RCI,8.7,,60,1 NO INJURY,31 Q/C COMPLETED - LOC VERIFIED,0 NO,01 NOT AT INTERSECTION/RRX/BRIDGE,01 DAYLIGHT,01 CLEAR,01 DRY,01 LEVEL,1 STRAIGHT,"TWO-WAY, DIVIDED, POSITIVE MED",,NO CONTROLS,NOT CODED,7,NONE,NOT CODED,NOT CODED,NONE,NOT CODED,NOT CODED,09 OTHER NON-COLLISION,77 OTHER (SEE NARRATIVE),01 STRAIGHT AHEAD,NO CONTRIBUTING ACTION,NOT CODED,00 NOT CODED,00 NOT CODED,00 NOT CODED,00 NOT CODED,01 NO,0,0,0,0,1,0,1,1,N,N,N,N,Y,N,N,N,N,N,N,N,N,N,N,N,N,N,N,N,N,N,N,N,N,N,27.964626262,-82.417588272,360565.627856,3094092.814831,R,,ARBM15Q1R2,"January 7, 2023",3159437,-9174684.336203177,3244515.3547167177
2021884568590,2021,884568590,FHPC21OFF012183,FLORIDA HIGHWAY PATROL,07 SEVENTH,HILLSBOROUGH,"February 5, 2021",0505,SATURDAY,1050 TAMPA,0350,N,I 275,MILE MARKER #43,0.2,E,27.9614098,-82.4538809,27.9562624,-82.4645281,10190000,6.366,00641,SR 93,I 275,M MEDIAN,M MIDDLE,S SOUTH,01 INTERSTATE URBAN,01 INTERSTATE,01 NON-JUNCTION,02 OFF ROADWAY,01 NOT AT INTERSECTION,01 PAVED,28,"May 11, 2020",11 URBAN PRIN ART INT.,48,PAVED WARN,12,,0,,0,44,226000,RCI,6.8,,50,1 NO INJURY,31 Q/C COMPLETED - LOC VERIFIED,0 NO,01 NOT AT INTERSECTION/RRX/BRIDGE,03 DAWN,01 CLEAR,01 DRY,04 DOWNHILL,1 STRAIGHT,"TWO-WAY, DIVIDED, POSITIVE MED",,NO CONTROLS,NOT CODED,9,NONE,NOT CODED,NOT CODED,NONE,NOT CODED,NOT CODED,27 GUARDRAIL FACE,77 OTHER (SEE NARRATIVE),01 STRAIGHT AHEAD,OPERATED MV IN CARLESS OR NEGL,NOT CODED,00 NOT CODED,00 NOT CODED,00 NOT CODED,00 NOT CODED,01 NO,0,0,0,0,1,0,1,1,N,N,N,N,Y,N,N,N,N,N,N,N,N,N,N,N,N,N,N,N,N,N,N,N,N,N,27.956235128,-82.464486423,355941.010939,3093217.542371,R,,ARBM15Q1R2,"January 7, 2023",3159438,-9179905.016107662,3243457.812436254