Crash Id,Calendar Year,FDOT Crash Number,Reporting Agency Case Number,Reporting Agency Type,FDOT Managing District,County Name,Crash Date,Crash Time,Day,DHSMV City,Crash Report City Code,In Town,On Roadway Name,Int Roadway Name,Reference Distance (Miles),Reference Direction,Officer Latitude,Officer Longitude,FDOT Latitude,FDOT Longitude,FDOT Roadway,Nearest Inventory MP,Nearest Node From Crash,State Road #,US Highway,Crash Side of Road,Accident Lane Number,Travel Direction Vehicle 1,FDOT Road Category,DHSMV Road System Id,Relation to Junction,Crash Harmful Event Location,Intersection Type,Shoulder Type,FDOT Roadway SKID Test Result,FDOT Roadway SKID Test Date,Functional Class,RCI Surface Width,RCI Shoulder Type First,RCI Shoulder Width First,RCI Shoulder Type Second,RCI Shoulder Width Second,RCI Shoulder Type Third,RCI Shoulder Width Third,RCI Median Width,Avg Daily Traffic,AADT Source,RCI Avg Per Truck Traffic,RCI Horiz Curve Condition,Posted Speed Limit,Highest Injury in Crash,CAR Status Code,Alcohols/Drug Involved,Site Location,Lighting,Weather,Road Surface,Roadway Grade,Roadway Alignment,Traffic Way Vehicle 1,Traffic Way Vehicle 2,Traffic Control Vehicle 1,Traffic Control Vehicle 2,Count of Lanes,Road Condition 1,Road Condition 2,Road Condition 3,Environment Condition 1,Environment Condition 2,Environment Condition 3,Crash Harmful Event,Manner of Collision,Vehicle Movement,Driver Action Vehicle 1,Driver Action Vehicle 2,Location Within Workzone,Type of Workzone,Workers Present in Workzone,Law Enforcement Present in Workzone,School Bus Related,Count of Nonfatal Injuries,Count of Traffic Fatalities,Count of Serious Injuries,Count of Pedestrians,Count of Drivers,Count of Bicyclists,Count of Vehicles,Count of Persons,Wrong Way,Workzone Inv,Commercial Vehicle Inv,Intersection Inv,Lane Departure,Speeding,Agressive Driving,Impaired Driver,Impaired Pedestrian,Impaired Bicyclist,Distracted Driver,Speeding or Aggressive Driving,Pedestrian Related,Bicyclist Related,Pedestrian or Bicyclist Related,Motorcycle Inv,No Belt,No Belt - Ages 1-4,No Belt - Ages 5-12,No Belt - Ages 13-17,Driver - Ages Teen,Driver - Ages 65 plus,Driver - Ages 65-69,Driver - Ages 70-74,Driver - Ages 75-79,Driver - Ages 80 plus,ARBM Latitude,ARBM Longitude,UTM Zone 17N X,UTM Zone 17N Y,ARBM Side of Road,Urban Rural Indicator,GIS Street Source,Extract Date,OBJECTID,x,y
2021884693450,2021,884693450,FHPC21OFF024465,FLORIDA HIGHWAY PATROL,07 SEVENTH,HILLSBOROUGH,"March 10, 2021",1425,THURSDAY,1050 TAMPA,0350,Y,I 275,FOWLER AVE,0.038,S,28.06183,-82.4545899,28.0539998,-82.4547109,10320000,6.465,02795,SR 93,I 275,R RIGHT,3 THRU LANE 3,N NORTH,01 INTERSTATE URBAN,01 INTERSTATE,01 NON-JUNCTION,01 ON ROADWAY,01 NOT AT INTERSECTION,01 PAVED,26,"February 14, 2021",11 URBAN PRIN ART INT.,36,PAVED,8,VALLEY GUTR,4,,0,20,147000,RCI,5.2,,60,1 NO INJURY,31 Q/C COMPLETED - LOC VERIFIED,0 NO,01 NOT AT INTERSECTION/RRX/BRIDGE,01 DAYLIGHT,01 CLEAR,01 DRY,01 LEVEL,1 STRAIGHT,"TWO-WAY, DIVIDED, POSITIVE MED","TWO-WAY, DIVIDED, POSITIVE MED",NO CONTROLS,NO CONTROLS,6,NONE,NOT CODED,NOT CODED,NONE,NOT CODED,NOT CODED,14 MOTOR VEHICLE IN TRANSPORT,01 FRONT TO REAR,01 STRAIGHT AHEAD,OPERATED MV IN CARLESS OR NEGL,NO CONTRIBUTING ACTION,00 NOT CODED,00 NOT CODED,00 NOT CODED,00 NOT CODED,01 NO,0,0,0,0,2,0,2,2,N,N,N,N,Y,N,N,N,N,N,N,N,N,N,N,N,N,N,N,N,Y,N,N,N,N,N,28.053963638,-82.454734984,357029.475948,3104033.943435,R,,ARBM15Q1R2,"January 7, 2023",3159460,-9178819.490887428,3255779.730559079
2021885632240,2021,885632240,FHPC21OFF095651,FLORIDA HIGHWAY PATROL,07 SEVENTH,HILLSBOROUGH,"September 13, 2021",1100,TUESDAY,1050 TAMPA,0350,N,I 275,PALM AVE,0.019,W,27.9642383,-82.4525961,27.9622671,-82.4530766,10190000,7.284,05325,SR 93,I 275,L LEFT,S SIDE OF ROAD,S SOUTH,01 INTERSTATE URBAN,01 INTERSTATE,01 NON-JUNCTION,03 SHOULDER,01 NOT AT INTERSECTION,01 PAVED,28,"May 11, 2020",11 URBAN PRIN ART INT.,84,PAVED,10,VALLEY GUTR,4,,0,21,211500,RCI,6.8,1D00,50,0 UNKNOWN/NOT CODED,31 Q/C COMPLETED - LOC VERIFIED,0 NO,01 NOT AT INTERSECTION/RRX/BRIDGE,01 DAYLIGHT,01 CLEAR,01 DRY,03 UPHILL,2 CURVE RIGHT,"TWO-WAY, DIVIDED, POSITIVE MED",,NO CONTROLS,NOT CODED,9,NONE,NOT CODED,NOT CODED,NONE,NOT CODED,NOT CODED,27 GUARDRAIL FACE,77 OTHER (SEE NARRATIVE),15 NEGOTIATING A CURVE,NOT CODED,NOT CODED,00 NOT CODED,00 NOT CODED,00 NOT CODED,00 NOT CODED,01 NO,0,0,0,0,0,0,1,0,N,N,N,N,Y,N,N,N,N,N,N,N,N,N,N,N,N,N,N,N,N,N,N,N,N,N,27.962426177,-82.453253287,357054.288085,3093890.282765,L,,ARBM15Q1R2,"January 7, 2023",3159875,-9178654.548743373,3244238.067942507
2021885632330,2021,885632330,FHPC21OFF097297,FLORIDA HIGHWAY PATROL,07 SEVENTH,HILLSBOROUGH,"September 17, 2021",1130,SATURDAY,1050 TAMPA,0350,N,I 275,SR 574,0.038,N,27.9849816,-82.4537948,27.9823032,-82.4535966,10320000,1.504,02922,SR 93,I 275,L LEFT,S SIDE OF ROAD,S SOUTH,01 INTERSTATE URBAN,01 INTERSTATE,01 NON-JUNCTION,03 SHOULDER,01 NOT AT INTERSECTION,01 PAVED,26,"February 14, 2021",11 URBAN PRIN ART INT.,36,PAVED WARN,8,VALLEY GUTR,4,,0,44,167000,RCI,5.5,,55,1 NO INJURY,31 Q/C COMPLETED - LOC VERIFIED,0 NO,01 NOT AT INTERSECTION/RRX/BRIDGE,01 DAYLIGHT,01 CLEAR,01 DRY,04 DOWNHILL,1 STRAIGHT,"TWO-WAY, DIVIDED, POSITIVE MED",,NO CONTROLS,NOT CODED,6,NONE,NOT CODED,NOT CODED,NONE,NOT CODED,NOT CODED,27 GUARDRAIL FACE,77 OTHER (SEE NARRATIVE),01 STRAIGHT AHEAD,NO CONTRIBUTING ACTION,NOT CODED,00 NOT CODED,00 NOT CODED,00 NOT CODED,00 NOT CODED,01 NO,0,0,0,0,1,0,1,1,N,N,N,N,Y,N,N,N,N,N,N,N,N,N,N,N,N,N,N,N,N,N,N,N,N,N,27.982256733,-82.453846598,357022.076698,3096088.099616,L,,ARBM15Q1R2,"January 7, 2023",3159876,-9178720.595937898,3246737.606812811
2021885149650,2021,885149650,FHPC21OFF054504,FLORIDA HIGHWAY PATROL,07 SEVENTH,HILLSBOROUGH,"May 25, 2021",0940,WEDNESDAY,1050 TAMPA,0350,N,I 275,HILLSBOROUGH AVE,0.009,N,27.9964157,-82.4535967,27.997101,-82.4533128,10320167,0.009,03537,SR 93,I 275,R RIGHT,X RAMP,N NORTH,08 RAMP RURAL,01 INTERSTATE,14 ENTRANCE/EXIT RAMP,01 ON ROADWAY,01 NOT AT INTERSECTION,01 PAVED,0,"December 31, 2000",,17,CURB&GUTTER,2,,0,,0,,6500,RCI,6.2,,,0 UNKNOWN/NOT CODED,31 Q/C COMPLETED - LOC VERIFIED,0 NO,07 ENTRANCE RAMP,01 DAYLIGHT,01 CLEAR,01 DRY,04 DOWNHILL,2 CURVE RIGHT,"TWO-WAY, DIVIDED, POSITIVE MED",,NO CONTROLS,NOT CODED,1,NONE,NOT CODED,NOT CODED,NONE,NOT CODED,NOT CODED,27 GUARDRAIL FACE,77 OTHER (SEE NARRATIVE),15 NEGOTIATING A CURVE,NOT CODED,NOT CODED,00 NOT CODED,00 NOT CODED,00 NOT CODED,00 NOT CODED,01 NO,0,0,0,0,0,0,1,0,N,N,N,N,Y,N,N,N,N,N,N,N,N,N,N,N,N,N,N,N,N,N,N,N,N,N,27.997096027,-82.453313568,357094.079808,3097731.595647,O,,ARBM15Q1R2,"January 7, 2023",3159908,-9178661.259310668,3248608.323664379
2021885624960,2021,885624960,FHPC21OFF090649,FLORIDA HIGHWAY PATROL,07 SEVENTH,HILLSBOROUGH,"August 31, 2021",0442,WEDNESDAY,1050 TAMPA,0350,N,I 275,KENNEDY BLVD W,0.5,E,27.938925,-82.5569622,27.9502532,-82.5238752,10190000,2.637,02688,SR 93,I 275,M MEDIAN,M MIDDLE,S SOUTH,01 INTERSTATE URBAN,01 INTERSTATE,01 NON-JUNCTION,03 SHOULDER,01 NOT AT INTERSECTION,01 PAVED,36,"September 17, 2018",11 URBAN PRIN ART INT.,60,PAVED WARN,11,,0,,0,37,199500,RCI,6.8,1D30,55,1 NO INJURY,31 Q/C COMPLETED - LOC VERIFIED,0 NO,01 NOT AT INTERSECTION/RRX/BRIDGE,04 DARK-LIGHTED,03 RAIN,02 WET,01 LEVEL,1 STRAIGHT,"TWO-WAY, DIVIDED, POSITIVE MED",,NO CONTROLS,NOT CODED,8,NONE,NOT CODED,NOT CODED,NONE,NOT CODED,NOT CODED,27 GUARDRAIL FACE,88 UNKNOWN,01 STRAIGHT AHEAD,OPERATED MV IN CARLESS OR NEGL,NOT CODED,00 NOT CODED,00 NOT CODED,00 NOT CODED,00 NOT CODED,01 NO,0,0,0,0,1,0,1,1,N,N,N,N,Y,N,N,N,N,N,N,N,N,N,N,N,N,N,N,N,N,N,N,N,N,N,27.950260384,-82.523841024,350093.384978,3092626.966244,R,,ARBM15Q1R2,"January 7, 2023",3159936,-9186512.34185016,3242704.8597869226
2021884304880,2021,884304880,FHPC21OFF004013,FLORIDA HIGHWAY PATROL,07 SEVENTH,HILLSBOROUGH,"January 12, 2021",1235,WEDNESDAY,1050 TAMPA,0350,Y,I 275,MILE MARKER #54.5,0.1,N,28.0908699,-82.45465,28.10509,-82.4361714,10320000,10.574,02805,SR 93,I 275,L LEFT,S SIDE OF ROAD,S SOUTH,01 INTERSTATE URBAN,01 INTERSTATE,01 NON-JUNCTION,02 OFF ROADWAY,01 NOT AT INTERSECTION,01 PAVED,40,"February 14, 2021",11 URBAN PRIN ART INT.,36,PAVED WARN,11,LAWN,12,,0,40,65500,RCI,6.2,,70,1 NO INJURY,31 Q/C COMPLETED - LOC VERIFIED,0 NO,01 NOT AT INTERSECTION/RRX/BRIDGE,01 DAYLIGHT,03 RAIN,02 WET,01 LEVEL,1 STRAIGHT,"TWO-WAY, DIVIDED, POSITIVE MED",,NO CONTROLS,NOT CODED,6,"RD SURFC (WET, ICY, SNOW, ETC)",NOT CODED,NOT CODED,WEATHER CONDITIONS,NOT CODED,NOT CODED,37 FENCE,77 OTHER (SEE NARRATIVE),77 OTHER (SEE NARRATIVE),FAILED TO KEEP IN PROPER LANE,NOT CODED,00 NOT CODED,00 NOT CODED,00 NOT CODED,00 NOT CODED,01 NO,0,0,0,0,1,0,1,1,N,N,N,N,Y,N,N,N,N,N,N,N,N,N,N,N,N,N,N,N,Y,N,N,N,N,N,28.104927747,-82.437204284,358819.270496,3109660.104585,L,,ARBM15Q1R2,"January 7, 2023",3159961,-9176867.98189773,3262209.8879544185
2021884304920,2021,884304920,FHPC21OFF004392,FLORIDA HIGHWAY PATROL,07 SEVENTH,HILLSBOROUGH,"January 13, 2021",1630,THURSDAY,1050 TAMPA,0350,Y,US 301,OVERPASS RD,0,,27.9705,-82.36028,27.9706756,-82.3602822,10010000,24.058,03343,SR 43,US 301,L LEFT,1 THRU LANE 1,E EAST,23 SUBURBAN 4-5LN 2WY DIVD RASD,02 U.S.,01 NON-JUNCTION,01 ON ROADWAY,02 FOUR-WAY INTERSECTION,01 PAVED,35,"July 12, 2020",14 URBAN PRIN ART OTHER,24,PAVED,8,VALLEY GUTR,4,,0,40,39000,RCI,12.1,,50,1 NO INJURY,31 Q/C COMPLETED - LOC VERIFIED,0 NO,02 AT INTERSECTION,01 DAYLIGHT,01 CLEAR,01 DRY,01 LEVEL,1 STRAIGHT,"TWO-WAY, DIVIDED, POSITIVE MED","TWO-WAY, DIVIDED, POSITIVE MED",STOP SIGN,NO CONTROLS,4,NONE,NOT CODED,NOT CODED,NONE,NOT CODED,NOT CODED,14 MOTOR VEHICLE IN TRANSPORT,77 OTHER (SEE NARRATIVE),03 TURNING LEFT,FAILED TO YIELD RIGHT-OF-WAY,NO CONTRIBUTING ACTION,00 NOT CODED,00 NOT CODED,00 NOT CODED,00 NOT CODED,01 NO,0,0,0,0,3,0,3,3,N,N,N,Y,N,N,N,N,N,N,N,N,N,N,N,N,N,N,N,N,N,Y,Y,N,N,N,27.970711151,-82.360477905,366191.136064,3094703.093561,L,,ARBM15Q1R2,"January 7, 2023",3159962,-9168326.837503696,3245282.2905091774
2021885186040,2021,885186040,FHPC21OFF083917,FLORIDA HIGHWAY PATROL,07 SEVENTH,HILLSBOROUGH,"August 11, 2021",1631,THURSDAY,1050 TAMPA,0350,N,I 275,LOIS AVE,0.25,E,27.95063,-82.5150299,27.9521333,-82.5102575,10190000,3.494,01389,SR 93,I 275,R RIGHT,1 THRU LANE 1,N NORTH,01 INTERSTATE URBAN,01 INTERSTATE,01 NON-JUNCTION,01 ON ROADWAY,01 NOT AT INTERSECTION,01 PAVED,27,"May 11, 2020",11 URBAN PRIN ART INT.,48,PAVED WARN,10,,0,,0,175,193500,RCI,6.8,,55,1 NO INJURY,31 Q/C COMPLETED - LOC VERIFIED,0 NO,01 NOT AT INTERSECTION/RRX/BRIDGE,01 DAYLIGHT,02 CLOUDY,02 WET,01 LEVEL,1 STRAIGHT,"TWO-WAY, DIVIDED, POSITIVE MED","TWO-WAY, DIVIDED, POSITIVE MED",NO CONTROLS,NO CONTROLS,8,NONE,NOT CODED,NOT CODED,NONE,NOT CODED,NOT CODED,14 MOTOR VEHICLE IN TRANSPORT,01 FRONT TO REAR,01 STRAIGHT AHEAD,OPERATED MV IN CARLESS OR NEGL,NO CONTRIBUTING ACTION,00 NOT CODED,00 NOT CODED,00 NOT CODED,00 NOT CODED,01 NO,0,0,0,0,2,0,2,5,N,N,N,N,Y,N,N,N,N,N,N,N,N,N,N,N,N,N,N,N,N,N,N,N,N,N,27.951918195,-82.510308146,351427.115663,3092794.11736,R,,ARBM15Q1R2,"January 7, 2023",3160004,-9185005.868286159,3242913.7772409986
2021884411060,2021,884411060,FHPC21OFF002858,FLORIDA HIGHWAY PATROL,07 SEVENTH,HILLSBOROUGH,"January 8, 2021",1827,SATURDAY,1050 TAMPA,0350,N,US 41,CRENSHAW LAKE RD,0.028,S,28.1166554,-82.4617132,28.1163191,-82.4614651,10040000,11.586,03250,SR 45,US 41,L LEFT,3 THRU LANE 3,W WEST,33 SUBURBAN 6+LN 2WY DIVD RASD,02 U.S.,01 NON-JUNCTION,01 ON ROADWAY,02 FOUR-WAY INTERSECTION,01 PAVED,39,"October 2, 2019",14 URBAN PRIN ART OTHER,36,PAVED,4,LAWN,2,,0,31,51500,RCI,4.2,,50,4 INCAPACITATING INJURY,31 Q/C COMPLETED - LOC VERIFIED,0 NO,01 NOT AT INTERSECTION/RRX/BRIDGE,04 DARK-LIGHTED,01 CLEAR,01 DRY,01 LEVEL,1 STRAIGHT,"TWO-WAY, DIVIDED, POSITIVE MED","TWO-WAY, DIVIDED, POSITIVE MED",NO CONTROLS,NO CONTROLS,7,NONE,NOT CODED,NOT CODED,NONE,NOT CODED,NOT CODED,14 MOTOR VEHICLE IN TRANSPORT,03 ANGLE,03 TURNING LEFT,OPERATED MV IN CARLESS OR NEGL,NO CONTRIBUTING ACTION,00 NOT CODED,00 NOT CODED,00 NOT CODED,00 NOT CODED,01 NO,2,0,1,0,2,0,2,4,N,N,N,N,N,N,N,N,N,N,N,N,N,N,N,N,N,N,N,N,N,N,N,N,N,N,28.116280787,-82.461653592,356432.378,3110946.62005,L,,ARBM15Q1R2,"January 7, 2023",3161061,-9179589.667218903,3263642.7202744517
2021885394090,2021,885394090,FHPC21OFF088851,FLORIDA HIGHWAY PATROL,07 SEVENTH,HILLSBOROUGH,"August 25, 2021",1915,THURSDAY,1050 TAMPA,0350,N,I 75,MM 259,0.5,N,27.9757299,-82.3261499,27.9917142,-82.3261438,10075000,26.334,04474,SR 93A,I 75,M MEDIAN,M MIDDLE,S SOUTH,01 INTERSTATE URBAN,01 INTERSTATE,01 NON-JUNCTION,02 OFF ROADWAY,01 NOT AT INTERSECTION,01 PAVED,23,"March 17, 2020",11 URBAN PRIN ART INT.,36,PAVED WARN,8,VALLEY GUTR,4,,0,88,163500,RCI,11.2,,70,1 NO INJURY,31 Q/C COMPLETED - LOC VERIFIED,0 NO,01 NOT AT INTERSECTION/RRX/BRIDGE,01 DAYLIGHT,02 CLOUDY,01 DRY,01 LEVEL,1 STRAIGHT,"TWO-WAY, DIVIDED, POSITIVE MED",,NO CONTROLS,NOT CODED,6,NONE,NOT CODED,NOT CODED,NONE,NOT CODED,NOT CODED,14 MOTOR VEHICLE IN TRANSPORT,77 OTHER (SEE NARRATIVE),01 STRAIGHT AHEAD,OPERATED MV IN CARLESS OR NEGL,NOT CODED,00 NOT CODED,00 NOT CODED,00 NOT CODED,00 NOT CODED,01 NO,0,0,0,0,1,0,1,1,N,N,N,N,Y,N,N,N,N,N,N,N,N,N,N,N,N,N,N,N,N,N,N,N,N,N,27.991444589,-82.326200739,369587.73775,3096963.100067,R,,ARBM15Q1R2,"January 7, 2023",3161100,-9164511.11979163,3247895.8448120556
2021885745100,2021,885745100,FHPC21OFF107658,FLORIDA HIGHWAY PATROL,07 SEVENTH,HILLSBOROUGH,"October 15, 2021",1133,SATURDAY,1050 TAMPA,0350,N,I 75,MILE MARKER #268,0.1,S,28.0925006,-82.3557492,28.0971322,-82.3612921,10075000,34.243,04285,SR 93A,I 75,R RIGHT,S SIDE OF ROAD,N NORTH,01 INTERSTATE URBAN,01 INTERSTATE,01 NON-JUNCTION,02 OFF ROADWAY,01 NOT AT INTERSECTION,01 PAVED,39,"March 17, 2020",11 URBAN PRIN ART INT.,48,PAVED WARN,10,LAWN,12,,0,67,114000,RCI,10.5,,70,1 NO INJURY,31 Q/C COMPLETED - LOC VERIFIED,0 NO,01 NOT AT INTERSECTION/RRX/BRIDGE,01 DAYLIGHT,01 CLEAR,01 DRY,01 LEVEL,3 CURVE LEFT,"TWO-WAY, DIVIDED, POSITIVE MED",,NO CONTROLS,NOT CODED,8,NONE,NOT CODED,NOT CODED,NONE,NOT CODED,NOT CODED,09 OTHER NON-COLLISION,77 OTHER (SEE NARRATIVE),16 LEAVING TRAFFIC LANE,OPERATED MV IN CARLESS OR NEGL,NOT CODED,00 NOT CODED,00 NOT CODED,00 NOT CODED,00 NOT CODED,01 NO,0,0,0,0,1,0,1,1,N,N,N,N,Y,N,N,N,N,N,N,N,N,N,N,N,N,N,N,N,N,N,N,N,N,N,28.097100391,-82.361249761,366271.604373,3108707.014079,R,,ARBM15Q1R2,"January 7, 2023",3161101,-9168412.760511206,3261222.1098820725
2021885745330,2021,885745330,FHPC21OFF113272,FLORIDA HIGHWAY PATROL,07 SEVENTH,HILLSBOROUGH,"October 30, 2021",1655,SUNDAY,1050 TAMPA,0350,N,I 75,GIBSONTON DR,0.019,N,27.856535,-82.3465036,27.852948,-82.346339,10075000,16.533,04258,SR 93A,I 75,R RIGHT,S SIDE OF ROAD,N NORTH,01 INTERSTATE URBAN,01 INTERSTATE,01 NON-JUNCTION,03 SHOULDER,01 NOT AT INTERSECTION,01 PAVED,38,"March 17, 2020",11 URBAN PRIN ART INT.,36,PAVED WARN,10,LAWN,12,,0,88,162500,RCI,11.8,0D30,70,1 NO INJURY,31 Q/C COMPLETED - LOC VERIFIED,0 NO,01 NOT AT INTERSECTION/RRX/BRIDGE,01 DAYLIGHT,01 CLEAR,01 DRY,01 LEVEL,1 STRAIGHT,"TWO-WAY, DIVIDED, POSITIVE MED",,NO CONTROLS,NOT CODED,6,NONE,NOT CODED,NOT CODED,NONE,NOT CODED,NOT CODED,14 MOTOR VEHICLE IN TRANSPORT,77 OTHER (SEE NARRATIVE),01 STRAIGHT AHEAD,OTHER CONTRIBUTING ACTION,NOT CODED,00 NOT CODED,00 NOT CODED,00 NOT CODED,00 NOT CODED,01 NO,0,0,0,0,1,0,1,1,N,N,N,N,Y,N,N,N,N,N,N,N,N,N,N,N,N,N,N,N,N,N,N,N,N,N,27.852431367,-82.346331998,367438.423284,3081583.338732,R,,ARBM15Q1R2,"January 7, 2023",3161102,-9166752.121417617,3230382.116988891
2021885190540,2021,885190540,FHPK21OFFG05554,FLORIDA HIGHWAY PATROL,08 TURNPIKE,HILLSBOROUGH,"September 28, 2021",1357,WEDNESDAY,1050 TAMPA,0350,N,SR 589,SR 580,0.75,N,27.99659,-82.5458,28.0076432,-82.5455738,10470000,2.85,05034,SR 589,,R RIGHT,S SIDE OF ROAD,N NORTH,03 TOLL ROAD URBAN,06 TURNPIKE/TOLL,01 NON-JUNCTION,03 SHOULDER,01 NOT AT INTERSECTION,01 PAVED,36,"May 10, 2020",12 URBAN PRIN ART EXPR.,36,PAVED WARN,12,,0,,0,30,88344,RCI,6.3,1D30,60,1 NO INJURY,31 Q/C COMPLETED - LOC VERIFIED,0 NO,01 NOT AT INTERSECTION/RRX/BRIDGE,01 DAYLIGHT,02 CLOUDY,01 DRY,01 LEVEL,1 STRAIGHT,"TWO-WAY, DIVIDED, POSITIVE MED",,NO CONTROLS,NOT CODED,7,NONE,NOT CODED,NOT CODED,NONE,NOT CODED,NOT CODED,27 GUARDRAIL FACE,77 OTHER (SEE NARRATIVE),01 STRAIGHT AHEAD,OPERATED MV IN CARLESS OR NEGL,NOT CODED,00 NOT CODED,00 NOT CODED,00 NOT CODED,00 NOT CODED,01 NO,0,0,0,0,1,0,1,1,N,N,N,N,Y,N,N,N,N,N,N,N,N,N,N,N,N,N,N,N,N,N,N,N,N,N,28.016510653,-82.545216766,348083.188183,3099993.741785,R,,ARBM15Q1R2,"January 7, 2023",3161117,-9188891.879486747,3251056.218808641
2021884365060,2021,884365060,FHPC21OFF005866,FLORIDA HIGHWAY PATROL,07 SEVENTH,HILLSBOROUGH,"January 18, 2021",0232,TUESDAY,1050 TAMPA,0350,N,I 275,MILE MARKER #45.5,0.028,N,27.9643176,-82.4526224,27.9824484,-82.4535971,10320000,1.514,02837,SR 93,I 275,L LEFT,1 THRU LANE 1,S SOUTH,01 INTERSTATE URBAN,01 INTERSTATE,18 THROUGH ROADWAY,01 ON ROADWAY,01 NOT AT INTERSECTION,01 PAVED,26,"February 14, 2021",11 URBAN PRIN ART INT.,36,PAVED WARN,8,VALLEY GUTR,4,,0,44,167000,RCI,5.5,,55,2 POSSIBLE INJURY,31 Q/C COMPLETED - LOC VERIFIED,0 NO,01 NOT AT INTERSECTION/RRX/BRIDGE,04 DARK-LIGHTED,02 CLOUDY,01 DRY,04 DOWNHILL,2 CURVE RIGHT,"TWO-WAY, DIVIDED, POSITIVE MED","TWO-WAY, DIVIDED, POSITIVE MED",NO CONTROLS,NO CONTROLS,6,NONE,NOT CODED,NOT CODED,NONE,NOT CODED,NOT CODED,14 MOTOR VEHICLE IN TRANSPORT,01 FRONT TO REAR,15 NEGOTIATING A CURVE,"OPER MV AGRSIVE, ERATIC, RCKLS",OTHER CONTRIBUTING ACTION,00 NOT CODED,00 NOT CODED,00 NOT CODED,00 NOT CODED,01 NO,1,0,0,0,2,0,2,4,N,N,N,N,Y,N,Y,N,N,N,N,Y,N,N,N,N,N,N,N,N,N,N,N,N,N,N,27.982401264,-82.453846598,357022.267382,3096104.112946,L,,ARBM15Q1R2,"January 7, 2023",3161171,-9178720.595927369,3246755.8258791286
2021884365110,2021,884365110,FHPC21OFF007543,FLORIDA HIGHWAY PATROL,07 SEVENTH,HILLSBOROUGH,"January 23, 2021",0216,SUNDAY,1050 TAMPA,0350,N,US 41,OLD US 41A,0.5,N,27.8795322,-82.3935157,27.8737611,-82.3900991,10060000,19.983,02440,SR 45,US 41,R RIGHT,S SIDE OF ROAD,N NORTH,23 SUBURBAN 4-5LN 2WY DIVD RASD,02 U.S.,01 NON-JUNCTION,02 OFF ROADWAY,01 NOT AT INTERSECTION,02 UNPAVED,40,"May 26, 2020",14 URBAN PRIN ART OTHER,25,PAVED,4,LAWN,12,,0,40,32500,RCI,10.6,,55,4 INCAPACITATING INJURY,31 Q/C COMPLETED - LOC VERIFIED,0 NO,01 NOT AT INTERSECTION/RRX/BRIDGE,04 DARK-LIGHTED,02 CLOUDY,01 DRY,01 LEVEL,1 STRAIGHT,"TWO-WAY, DIVIDED, POSITIVE MED",,NO CONTROLS,NOT CODED,4,NONE,NOT CODED,NOT CODED,NONE,NOT CODED,NOT CODED,01 OVERTURN/ROLLOVER,77 OTHER (SEE NARRATIVE),01 STRAIGHT AHEAD,OPERATED MV IN CARLESS OR NEGL,NOT CODED,00 NOT CODED,00 NOT CODED,00 NOT CODED,00 NOT CODED,01 NO,2,0,1,0,1,0,1,2,N,N,N,N,Y,N,N,N,N,N,Y,N,N,N,N,N,N,N,N,N,N,N,N,N,N,N,27.873781075,-82.390105533,363154.778813,3083996.802608,R,,ARBM15Q1R2,"January 7, 2023",3161173,-9171624.970528584,3233070.419971528
2021884565140,2021,884565140,FHPC21OFF011294,FLORIDA HIGHWAY PATROL,07 SEVENTH,HILLSBOROUGH,"February 3, 2021",0058,THURSDAY,1050 TAMPA,0350,N,I 275,I 4,0.3,S,27.9585129,-82.4552599,27.9632137,-82.452301,10190007,0.017,02712,SR 93,I 275,L LEFT,X RAMP,N NORTH,08 RAMP RURAL,01 INTERSTATE,01 NON-JUNCTION,02 OFF ROADWAY,01 NOT AT INTERSECTION,01 PAVED,0,"December 31, 2000",,36,PAVED,12,,0,,0,,76500,RCI,6.8,,,2 POSSIBLE INJURY,31 Q/C COMPLETED - LOC VERIFIED,0 NO,08 EXIT RAMP,04 DARK-LIGHTED,01 CLEAR,01 DRY,01 LEVEL,1 STRAIGHT,"TWO-WAY, DIVIDED, POSITIVE MED",,NO CONTROLS,NOT CODED,3,NONE,NOT CODED,NOT CODED,NONE,NOT CODED,NOT CODED,30 CONCRETE TRAFFIC BARRIER,77 OTHER (SEE NARRATIVE),16 LEAVING TRAFFIC LANE,OPERATED MV IN CARLESS OR NEGL,NOT CODED,00 NOT CODED,00 NOT CODED,00 NOT CODED,00 NOT CODED,01 NO,1,0,0,0,1,0,1,1,N,N,N,N,Y,N,N,N,N,N,N,N,N,N,N,N,Y,N,N,N,N,N,N,N,N,N,27.963244586,-82.45231279,357147.886929,3093979.857863,O,,ARBM15Q1R2,"January 7, 2023",3161611,-9178549.853102384,3244341.2151075033