Crash Id,Calendar Year,FDOT Crash Number,Reporting Agency Case Number,Reporting Agency Type,FDOT Managing District,County Name,Crash Date,Crash Time,Day,DHSMV City,Crash Report City Code,In Town,On Roadway Name,Int Roadway Name,Reference Distance (Miles),Reference Direction,Officer Latitude,Officer Longitude,FDOT Latitude,FDOT Longitude,FDOT Roadway,Nearest Inventory MP,Nearest Node From Crash,State Road #,US Highway,Crash Side of Road,Accident Lane Number,Travel Direction Vehicle 1,FDOT Road Category,DHSMV Road System Id,Relation to Junction,Crash Harmful Event Location,Intersection Type,Shoulder Type,FDOT Roadway SKID Test Result,FDOT Roadway SKID Test Date,Functional Class,RCI Surface Width,RCI Shoulder Type First,RCI Shoulder Width First,RCI Shoulder Type Second,RCI Shoulder Width Second,RCI Shoulder Type Third,RCI Shoulder Width Third,RCI Median Width,Avg Daily Traffic,AADT Source,RCI Avg Per Truck Traffic,RCI Horiz Curve Condition,Posted Speed Limit,Highest Injury in Crash,CAR Status Code,Alcohols/Drug Involved,Site Location,Lighting,Weather,Road Surface,Roadway Grade,Roadway Alignment,Traffic Way Vehicle 1,Traffic Way Vehicle 2,Traffic Control Vehicle 1,Traffic Control Vehicle 2,Count of Lanes,Road Condition 1,Road Condition 2,Road Condition 3,Environment Condition 1,Environment Condition 2,Environment Condition 3,Crash Harmful Event,Manner of Collision,Vehicle Movement,Driver Action Vehicle 1,Driver Action Vehicle 2,Location Within Workzone,Type of Workzone,Workers Present in Workzone,Law Enforcement Present in Workzone,School Bus Related,Count of Nonfatal Injuries,Count of Traffic Fatalities,Count of Serious Injuries,Count of Pedestrians,Count of Drivers,Count of Bicyclists,Count of Vehicles,Count of Persons,Wrong Way,Workzone Inv,Commercial Vehicle Inv,Intersection Inv,Lane Departure,Speeding,Agressive Driving,Impaired Driver,Impaired Pedestrian,Impaired Bicyclist,Distracted Driver,Speeding or Aggressive Driving,Pedestrian Related,Bicyclist Related,Pedestrian or Bicyclist Related,Motorcycle Inv,No Belt,No Belt - Ages 1-4,No Belt - Ages 5-12,No Belt - Ages 13-17,Driver - Ages Teen,Driver - Ages 65 plus,Driver - Ages 65-69,Driver - Ages 70-74,Driver - Ages 75-79,Driver - Ages 80 plus,ARBM Latitude,ARBM Longitude,UTM Zone 17N X,UTM Zone 17N Y,ARBM Side of Road,Urban Rural Indicator,GIS Street Source,Extract Date,OBJECTID,x,y
2021884568610,2021,884568610,FHPC21OFF012283,FLORIDA HIGHWAY PATROL,07 SEVENTH,HILLSBOROUGH,"February 5, 2021",1245,SATURDAY,1050 TAMPA,0350,N,I 275,MM 45.5,0.5,S,27.9666614,-82.453345,27.9747803,-82.453396,10320000,0.986,02840,SR 93,I 275,M MEDIAN,M MIDDLE,N NORTH,01 INTERSTATE URBAN,01 INTERSTATE,01 NON-JUNCTION,02 OFF ROADWAY,01 NOT AT INTERSECTION,01 PAVED,26,"February 14, 2021",11 URBAN PRIN ART INT.,36,PAVED WARN,8,VALLEY GUTR,4,,0,33,153000,RCI,6.2,0D20,55,1 NO INJURY,31 Q/C COMPLETED - LOC VERIFIED,0 NO,01 NOT AT INTERSECTION/RRX/BRIDGE,01 DAYLIGHT,01 CLEAR,01 DRY,01 LEVEL,1 STRAIGHT,"TWO-WAY, DIVIDED, POSITIVE MED",,NO CONTROLS,NOT CODED,6,NONE,NOT CODED,NOT CODED,NONE,NOT CODED,NOT CODED,30 CONCRETE TRAFFIC BARRIER,77 OTHER (SEE NARRATIVE),01 STRAIGHT AHEAD,OPERATED MV IN CARLESS OR NEGL,NOT CODED,00 NOT CODED,00 NOT CODED,00 NOT CODED,00 NOT CODED,01 NO,0,0,0,0,1,0,1,1,N,N,N,N,N,N,N,N,N,N,N,N,N,N,N,N,N,N,N,N,N,N,N,N,N,N,27.97475748,-82.453421765,357053.971645,3095256.723288,R,,ARBM15Q1R2,"January 7, 2023",3161703,-9178673.303707039,3245792.3107999396
2021884365180,2021,884365180,FHPC21OFF008813,FLORIDA HIGHWAY PATROL,07 SEVENTH,HILLSBOROUGH,"January 27, 2021",0422,THURSDAY,1050 TAMPA,0350,N,US 92,SR 583,1,W,27.9961009,-82.3985665,27.9960226,-82.4098876,10030000,2.522,01767,SR 600,US 92,R RIGHT,S SIDE OF ROAD,E EAST,30 URBAN 6+LN 2WY DIVD RASD,02 U.S.,01 NON-JUNCTION,02 OFF ROADWAY,01 NOT AT INTERSECTION,03 CURB,42,"February 15, 2021",14 URBAN PRIN ART OTHER,33,CURB&GUTTER,2,,0,,0,14,37500,RCI,6.9,,45,4 INCAPACITATING INJURY,31 Q/C COMPLETED - LOC VERIFIED,0 NO,01 NOT AT INTERSECTION/RRX/BRIDGE,05 DARK-NOT LIGHTED,02 CLOUDY,01 DRY,03 UPHILL,1 STRAIGHT,"TWO-WAY, DIVIDED, POSITIVE MED",,NO CONTROLS,NOT CODED,6,NONE,NOT CODED,NOT CODED,NONE,NOT CODED,NOT CODED,27 GUARDRAIL FACE,77 OTHER (SEE NARRATIVE),01 STRAIGHT AHEAD,OPERATED MV IN CARLESS OR NEGL,NOT CODED,00 NOT CODED,00 NOT CODED,00 NOT CODED,00 NOT CODED,01 NO,1,0,1,0,1,0,1,1,N,N,N,N,Y,N,N,N,N,N,N,N,N,N,N,N,Y,N,N,N,N,N,N,N,N,N,27.996094815,-82.409888159,361363.359354,3097570.566706,C,,ARBM15Q1R2,"January 7, 2023",3161731,-9173827.16347288,3248482.0978678484
2021884365200,2021,884365200,FHPC21OFF009121,FLORIDA HIGHWAY PATROL,07 SEVENTH,HILLSBOROUGH,"January 27, 2021",1919,THURSDAY,1050 TAMPA,0350,N,I 275,SR 574,0.038,S,27.9810658,-82.453575,27.9807199,-82.453591,10320000,1.395,02921,SR 93,I 275,M MEDIAN,M MIDDLE,N NORTH,01 INTERSTATE URBAN,01 INTERSTATE,18 THROUGH ROADWAY,03 SHOULDER,01 NOT AT INTERSECTION,01 PAVED,26,"February 14, 2021",11 URBAN PRIN ART INT.,36,PAVED WARN,8,VALLEY GUTR,4,,0,44,153000,RCI,6.2,,55,4 INCAPACITATING INJURY,31 Q/C COMPLETED - LOC VERIFIED,0 NO,01 NOT AT INTERSECTION/RRX/BRIDGE,04 DARK-LIGHTED,02 CLOUDY,01 DRY,03 UPHILL,1 STRAIGHT,"TWO-WAY, DIVIDED, POSITIVE MED","TWO-WAY, DIVIDED, POSITIVE MED",NO CONTROLS,NO CONTROLS,6,NONE,NOT CODED,NOT CODED,NONE,NOT CODED,NOT CODED,30 CONCRETE TRAFFIC BARRIER,77 OTHER (SEE NARRATIVE),06 CHANGING LANES,OTHER CONTRIBUTING ACTION,NO CONTRIBUTING ACTION,00 NOT CODED,00 NOT CODED,00 NOT CODED,00 NOT CODED,01 NO,2,0,1,0,2,0,2,2,N,N,N,N,Y,N,N,N,N,N,N,N,N,N,N,N,N,N,N,N,N,N,N,N,N,N,27.980696107,-82.453606598,357043.623607,3095914.909059,R,,ARBM15Q1R2,"January 7, 2023",3161732,-9178693.879250573,3246540.8813493443
2021885425200,2021,885425200,FHPC21OFF084821,FLORIDA HIGHWAY PATROL,07 SEVENTH,HILLSBOROUGH,"August 14, 2021",0053,SUNDAY,1050 TAMPA,0350,Y,I 4,22ND ST,1,E,27.9654008,-82.4205105,27.9646486,-82.4181361,10190000,9.494,02658,SR 400,I 4,M MEDIAN,M MIDDLE,W WEST,01 INTERSTATE URBAN,01 INTERSTATE,14 ENTRANCE/EXIT RAMP,02 OFF ROADWAY,01 NOT AT INTERSECTION,01 PAVED,29,"May 11, 2020",11 URBAN PRIN ART INT.,48,PAVED WARN,12,,0,,0,229,163000,RCI,8.7,,60,1 NO INJURY,31 Q/C COMPLETED - LOC VERIFIED,0 NO,01 NOT AT INTERSECTION/RRX/BRIDGE,04 DARK-LIGHTED,01 CLEAR,01 DRY,01 LEVEL,1 STRAIGHT,"TWO-WAY, DIVIDED, POSITIVE MED",,NO CONTROLS,NOT CODED,8,NONE,NOT CODED,NOT CODED,NONE,NOT CODED,NOT CODED,19 IMPACT ATTENUATOR/CRASH CUSION,77 OTHER (SEE NARRATIVE),01 STRAIGHT AHEAD,SWERVED OR AVOIDED:  DUE TO WI,NOT CODED,00 NOT CODED,00 NOT CODED,00 NOT CODED,00 NOT CODED,01 NO,0,0,0,0,1,0,1,2,N,N,N,N,Y,N,N,N,N,N,N,N,N,N,N,N,N,N,N,N,N,N,N,N,N,N,27.964643187,-82.418144639,360510.918919,3094095.325205,R,,ARBM15Q1R2,"January 7, 2023",3162166,-9174746.270771956,3244517.4878431917
2021885425240,2021,885425240,FHPC21OFF085095,FLORIDA HIGHWAY PATROL,07 SEVENTH,HILLSBOROUGH,"August 15, 2021",0044,MONDAY,1050 TAMPA,0350,Y,I 275,COLUMBUS DR E,0.028,W,27.9662395,-82.4533356,27.965261,-82.4064131,10190000,10.215,05962,SR 400,I 4,L LEFT,S SIDE OF ROAD,S SOUTH,01 INTERSTATE URBAN,01 INTERSTATE,18 THROUGH ROADWAY,03 SHOULDER,01 NOT AT INTERSECTION,01 PAVED,29,"May 11, 2020",11 URBAN PRIN ART INT.,33,PAVED WARN,12,,0,,0,282,163000,RCI,8.7,3D17,60,1 NO INJURY,31 Q/C COMPLETED - LOC VERIFIED,0 NO,01 NOT AT INTERSECTION/RRX/BRIDGE,04 DARK-LIGHTED,01 CLEAR,02 WET,04 DOWNHILL,2 CURVE RIGHT,"TWO-WAY, DIVIDED, POSITIVE MED",,NO CONTROLS,NOT CODED,6,NONE,NOT CODED,NOT CODED,NONE,NOT CODED,NOT CODED,27 GUARDRAIL FACE,77 OTHER (SEE NARRATIVE),15 NEGOTIATING A CURVE,RAN OFF ROADWAY,NOT CODED,00 NOT CODED,00 NOT CODED,00 NOT CODED,00 NOT CODED,01 NO,0,0,0,0,1,0,1,1,N,N,N,N,Y,N,N,N,N,N,N,N,N,N,N,N,N,N,N,N,N,N,N,N,N,N,27.966090828,-82.406726447,361635.990091,3094242.727451,L,,ARBM15Q1R2,"January 7, 2023",3162167,-9173475.203127952,3244699.9439076018
2021884946920,2021,884946920,FHPC21OFF041115,FLORIDA HIGHWAY PATROL,07 SEVENTH,HILLSBOROUGH,"April 20, 2021",2150,WEDNESDAY,1050 TAMPA,0350,N,SR 580,HUMPHREY ST,0.019,N,28.0291,-82.50502,28.0293847,-82.5048589,10160000,2.319,01635,SR 580,,L LEFT,1 THRU LANE 1,S SOUTH,33 SUBURBAN 6+LN 2WY DIVD RASD,03 STATE,03 INTERSECTION-RELATED,03 SHOULDER,02 FOUR-WAY INTERSECTION,03 CURB,40,"February 17, 2020",14 URBAN PRIN ART OTHER,36,PAVED,4,LAWN,12,,0,23,64000,RCI,2.6,,45,4 INCAPACITATING INJURY,31 Q/C COMPLETED - LOC VERIFIED,0 NO,03 INFLUENCED BY INTERSECTION,04 DARK-LIGHTED,02 CLOUDY,01 DRY,01 LEVEL,1 STRAIGHT,"TWO-WAY, DIVIDED, POSITIVE MED",,TRAFFIC CONTROL SIGNAL,NOT CODED,6,NONE,NOT CODED,NOT CODED,NONE,NOT CODED,NOT CODED,24 CURB,77 OTHER (SEE NARRATIVE),06 CHANGING LANES,FAILED TO KEEP IN PROPER LANE,NOT CODED,00 NOT CODED,00 NOT CODED,00 NOT CODED,00 NOT CODED,01 NO,1,0,1,0,1,0,1,1,N,N,N,Y,N,N,N,N,N,N,N,N,N,N,N,Y,N,N,N,N,N,N,N,N,N,N,28.029362445,-82.505013794,352053.808308,3101368.243855,L,,ARBM15Q1R2,"January 7, 2023",3162239,-9184416.503910849,3252676.8815376526
2021884885230,2021,884885230,FHPC21OFF054332,FLORIDA HIGHWAY PATROL,07 SEVENTH,HILLSBOROUGH,"May 24, 2021",2335,TUESDAY,1050 TAMPA,0350,Y,I 275,MM 48,0.1,S,28.01839,-82.45489,28.0167334,-82.4547929,10320000,3.891,02829,SR 93,I 275,R RIGHT,S SIDE OF ROAD,N NORTH,01 INTERSTATE URBAN,01 INTERSTATE,01 NON-JUNCTION,03 SHOULDER,01 NOT AT INTERSECTION,01 PAVED,26,"February 14, 2021",11 URBAN PRIN ART INT.,36,PAVED WARN,19,VALLEY GUTR,4,,0,46,163000,RCI,6.2,1D05,55,1 NO INJURY,31 Q/C COMPLETED - LOC VERIFIED,0 NO,01 NOT AT INTERSECTION/RRX/BRIDGE,02 DUSK,01 CLEAR,01 DRY,01 LEVEL,1 STRAIGHT,"TWO-WAY, DIVIDED, POSITIVE MED",,NO CONTROLS,NOT CODED,6,NONE,NOT CODED,NOT CODED,NONE,NOT CODED,NOT CODED,27 GUARDRAIL FACE,77 OTHER (SEE NARRATIVE),01 STRAIGHT AHEAD,FAILED TO KEEP IN PROPER LANE,NOT CODED,00 NOT CODED,00 NOT CODED,00 NOT CODED,00 NOT CODED,01 NO,0,0,0,0,1,0,1,1,N,N,N,N,Y,N,N,N,N,N,N,N,N,N,N,N,N,N,N,N,N,N,N,N,N,N,28.016704051,-82.454792679,356974.527767,3099905.806559,R,,ARBM15Q1R2,"January 7, 2023",3162286,-9178825.91321522,3251080.6059778803
2021885320020,2021,885320020,FHPC21OFF072049,FLORIDA HIGHWAY PATROL,07 SEVENTH,HILLSBOROUGH,"July 9, 2021",2315,SATURDAY,1050 TAMPA,0350,N,I 275,HIMES AVE,0.179,W,27.9557354,-82.5045123,27.9553993,-82.5044729,10190000,3.913,01401,SR 93,I 275,M MEDIAN,M MIDDLE,S SOUTH,01 INTERSTATE URBAN,01 INTERSTATE,01 NON-JUNCTION,01 ON ROADWAY,01 NOT AT INTERSECTION,01 PAVED,27,"May 11, 2020",11 URBAN PRIN ART INT.,48,PAVED WARN,10,,0,,0,161,208000,RCI,6.8,2D30,55,1 NO INJURY,31 Q/C COMPLETED - LOC VERIFIED,0 NO,01 NOT AT INTERSECTION/RRX/BRIDGE,04 DARK-LIGHTED,02 CLOUDY,02 WET,01 LEVEL,1 STRAIGHT,"TWO-WAY, DIVIDED, POSITIVE MED",,NO CONTROLS,NOT CODED,8,NONE,NOT CODED,NOT CODED,NONE,NOT CODED,NOT CODED,30 CONCRETE TRAFFIC BARRIER,77 OTHER (SEE NARRATIVE),01 STRAIGHT AHEAD,DROVE TOO FAST FOR CONDITIONS,NOT CODED,00 NOT CODED,00 NOT CODED,00 NOT CODED,00 NOT CODED,01 NO,0,0,0,0,1,0,1,1,N,N,N,N,Y,Y,N,N,N,N,N,Y,N,N,N,N,N,N,N,N,Y,N,N,N,N,N,27.955241134,-82.504577665,351995.444075,3093155.331049,R,,ARBM15Q1R2,"January 7, 2023",3162739,-9184367.953905398,3243332.5436159517
2021885320110,2021,885320110,FHPC21OFF073460,FLORIDA HIGHWAY PATROL,07 SEVENTH,HILLSBOROUGH,"July 13, 2021",2208,WEDNESDAY,1050 TAMPA,0350,N,SR 574,I 275,0,,27.9815194,-82.3855576,27.9814266,-82.4531421,10340000,3.189,03117,SR 574,,R RIGHT,2 THRU LANE 2,E EAST,20 URBAN 4-5LN 2WY DIVD RASD,03 STATE,02 INTERSECTION,01 ON ROADWAY,02 FOUR-WAY INTERSECTION,01 PAVED,36,"February 15, 2021",14 URBAN PRIN ART OTHER,22,CURB&GUTTER,2,,0,,0,27,29000,RCI,3.7,,35,4 INCAPACITATING INJURY,31 Q/C COMPLETED - LOC VERIFIED,0 NO,02 AT INTERSECTION,04 DARK-LIGHTED,02 CLOUDY,01 DRY,01 LEVEL,1 STRAIGHT,"TWO-WAY, DIVIDED, POSITIVE MED","TWO-WAY, DIVIDED, POSITIVE MED",TRAFFIC CONTROL SIGNAL,TRAFFIC CONTROL SIGNAL,4,NONE,NOT CODED,NOT CODED,NONE,NOT CODED,NOT CODED,14 MOTOR VEHICLE IN TRANSPORT,02 FRONT TO FRONT,01 STRAIGHT AHEAD,RAN RED LIGHT,NO CONTRIBUTING ACTION,00 NOT CODED,00 NOT CODED,00 NOT CODED,00 NOT CODED,01 NO,2,0,1,0,2,0,2,2,N,N,N,Y,N,N,N,N,N,N,N,N,N,N,N,N,N,N,N,N,N,N,N,N,N,N,27.981464819,-82.453133615,357091.158951,3095999.524748,C,,ARBM15Q1R2,"January 7, 2023",3162740,-9178641.226878634,3246637.781374951
2021885320200,2021,885320200,FHPC21OFF076781,FLORIDA HIGHWAY PATROL,07 SEVENTH,HILLSBOROUGH,"July 22, 2021",1831,FRIDAY,1050 TAMPA,0350,N,I 275,MILE MARKER #52,0,,28.1598399,-82.4023499,28.0759414,-82.4546383,10320000,7.975,02801,SR 93,I 275,R RIGHT,1 THRU LANE 1,N NORTH,01 INTERSTATE URBAN,01 INTERSTATE,01 NON-JUNCTION,01 ON ROADWAY,01 NOT AT INTERSECTION,01 PAVED,26,"February 14, 2021",11 URBAN PRIN ART INT.,36,PAVED,11,LAWN,12,,0,20,98500,RCI,6.2,,60,1 NO INJURY,31 Q/C COMPLETED - LOC VERIFIED,0 NO,01 NOT AT INTERSECTION/RRX/BRIDGE,01 DAYLIGHT,01 CLEAR,01 DRY,01 LEVEL,1 STRAIGHT,"TWO-WAY, DIVIDED, POSITIVE MED","TWO-WAY, DIVIDED, POSITIVE MED",NO CONTROLS,NO CONTROLS,6,NONE,NOT CODED,NOT CODED,NONE,NOT CODED,NOT CODED,14 MOTOR VEHICLE IN TRANSPORT,01 FRONT TO REAR,06 CHANGING LANES,FAILED TO YIELD RIGHT-OF-WAY,NO CONTRIBUTING ACTION,00 NOT CODED,00 NOT CODED,00 NOT CODED,00 NOT CODED,01 NO,0,0,0,0,2,0,2,2,N,N,N,N,Y,N,N,N,N,N,N,N,N,N,N,N,N,N,N,N,N,N,N,N,N,N,28.075901663,-82.454644914,357067.36822,3106464.487815,R,,ARBM15Q1R2,"January 7, 2023",3162742,-9178809.464438062,3258547.28392497
2021884675950,2021,884675950,FHPC21OFF034036,FLORIDA HIGHWAY PATROL,07 SEVENTH,HILLSBOROUGH,"April 3, 2021",0133,SUNDAY,1050 TAMPA,0350,Y,I 4,MILE MARKER #6,1,W,28.0024699,-82.32338,27.9843394,-82.38017,10190000,12.295,02732,SR 400,I 4,M MEDIAN,M MIDDLE,E EAST,01 INTERSTATE URBAN,01 INTERSTATE,01 NON-JUNCTION,01 ON ROADWAY,01 NOT AT INTERSECTION,01 PAVED,39,"May 26, 2020",11 URBAN PRIN ART INT.,48,PAVED WARN,9,VALLEY GUTR,4,LAWN,12,88,136000,RCI,11.2,,65,1 NO INJURY,31 Q/C COMPLETED - LOC VERIFIED,0 NO,01 NOT AT INTERSECTION/RRX/BRIDGE,02 DUSK,01 CLEAR,01 DRY,01 LEVEL,1 STRAIGHT,"TWO-WAY, DIVIDED, POSITIVE MED","TWO-WAY, DIVIDED, POSITIVE MED",NO CONTROLS,NO CONTROLS,8,NONE,NOT CODED,NOT CODED,NONE,NOT CODED,NOT CODED,14 MOTOR VEHICLE IN TRANSPORT,01 FRONT TO REAR,11 OVERTAKING/PASSING,OTHER CONTRIBUTING ACTION,NO CONTRIBUTING ACTION,00 NOT CODED,00 NOT CODED,00 NOT CODED,00 NOT CODED,01 NO,0,0,0,0,2,0,2,2,N,N,N,N,Y,N,N,N,N,N,N,N,N,N,N,N,N,N,N,N,Y,N,N,N,N,N,27.984333224,-82.38019246,364268.97329,3096234.079715,R,,ARBM15Q1R2,"January 7, 2023",3162810,-9170521.452417862,3246999.3645723043
2021884676220,2021,884676220,FHPC21OFF050548,FLORIDA HIGHWAY PATROL,07 SEVENTH,HILLSBOROUGH,"May 15, 2021",0035,SUNDAY,1050 TAMPA,0350,Y,I 75,FOWLER AVE,0.189,N,28.0559,-82.3536399,28.0558568,-82.3526007,10075356,0.189,03855,SR 93A,I 75,R RIGHT,X RAMP,N NORTH,08 RAMP RURAL,01 INTERSTATE,14 ENTRANCE/EXIT RAMP,02 OFF ROADWAY,01 NOT AT INTERSECTION,01 PAVED,0,"December 31, 2000",,15,PAVED,5,VALLEY GUTR,4,,0,,6700,RCI,8.1,,,1 NO INJURY,31 Q/C COMPLETED - LOC VERIFIED,0 NO,07 ENTRANCE RAMP,02 DUSK,01 CLEAR,01 DRY,03 UPHILL,2 CURVE RIGHT,ONE-WAY TRAFFICWAY,,NO CONTROLS,NOT CODED,1,NONE,NOT CODED,NOT CODED,NONE,NOT CODED,NOT CODED,32 TREE (STANDING),77 OTHER (SEE NARRATIVE),01 STRAIGHT AHEAD,FAILED TO KEEP IN PROPER LANE,NOT CODED,00 NOT CODED,00 NOT CODED,00 NOT CODED,00 NOT CODED,01 NO,0,0,0,0,1,0,1,1,N,N,N,N,Y,N,N,N,N,N,N,N,N,N,N,N,N,N,N,N,N,N,N,N,N,N,28.055864697,-82.352593997,367071.259811,3104128.872681,O,,ARBM15Q1R2,"January 7, 2023",3162814,-9167449.204913588,3256019.5333770234
2021885132820,2021,885132820,FHPC21OFF056336,FLORIDA HIGHWAY PATROL,07 SEVENTH,HILLSBOROUGH,"May 30, 2021",0312,MONDAY,1050 TAMPA,0350,N,I 4,50TH ST N,0.002,W,27.96883,-82.4001899,27.9681795,-82.4010216,10190000,10.604,02652,SR 400,I 4,R RIGHT,S SIDE OF ROAD,E EAST,01 INTERSTATE URBAN,01 INTERSTATE,01 NON-JUNCTION,03 SHOULDER,01 NOT AT INTERSECTION,01 PAVED,39,"May 26, 2020",11 URBAN PRIN ART INT.,36,PAVED WARN,11,,0,,0,98,147000,RCI,10.8,3D17,60,2 POSSIBLE INJURY,31 Q/C COMPLETED - LOC VERIFIED,0 NO,01 NOT AT INTERSECTION/RRX/BRIDGE,04 DARK-LIGHTED,01 CLEAR,01 DRY,04 DOWNHILL,3 CURVE LEFT,"TWO-WAY, DIVIDED, POSITIVE MED",,NO CONTROLS,NOT CODED,6,NONE,NOT CODED,NOT CODED,NONE,NOT CODED,NOT CODED,30 CONCRETE TRAFFIC BARRIER,77 OTHER (SEE NARRATIVE),15 NEGOTIATING A CURVE,OPERATED MV IN CARLESS OR NEGL,NOT CODED,00 NOT CODED,00 NOT CODED,00 NOT CODED,00 NOT CODED,01 NO,1,0,0,0,1,0,1,1,N,N,N,N,Y,N,N,N,N,N,N,N,N,N,N,N,N,N,N,N,N,N,N,N,N,N,27.968178616,-82.401042238,362197.798517,3094467.614059,R,,ARBM15Q1R2,"January 7, 2023",3162834,-9172842.439744933,3244963.086005581
2021884885270,2021,884885270,FHPC21OFF055971,FLORIDA HIGHWAY PATROL,07 SEVENTH,HILLSBOROUGH,"May 29, 2021",0400,SUNDAY,1050 TAMPA,0350,Y,I 275,BIRD ST,0.2,S,28.02253,-82.45569,28.0195656,-82.455077,10320000,4.087,02784,SR 93,I 275,R RIGHT,S SIDE OF ROAD,N NORTH,01 INTERSTATE URBAN,01 INTERSTATE,14 ENTRANCE/EXIT RAMP,03 SHOULDER,01 NOT AT INTERSECTION,01 PAVED,26,"February 14, 2021",11 URBAN PRIN ART INT.,36,PAVED WARN,8,VALLEY GUTR,4,,0,46,163000,RCI,6.2,,55,1 NO INJURY,31 Q/C COMPLETED - LOC VERIFIED,0 NO,01 NOT AT INTERSECTION/RRX/BRIDGE,02 DUSK,02 CLOUDY,01 DRY,01 LEVEL,1 STRAIGHT,"TWO-WAY, DIVIDED, POSITIVE MED","TWO-WAY, DIVIDED, POSITIVE MED",NO CONTROLS,NO CONTROLS,6,NONE,NOT CODED,NOT CODED,NONE,NOT CODED,NOT CODED,28 GUARDRAIL END,77 OTHER (SEE NARRATIVE),01 STRAIGHT AHEAD,FAILED TO KEEP IN PROPER LANE,NO CONTRIBUTING ACTION,00 NOT CODED,00 NOT CODED,00 NOT CODED,00 NOT CODED,01 NO,0,0,0,0,2,0,2,2,N,N,N,N,Y,N,N,N,N,N,N,N,N,N,N,N,N,N,N,N,N,N,N,N,N,N,28.01953481,-82.455096597,356948.38738,3100219.7985,R,,ARBM15Q1R2,"January 7, 2023",3162852,-9178859.74529495,3251437.5600260487
2021884650680,2021,884650680,FHPC21OFF032014,FLORIDA HIGHWAY PATROL,07 SEVENTH,HILLSBOROUGH,"March 28, 2021",0956,MONDAY,1050 TAMPA,0350,N,I 4,50TH ST N,0.386,E,27.9721634,-82.3966517,27.971928,-82.3962779,10190000,10.992,06177,SR 400,I 4,L LEFT,S SIDE OF ROAD,W WEST,01 INTERSTATE URBAN,01 INTERSTATE,01 NON-JUNCTION,02 OFF ROADWAY,01 NOT AT INTERSECTION,01 PAVED,39,"May 26, 2020",11 URBAN PRIN ART INT.,36,PAVED WARN,11,,0,,0,98,147000,RCI,10.8,,60,1 NO INJURY,31 Q/C COMPLETED - LOC VERIFIED,0 NO,01 NOT AT INTERSECTION/RRX/BRIDGE,04 DARK-LIGHTED,02 CLOUDY,02 WET,01 LEVEL,1 STRAIGHT,"TWO-WAY, DIVIDED, POSITIVE MED",,NO CONTROLS,NOT CODED,6,NONE,NOT CODED,NOT CODED,NONE,NOT CODED,NOT CODED,33 UTILITY POLE/LIGHT SUPPORT,77 OTHER (SEE NARRATIVE),01 STRAIGHT AHEAD,OPERATED MV IN CARLESS OR NEGL,NOT CODED,00 NOT CODED,00 NOT CODED,00 NOT CODED,00 NOT CODED,01 NO,0,0,0,0,1,0,1,1,N,N,N,N,Y,N,N,N,N,N,N,N,N,N,N,N,N,N,N,N,N,N,N,N,N,N,27.972373975,-82.39629594,362669.995907,3094927.085096,L,,ARBM15Q1R2,"January 7, 2023",3163396,-9172314.084061846,3245491.879085462
2021884650890,2021,884650890,FHPC21OFF034359,FLORIDA HIGHWAY PATROL,07 SEVENTH,HILLSBOROUGH,"April 4, 2021",0001,MONDAY,1050 TAMPA,0350,N,I 275,MILE MARKER #54,0,,28.0908699,-82.45465,28.1013561,-82.4448375,10320000,9.986,04996,SR 93,I 275,M MEDIAN,M MIDDLE,S SOUTH,01 INTERSTATE URBAN,01 INTERSTATE,01 NON-JUNCTION,01 ON ROADWAY,01 NOT AT INTERSECTION,01 PAVED,40,"February 14, 2021",11 URBAN PRIN ART INT.,36,PAVED WARN,11,LAWN,12,,0,40,65500,RCI,6.2,,70,4 INCAPACITATING INJURY,31 Q/C COMPLETED - LOC VERIFIED,0 NO,01 NOT AT INTERSECTION/RRX/BRIDGE,04 DARK-LIGHTED,01 CLEAR,01 DRY,04 DOWNHILL,3 CURVE LEFT,"TWO-WAY, DIVIDED, POSITIVE MED",,NO CONTROLS,NOT CODED,6,NONE,NOT CODED,NOT CODED,NONE,NOT CODED,NOT CODED,14 MOTOR VEHICLE IN TRANSPORT,77 OTHER (SEE NARRATIVE),01 STRAIGHT AHEAD,NO CONTRIBUTING ACTION,NOT CODED,00 NOT CODED,00 NOT CODED,00 NOT CODED,00 NOT CODED,01 NO,1,0,1,0,1,0,1,1,N,N,N,N,Y,N,N,N,N,N,N,N,N,N,N,N,N,N,N,N,N,N,N,N,N,N,28.101345054,-82.444900229,358058.46951,3109272.114988,R,,ARBM15Q1R2,"January 7, 2023",3163398,-9177724.690855877,3261757.7587532713