Crash Id,Calendar Year,FDOT Crash Number,Reporting Agency Case Number,Reporting Agency Type,FDOT Managing District,County Name,Crash Date,Crash Time,Day,DHSMV City,Crash Report City Code,In Town,On Roadway Name,Int Roadway Name,Reference Distance (Miles),Reference Direction,Officer Latitude,Officer Longitude,FDOT Latitude,FDOT Longitude,FDOT Roadway,Nearest Inventory MP,Nearest Node From Crash,State Road #,US Highway,Crash Side of Road,Accident Lane Number,Travel Direction Vehicle 1,FDOT Road Category,DHSMV Road System Id,Relation to Junction,Crash Harmful Event Location,Intersection Type,Shoulder Type,FDOT Roadway SKID Test Result,FDOT Roadway SKID Test Date,Functional Class,RCI Surface Width,RCI Shoulder Type First,RCI Shoulder Width First,RCI Shoulder Type Second,RCI Shoulder Width Second,RCI Shoulder Type Third,RCI Shoulder Width Third,RCI Median Width,Avg Daily Traffic,AADT Source,RCI Avg Per Truck Traffic,RCI Horiz Curve Condition,Posted Speed Limit,Highest Injury in Crash,CAR Status Code,Alcohols/Drug Involved,Site Location,Lighting,Weather,Road Surface,Roadway Grade,Roadway Alignment,Traffic Way Vehicle 1,Traffic Way Vehicle 2,Traffic Control Vehicle 1,Traffic Control Vehicle 2,Count of Lanes,Road Condition 1,Road Condition 2,Road Condition 3,Environment Condition 1,Environment Condition 2,Environment Condition 3,Crash Harmful Event,Manner of Collision,Vehicle Movement,Driver Action Vehicle 1,Driver Action Vehicle 2,Location Within Workzone,Type of Workzone,Workers Present in Workzone,Law Enforcement Present in Workzone,School Bus Related,Count of Nonfatal Injuries,Count of Traffic Fatalities,Count of Serious Injuries,Count of Pedestrians,Count of Drivers,Count of Bicyclists,Count of Vehicles,Count of Persons,Wrong Way,Workzone Inv,Commercial Vehicle Inv,Intersection Inv,Lane Departure,Speeding,Agressive Driving,Impaired Driver,Impaired Pedestrian,Impaired Bicyclist,Distracted Driver,Speeding or Aggressive Driving,Pedestrian Related,Bicyclist Related,Pedestrian or Bicyclist Related,Motorcycle Inv,No Belt,No Belt - Ages 1-4,No Belt - Ages 5-12,No Belt - Ages 13-17,Driver - Ages Teen,Driver - Ages 65 plus,Driver - Ages 65-69,Driver - Ages 70-74,Driver - Ages 75-79,Driver - Ages 80 plus,ARBM Latitude,ARBM Longitude,UTM Zone 17N X,UTM Zone 17N Y,ARBM Side of Road,Urban Rural Indicator,GIS Street Source,Extract Date,OBJECTID,x,y
2021885194210,2021,885194210,FHPC21OFF092290,FLORIDA HIGHWAY PATROL,07 SEVENTH,HILLSBOROUGH,"September 3, 2021",0845,SATURDAY,1050 TAMPA,0350,Y,I 275,MILE MARKER #45.5,0.1,N,27.9750799,-82.4534199,27.9834943,-82.453596,10320000,1.586,02774,SR 93,I 275,M MEDIAN,M MIDDLE,S SOUTH,01 INTERSTATE URBAN,01 INTERSTATE,01 NON-JUNCTION,03 SHOULDER,01 NOT AT INTERSECTION,01 PAVED,26,"February 14, 2021",11 URBAN PRIN ART INT.,36,PAVED WARN,8,VALLEY GUTR,4,,0,44,167000,RCI,5.5,,55,1 NO INJURY,31 Q/C COMPLETED - LOC VERIFIED,0 NO,01 NOT AT INTERSECTION/RRX/BRIDGE,02 DUSK,03 RAIN,02 WET,04 DOWNHILL,2 CURVE RIGHT,"TWO-WAY, DIVIDED, POSITIVE MED",,NO CONTROLS,NOT CODED,6,"RD SURFC (WET, ICY, SNOW, ETC)",NOT CODED,NOT CODED,WEATHER CONDITIONS,NOT CODED,NOT CODED,30 CONCRETE TRAFFIC BARRIER,77 OTHER (SEE NARRATIVE),01 STRAIGHT AHEAD,OPERATED MV IN CARLESS OR NEGL,NOT CODED,00 NOT CODED,00 NOT CODED,00 NOT CODED,00 NOT CODED,01 NO,0,0,0,0,1,0,1,1,N,N,N,N,Y,N,N,N,N,N,N,N,N,N,N,N,N,N,N,N,N,N,N,N,N,N,27.983471579,-82.453596599,357048.268359,3096222.405618,R,,ARBM15Q1R2,"January 7, 2023",3166299,-9178692.766066758,3246890.746788326
2021884693330,2021,884693330,FHPC21OFF022875,FLORIDA HIGHWAY PATROL,07 SEVENTH,HILLSBOROUGH,"March 6, 2021",0840,SUNDAY,1050 TAMPA,0350,Y,I 275,SR 400,0.038,N,27.96096,-82.45389,27.9654573,-82.4528016,10320000,0.339,01962,SR 93,I 275,L LEFT,2 THRU LANE 2,S SOUTH,01 INTERSTATE URBAN,01 INTERSTATE,01 NON-JUNCTION,01 ON ROADWAY,01 NOT AT INTERSECTION,01 PAVED,26,"February 14, 2021",11 URBAN PRIN ART INT.,24,PAVED,22,VALLEY GUTR,4,,0,20,87500,RCI,4.1,,50,1 NO INJURY,31 Q/C COMPLETED - LOC VERIFIED,0 NO,01 NOT AT INTERSECTION/RRX/BRIDGE,01 DAYLIGHT,01 CLEAR,01 DRY,01 LEVEL,1 STRAIGHT,"TWO-WAY, DIVIDED, POSITIVE MED","TWO-WAY, DIVIDED, POSITIVE MED",NO CONTROLS,NO CONTROLS,5,NONE,NOT CODED,NOT CODED,NONE,NOT CODED,NOT CODED,14 MOTOR VEHICLE IN TRANSPORT,01 FRONT TO REAR,01 STRAIGHT AHEAD,OPERATED MV IN CARLESS OR NEGL,NO CONTRIBUTING ACTION,00 NOT CODED,00 NOT CODED,00 NOT CODED,00 NOT CODED,01 NO,0,0,0,0,2,0,2,5,N,N,N,N,N,N,N,N,N,N,N,N,N,N,N,N,N,N,N,N,Y,N,N,N,N,N,27.965503823,-82.453000599,357083.20194,3094230.97386,L,,ARBM15Q1R2,"January 7, 2023",3166313,-9178626.419630975,3244625.9592606733
2021884920550,2021,884920550,FHPC21OFF057008,FLORIDA HIGHWAY PATROL,07 SEVENTH,HILLSBOROUGH,"May 31, 2021",2317,TUESDAY,1050 TAMPA,0350,Y,I 275,SR 574,0.014,S,27.9776668,-82.4535451,27.9810686,-82.4535922,10320000,1.419,02921,SR 93,I 275,R RIGHT,S SIDE OF ROAD,N NORTH,01 INTERSTATE URBAN,01 INTERSTATE,01 NON-JUNCTION,02 OFF ROADWAY,01 NOT AT INTERSECTION,01 PAVED,26,"February 14, 2021",11 URBAN PRIN ART INT.,36,PAVED WARN,8,VALLEY GUTR,4,,0,44,153000,RCI,6.2,,55,1 NO INJURY,31 Q/C COMPLETED - LOC VERIFIED,0 NO,01 NOT AT INTERSECTION/RRX/BRIDGE,04 DARK-LIGHTED,01 CLEAR,01 DRY,01 LEVEL,1 STRAIGHT,"TWO-WAY, DIVIDED, POSITIVE MED",,NO CONTROLS,NOT CODED,6,NONE,NOT CODED,NOT CODED,NONE,NOT CODED,NOT CODED,30 CONCRETE TRAFFIC BARRIER,77 OTHER (SEE NARRATIVE),01 STRAIGHT AHEAD,SWERVED OR AVOIDED:  DUE TO WI,NOT CODED,00 NOT CODED,00 NOT CODED,00 NOT CODED,00 NOT CODED,01 NO,0,0,0,0,1,0,1,1,N,N,N,N,Y,N,N,N,N,N,N,N,N,N,N,N,N,N,N,N,N,N,N,N,N,N,27.981044858,-82.45359765,357044.963755,3095953.538423,R,,ARBM15Q1R2,"January 7, 2023",3166374,-9178692.883093748,3246584.843015764
2021884946940,2021,884946940,FHPC21OFF041142,FLORIDA HIGHWAY PATROL,07 SEVENTH,HILLSBOROUGH,"April 21, 2021",0018,THURSDAY,1050 TAMPA,0350,N,I 275,SR 60,0.5,E,27.9507941,-82.521318,27.9503786,-82.5233698,10190000,2.669,01917,SR 93,I 275,L LEFT,4 THRU LANE 4,S SOUTH,01 INTERSTATE URBAN,01 INTERSTATE,01 NON-JUNCTION,01 ON ROADWAY,01 NOT AT INTERSECTION,01 PAVED,36,"September 17, 2018",11 URBAN PRIN ART INT.,60,PAVED WARN,11,,0,,0,37,199500,RCI,6.8,1D30,55,4 INCAPACITATING INJURY,31 Q/C COMPLETED - LOC VERIFIED,0 NO,01 NOT AT INTERSECTION/RRX/BRIDGE,04 DARK-LIGHTED,02 CLOUDY,01 DRY,03 UPHILL,3 CURVE LEFT,"TWO-WAY, DIVIDED, POSITIVE MED","TWO-WAY, DIVIDED, POSITIVE MED",NO CONTROLS,NO CONTROLS,8,NONE,NOT CODED,NOT CODED,NONE,NOT CODED,NOT CODED,14 MOTOR VEHICLE IN TRANSPORT,"04 SIDESWIPE, SAME DIRECTION",15 NEGOTIATING A CURVE,OPERATED MV IN CARLESS OR NEGL,NO CONTRIBUTING ACTION,00 NOT CODED,00 NOT CODED,00 NOT CODED,00 NOT CODED,01 NO,2,0,1,0,2,0,2,2,N,N,N,N,Y,N,N,N,N,N,N,N,N,N,N,Y,N,N,N,N,N,N,N,N,N,N,27.950504946,-82.52353105,350124.220275,3092653.682661,L,,ARBM15Q1R2,"January 7, 2023",3166817,-9186477.835682455,3242735.679433534
2021885190620,2021,885190620,FHPK21OFFG06840,FLORIDA HIGHWAY PATROL,08 TURNPIKE,HILLSBOROUGH,"November 28, 2021",0740,MONDAY,1050 TAMPA,0350,N,SR 589,WILSKY BLVD,0.25,N,28.04484,-82.56336,28.0483755,-82.5688734,10470000,6.515,02501,SR 589,,L LEFT,2 THRU LANE 2,S SOUTH,03 TOLL ROAD URBAN,06 TURNPIKE/TOLL,01 NON-JUNCTION,01 ON ROADWAY,01 NOT AT INTERSECTION,01 PAVED,37,"May 10, 2020",12 URBAN PRIN ART EXPR.,36,PAVED WARN,12,,0,,0,30,63300,RCI,9.2,3D00,60,4 INCAPACITATING INJURY,31 Q/C COMPLETED - LOC VERIFIED,0 NO,01 NOT AT INTERSECTION/RRX/BRIDGE,01 DAYLIGHT,02 CLOUDY,01 DRY,04 DOWNHILL,1 STRAIGHT,"TWO-WAY, DIVIDED, POSITIVE MED","TWO-WAY, DIVIDED, POSITIVE MED",NO CONTROLS,NO CONTROLS,6,NONE,NOT CODED,NOT CODED,NONE,NOT CODED,NOT CODED,14 MOTOR VEHICLE IN TRANSPORT,"04 SIDESWIPE, SAME DIRECTION",06 CHANGING LANES,NOT CODED,NO CONTRIBUTING ACTION,00 NOT CODED,00 NOT CODED,00 NOT CODED,00 NOT CODED,01 NO,1,0,1,0,5,0,6,9,N,N,N,N,Y,N,N,N,N,N,N,N,N,N,N,N,N,N,N,N,N,N,N,N,N,N,28.055046774,-82.569829765,345718.041856,3104294.419029,L,,ARBM15Q1R2,"January 7, 2023",3166851,-9191631.786896149,3255916.3581508473
2021884589020,2021,884589020,FHPC21OFF033676,FLORIDA HIGHWAY PATROL,07 SEVENTH,HILLSBOROUGH,"April 2, 2021",0419,SATURDAY,1050 TAMPA,0350,N,I 4,M L KING BLVD,1.5,E,27.9956169,-82.3647697,27.9957381,-82.3644366,10190000,13.54,02645,SR 400,I 4,R RIGHT,S SIDE OF ROAD,E EAST,01 INTERSTATE URBAN,01 INTERSTATE,18 THROUGH ROADWAY,03 SHOULDER,01 NOT AT INTERSECTION,01 PAVED,39,"May 26, 2020",11 URBAN PRIN ART INT.,36,PAVED WARN,11,,0,,0,88,125500,RCI,11.7,2D00,65,2 POSSIBLE INJURY,31 Q/C COMPLETED - LOC VERIFIED,0 NO,01 NOT AT INTERSECTION/RRX/BRIDGE,04 DARK-LIGHTED,02 CLOUDY,01 DRY,01 LEVEL,2 CURVE RIGHT,"TWO-WAY, DIVIDED, POSITIVE MED",,NO CONTROLS,NOT CODED,6,NONE,NOT CODED,NOT CODED,NONE,NOT CODED,NOT CODED,27 GUARDRAIL FACE,77 OTHER (SEE NARRATIVE),15 NEGOTIATING A CURVE,SWERVED OR AVOIDED:  DUE TO WI,NOT CODED,00 NOT CODED,00 NOT CODED,00 NOT CODED,00 NOT CODED,01 NO,1,0,0,0,1,0,1,1,N,N,N,N,Y,N,N,N,N,N,N,N,N,N,N,N,N,N,N,N,N,N,N,N,N,N,27.995713729,-82.364450094,365831.371347,3097477.551804,R,,ARBM15Q1R2,"January 7, 2023",3166869,-9168769.0198302,3248434.0535796694
2021885412850,2021,885412850,FHPC21OFF093544,FLORIDA HIGHWAY PATROL,07 SEVENTH,HILLSBOROUGH,"September 7, 2021",1540,WEDNESDAY,1050 TAMPA,0350,N,US 92,HARNEY RD,0,,27.996255,-82.3848725,27.9961225,-82.3848947,10030000,4.052,00497,SR 600,US 92,R RIGHT,2 THRU LANE 2,W WEST,23 SUBURBAN 4-5LN 2WY DIVD RASD,02 U.S.,02 INTERSECTION,01 ON ROADWAY,02 FOUR-WAY INTERSECTION,02 UNPAVED,41,"February 15, 2021",14 URBAN PRIN ART OTHER,24,PAVED,4,LAWN,5,,0,39,41500,RCI,9.6,,45,3 NO-INCAPACITATING INJURY,31 Q/C COMPLETED - LOC VERIFIED,0 NO,02 AT INTERSECTION,01 DAYLIGHT,01 CLEAR,01 DRY,01 LEVEL,1 STRAIGHT,"TWO-WAY, DIVIDED, POSITIVE MED","TWO-WAY, DIVIDED, POSITIVE MED",TRAFFIC CONTROL SIGNAL,TRAFFIC CONTROL SIGNAL,4,NONE,NOT CODED,NOT CODED,NONE,NOT CODED,NOT CODED,14 MOTOR VEHICLE IN TRANSPORT,03 ANGLE,03 TURNING LEFT,FAILED TO YIELD RIGHT-OF-WAY,NO CONTRIBUTING ACTION,00 NOT CODED,00 NOT CODED,00 NOT CODED,00 NOT CODED,01 NO,4,0,0,0,2,0,2,4,N,N,N,Y,N,N,N,N,N,N,N,N,N,N,N,N,N,N,N,N,N,N,N,N,N,N,27.996124814,-82.384866618,363824.0791,3097545.7138,R,,ARBM15Q1R2,"January 7, 2023",3167307,-9171041.7774693,3248485.879925111
2021885412900,2021,885412900,FHPC21OFF095662,FLORIDA HIGHWAY PATROL,07 SEVENTH,HILLSBOROUGH,"September 13, 2021",1115,TUESDAY,1050 TAMPA,0350,N,I 4,SR 574,0.189,E,27.99614,-82.3623699,27.9836018,-82.3811396,10190000,12.217,02732,SR 400,I 4,M MEDIAN,M MIDDLE,E EAST,01 INTERSTATE URBAN,01 INTERSTATE,01 NON-JUNCTION,01 ON ROADWAY,01 NOT AT INTERSECTION,01 PAVED,39,"May 26, 2020",11 URBAN PRIN ART INT.,36,PAVED WARN,9,VALLEY GUTR,4,LAWN,12,88,136000,RCI,11.2,,65,1 NO INJURY,31 Q/C COMPLETED - LOC VERIFIED,0 NO,01 NOT AT INTERSECTION/RRX/BRIDGE,01 DAYLIGHT,01 CLEAR,01 DRY,01 LEVEL,1 STRAIGHT,"TWO-WAY, DIVIDED, POSITIVE MED",,NO CONTROLS,NOT CODED,6,NONE,NOT CODED,NOT CODED,NONE,NOT CODED,NOT CODED,14 MOTOR VEHICLE IN TRANSPORT,77 OTHER (SEE NARRATIVE),01 STRAIGHT AHEAD,OTHER CONTRIBUTING ACTION,NOT CODED,00 NOT CODED,00 NOT CODED,00 NOT CODED,00 NOT CODED,01 NO,0,0,0,0,1,0,1,1,N,N,N,N,N,N,N,N,N,N,N,N,N,N,N,N,N,N,N,N,N,N,N,N,N,N,27.983593182,-82.381158469,364173.036003,3096153.16273,R,,ARBM15Q1R2,"January 7, 2023",3167308,-9170628.988061547,3246906.076029717
2021245761800,2021,245761800,2021-362566,COUNTY SHERIFF'S OFFICE,07 SEVENTH,HILLSBOROUGH,"August 24, 2021",1619,WEDNESDAY,1050 TAMPA,0350,Y,FLORIDA AVE N,HUMPHREY ST,0.017,S,28.03069,-82.459597,28.0308117,-82.4594253,10020000,5.729,03380,SR 685,USB 41,L LEFT,S SIDE OF ROAD,S SOUTH,30 URBAN 6+LN 2WY DIVD RASD,05 LOCAL,01 NON-JUNCTION,01 ON ROADWAY,01 NOT AT INTERSECTION,03 CURB,40,"February 14, 2021",16 URBAN MINOR ART,33,CURB&GUTTER,2,,0,,0,19,25000,RCI,3.3,,45,1 NO INJURY,31 Q/C COMPLETED - LOC VERIFIED,0 NO,01 NOT AT INTERSECTION/RRX/BRIDGE,01 DAYLIGHT,02 CLOUDY,01 DRY,01 LEVEL,1 STRAIGHT,"TWO-WAY, DIVIDED, POSITIVE MED",,NO CONTROLS,NOT CODED,6,NONE,NOT CODED,NOT CODED,NONE,NOT CODED,NOT CODED,33 UTILITY POLE/LIGHT SUPPORT,00 NOT CODED,01 STRAIGHT AHEAD,NO CONTRIBUTING ACTION,NOT CODED,00 NOT CODED,00 NOT CODED,00 NOT CODED,00 NOT CODED,01 NO,0,0,0,0,1,0,1,1,N,N,N,N,N,N,N,N,N,N,N,N,N,N,N,N,N,N,N,N,N,N,N,N,N,N,28.031323737,-82.459516595,356529.438226,3101531.155322,C,,ARBM15Q1R2,"January 7, 2023",3275348,-9179351.777458703,3252924.225358071
2021245766870,2021,245766870,2021-376366,COUNTY SHERIFF'S OFFICE,07 SEVENTH,HILLSBOROUGH,"September 2, 2021",1415,FRIDAY,1050 TAMPA,0350,Y,I 4,SR 618 CONN,0.019,E,27.964661,-82.433967,27.9647148,-82.4317314,10190504,0.019,01101,SR 400,I 4,R RIGHT,X RAMP,E EAST,08 RAMP RURAL,01 INTERSTATE,14 ENTRANCE/EXIT RAMP,01 ON ROADWAY,01 NOT AT INTERSECTION,03 CURB,0,"December 31, 2000",,24,PAVED,12,,0,,0,,17050,RCI,11.2,,55,3 NO-INCAPACITATING INJURY,31 Q/C COMPLETED - LOC VERIFIED,0 NO,07 ENTRANCE RAMP,01 DAYLIGHT,01 CLEAR,01 DRY,01 LEVEL,1 STRAIGHT,ONE-WAY TRAFFICWAY,ONE-WAY TRAFFICWAY,NO CONTROLS,NO CONTROLS,2,NONE,NOT CODED,NOT CODED,NONE,NOT CODED,NOT CODED,14 MOTOR VEHICLE IN TRANSPORT,"04 SIDESWIPE, SAME DIRECTION",01 STRAIGHT AHEAD,OVER-CORRECTING/OVERSTEERING,NO CONTRIBUTING ACTION,00 NOT CODED,00 NOT CODED,00 NOT CODED,00 NOT CODED,01 NO,1,0,0,0,3,0,3,4,N,N,N,N,Y,N,N,N,N,N,N,N,N,N,N,N,N,N,N,N,N,N,N,N,N,N,27.964744153,-82.431725679,359175.059134,3094122.095408,O,,ARBM15Q1R2,"January 7, 2023",3275349,-9176258.105754744,3244530.213175597
2021245767040,2021,245767040,2021-377930,COUNTY SHERIFF'S OFFICE,07 SEVENTH,HILLSBOROUGH,"September 3, 2021",1455,SATURDAY,1050 TAMPA,0350,Y,21ST ST N,COLUMBUS DR E *,0,,27.966822,-82.43551,27.9668744,-82.4355142,10250101,0.331,02062,SR 585,,R RIGHT,2 THRU LANE 2,E EAST,40 URBAN ONE WAY,05 LOCAL,02 INTERSECTION,01 ON ROADWAY,02 FOUR-WAY INTERSECTION,03 CURB,49,"September 13, 2016",16 URBAN MINOR ART,24,RAISED CURB,5,RAISED CURB,0,,0,,3800,RCI,4.3,,30,1 NO INJURY,31 Q/C COMPLETED - LOC VERIFIED,0 NO,02 AT INTERSECTION,01 DAYLIGHT,01 CLEAR,01 DRY,01 LEVEL,1 STRAIGHT,ONE-WAY TRAFFICWAY,ONE-WAY TRAFFICWAY,TRAFFIC CONTROL SIGNAL,TRAFFIC CONTROL SIGNAL,2,NONE,NOT CODED,NOT CODED,NONE,NOT CODED,NOT CODED,14 MOTOR VEHICLE IN TRANSPORT,03 ANGLE,01 STRAIGHT AHEAD,NO CONTRIBUTING ACTION,NO CONTRIBUTING ACTION,00 NOT CODED,00 NOT CODED,00 NOT CODED,00 NOT CODED,01 NO,0,0,0,0,2,0,3,2,N,N,N,Y,N,N,N,N,N,N,N,N,N,N,N,N,N,N,N,N,N,N,N,N,N,N,27.967092266,-82.435511111,358805.736381,3094386.622859,O,,ARBM15Q1R2,"January 7, 2023",3275350,-9176679.498155056,3244826.163112248
2021245747570,2021,245747570,2021-318554,COUNTY SHERIFF'S OFFICE,07 SEVENTH,HILLSBOROUGH,"July 25, 2021",2236,MONDAY,1050 TAMPA,0350,Y,SR 618,FLORIDA AVE S,0.084,N,27.943319,-82.454106,27.9432829,-82.4549686,10002017,0.079,01903,SR 618,,L LEFT,X RAMP,S SOUTH,08 RAMP RURAL,03 STATE,14 ENTRANCE/EXIT RAMP,02 OFF ROADWAY,01 NOT AT INTERSECTION,02 UNPAVED,0,"December 31, 2000",,15,PAVED,3,CURB&GUTTER,2,,0,,4800,RCI,8.3,,,1 NO INJURY,31 Q/C COMPLETED - LOC VERIFIED,0 NO,08 EXIT RAMP,04 DARK-LIGHTED,01 CLEAR,01 DRY,04 DOWNHILL,2 CURVE RIGHT,ONE-WAY TRAFFICWAY,,NO CONTROLS,NOT CODED,1,NONE,NOT CODED,NOT CODED,NONE,NOT CODED,NOT CODED,"36 OTHER POST, POLE, OR SUPPORT",00 NOT CODED,15 NEGOTIATING A CURVE,RAN OFF ROADWAY,NOT CODED,00 NOT CODED,00 NOT CODED,00 NOT CODED,00 NOT CODED,01 NO,0,0,0,0,1,0,1,2,N,N,N,N,Y,N,N,N,N,N,N,N,N,N,N,N,N,N,N,N,Y,N,N,N,N,N,27.943291529,-82.4549633,356860.8259,3091772.2707,O,,ARBM15Q1R2,"January 7, 2023",3275351,-9178844.90647659,3241826.6799614658
2021245749680,2021,245749680,2021-325930,COUNTY SHERIFF'S OFFICE,07 SEVENTH,HILLSBOROUGH,"July 30, 2021",2230,SATURDAY,1050 TAMPA,0350,Y,FLORIDA AVE N,BUSCH BLVD,0,,28.033011,-82.459452,28.0331077,-82.4594141,10020000,5.887,00059,SR 685,USB 41,R RIGHT,2 THRU LANE 2,W WEST,30 URBAN 6+LN 2WY DIVD RASD,05 LOCAL,03 INTERSECTION-RELATED,01 ON ROADWAY,02 FOUR-WAY INTERSECTION,03 CURB,40,"February 14, 2021",16 URBAN MINOR ART,33,PAVED,4,CURB&GUTTER,2,,0,29,25000,RCI,3.3,,45,2 POSSIBLE INJURY,31 Q/C COMPLETED - LOC VERIFIED,0 NO,02 AT INTERSECTION,04 DARK-LIGHTED,01 CLEAR,01 DRY,01 LEVEL,1 STRAIGHT,"TWO-WAY, DIVIDED, POSITIVE MED","TWO-WAY, DIVIDED, POSITIVE MED",TRAFFIC CONTROL SIGNAL,TRAFFIC CONTROL SIGNAL,5,NONE,NOT CODED,NOT CODED,NONE,NOT CODED,NOT CODED,14 MOTOR VEHICLE IN TRANSPORT,03 ANGLE,03 TURNING LEFT,IMPROPER TURN,NO CONTRIBUTING ACTION,00 NOT CODED,00 NOT CODED,00 NOT CODED,00 NOT CODED,01 NO,5,0,0,0,2,0,2,5,N,N,N,Y,N,N,N,N,N,N,N,N,N,N,N,N,N,N,N,N,N,Y,N,N,Y,N,28.033633227,-82.459536595,356530.536047,3101787.060874,C,,ARBM15Q1R2,"January 7, 2023",3275353,-9179354.003895974,3253215.4872743445
2021245747620,2021,245747620,2021-318942,COUNTY SHERIFF'S OFFICE,07 SEVENTH,HILLSBOROUGH,"July 26, 2021",0735,TUESDAY,1050 TAMPA,0350,Y,FLORIDA AVE N,SCOTT ST,0,,27.956363,-82.459491,27.9563855,-82.4609219,10020101,2.547,02540,SR 685,USB 41,I INTERSECTION,M MIDDLE,0,40 URBAN ONE WAY,02 U.S.,02 INTERSECTION,01 ON ROADWAY,02 FOUR-WAY INTERSECTION,03 CURB,41,"February 14, 2021",16 URBAN MINOR ART,33,PAVED WARN,2,RAISED CURB,0,,0,,6300,RCI,4.7,,30,1 NO INJURY,31 Q/C COMPLETED - LOC VERIFIED,0 NO,02 AT INTERSECTION,01 DAYLIGHT,02 CLOUDY,01 DRY,01 LEVEL,1 STRAIGHT,ONE-WAY TRAFFICWAY,ONE-WAY TRAFFICWAY,TRAFFIC CONTROL SIGNAL,TRAFFIC CONTROL SIGNAL,3,NONE,NOT CODED,NOT CODED,NONE,NOT CODED,NOT CODED,14 MOTOR VEHICLE IN TRANSPORT,77 OTHER (SEE NARRATIVE),88 UNKNOWN,NOT CODED,NO CONTRIBUTING ACTION,00 NOT CODED,00 NOT CODED,00 NOT CODED,00 NOT CODED,01 NO,0,0,0,0,2,0,2,2,N,N,N,Y,N,N,N,N,N,N,N,N,N,N,N,N,N,N,N,N,N,N,N,N,N,N,27.956418425,-82.460916597,356292.454332,3093233.646624,O,,ARBM15Q1R2,"January 7, 2023",3275354,-9179507.624791143,3243480.9125575707
2021245737120,2021,245737120,2021-285730,COUNTY SHERIFF'S OFFICE,07 SEVENTH,HILLSBOROUGH,"July 2, 2021",0825,SATURDAY,1050 TAMPA,0350,Y,DALE MABRY HWY N,TAMPA BAY BLVD,0.041,S,27.973255,-82.505216,27.9734373,-82.5053919,10130000,10.492,06335,SR 600,US 92,R RIGHT,S SIDE OF ROAD,N NORTH,33 SUBURBAN 6+LN 2WY DIVD RASD,09 PARKING LOT,01 NON-JUNCTION,02 OFF ROADWAY,01 NOT AT INTERSECTION,02 UNPAVED,36,"February 15, 2021",14 URBAN PRIN ART OTHER,33,PAVED,5,LAWN,12,,0,27,58000,RCI,4.9,,45,0 UNKNOWN/NOT CODED,31 Q/C COMPLETED - LOC VERIFIED,0 NO,01 NOT AT INTERSECTION/RRX/BRIDGE,01 DAYLIGHT,03 RAIN,02 WET,01 LEVEL,1 STRAIGHT,"TWO-WAY, DIVIDED, POSITIVE MED",,NO CONTROLS,NOT CODED,7,"RD SURFC (WET, ICY, SNOW, ETC)",NOT CODED,NOT CODED,WEATHER CONDITIONS,NOT CODED,NOT CODED,33 UTILITY POLE/LIGHT SUPPORT,00 NOT CODED,01 STRAIGHT AHEAD,NOT CODED,NOT CODED,00 NOT CODED,00 NOT CODED,00 NOT CODED,00 NOT CODED,01 NO,0,0,0,0,0,0,1,0,N,N,N,N,N,N,N,N,N,N,N,N,N,N,N,N,N,N,N,N,N,N,N,N,N,N,27.973434101,-82.505412357,351938.165801,3095172.052737,C,,ARBM15Q1R2,"January 7, 2023",3275365,-9184460.871523282,3245625.502818095
2021245785170,2021,245785170,2021-432995,COUNTY SHERIFF'S OFFICE,07 SEVENTH,HILLSBOROUGH,"October 11, 2021",0900,TUESDAY,1050 TAMPA,0350,Y,HILLSBOROUGH AVE E,43RD ST N,0,,27.996166,-82.409976,27.9960226,-82.409953,10030000,2.518,01767,SR 600,US 92,L LEFT,2 THRU LANE 2,E EAST,30 URBAN 6+LN 2WY DIVD RASD,05 LOCAL,18 THROUGH ROADWAY,01 ON ROADWAY,02 FOUR-WAY INTERSECTION,03 CURB,42,"February 15, 2021",14 URBAN PRIN ART OTHER,33,CURB&GUTTER,2,,0,,0,14,37500,RCI,6.9,,45,2 POSSIBLE INJURY,31 Q/C COMPLETED - LOC VERIFIED,0 NO,02 AT INTERSECTION,01 DAYLIGHT,01 CLEAR,01 DRY,01 LEVEL,1 STRAIGHT,"TWO-WAY, DIVIDED, UNPROTECTED","TWO-WAY, DIVIDED, UNPROTECTED",NO CONTROLS,NO CONTROLS,6,NONE,NOT CODED,NOT CODED,NONE,NOT CODED,NOT CODED,14 MOTOR VEHICLE IN TRANSPORT,03 ANGLE,03 TURNING LEFT,FAILED TO YIELD RIGHT-OF-WAY,NO CONTRIBUTING ACTION,00 NOT CODED,00 NOT CODED,00 NOT CODED,00 NOT CODED,01 NO,2,0,0,0,2,0,5,3,N,N,N,Y,N,N,N,N,N,N,Y,N,N,N,N,N,N,N,N,N,N,Y,Y,N,N,N,27.996094815,-82.409953536,361356.930059,3097570.640951,C,,ARBM15Q1R2,"January 7, 2023",3275367,-9173834.44114181,3248482.097889174