Crash Id,Calendar Year,FDOT Crash Number,Reporting Agency Case Number,Reporting Agency Type,FDOT Managing District,County Name,Crash Date,Crash Time,Day,DHSMV City,Crash Report City Code,In Town,On Roadway Name,Int Roadway Name,Reference Distance (Miles),Reference Direction,Officer Latitude,Officer Longitude,FDOT Latitude,FDOT Longitude,FDOT Roadway,Nearest Inventory MP,Nearest Node From Crash,State Road #,US Highway,Crash Side of Road,Accident Lane Number,Travel Direction Vehicle 1,FDOT Road Category,DHSMV Road System Id,Relation to Junction,Crash Harmful Event Location,Intersection Type,Shoulder Type,FDOT Roadway SKID Test Result,FDOT Roadway SKID Test Date,Functional Class,RCI Surface Width,RCI Shoulder Type First,RCI Shoulder Width First,RCI Shoulder Type Second,RCI Shoulder Width Second,RCI Shoulder Type Third,RCI Shoulder Width Third,RCI Median Width,Avg Daily Traffic,AADT Source,RCI Avg Per Truck Traffic,RCI Horiz Curve Condition,Posted Speed Limit,Highest Injury in Crash,CAR Status Code,Alcohols/Drug Involved,Site Location,Lighting,Weather,Road Surface,Roadway Grade,Roadway Alignment,Traffic Way Vehicle 1,Traffic Way Vehicle 2,Traffic Control Vehicle 1,Traffic Control Vehicle 2,Count of Lanes,Road Condition 1,Road Condition 2,Road Condition 3,Environment Condition 1,Environment Condition 2,Environment Condition 3,Crash Harmful Event,Manner of Collision,Vehicle Movement,Driver Action Vehicle 1,Driver Action Vehicle 2,Location Within Workzone,Type of Workzone,Workers Present in Workzone,Law Enforcement Present in Workzone,School Bus Related,Count of Nonfatal Injuries,Count of Traffic Fatalities,Count of Serious Injuries,Count of Pedestrians,Count of Drivers,Count of Bicyclists,Count of Vehicles,Count of Persons,Wrong Way,Workzone Inv,Commercial Vehicle Inv,Intersection Inv,Lane Departure,Speeding,Agressive Driving,Impaired Driver,Impaired Pedestrian,Impaired Bicyclist,Distracted Driver,Speeding or Aggressive Driving,Pedestrian Related,Bicyclist Related,Pedestrian or Bicyclist Related,Motorcycle Inv,No Belt,No Belt - Ages 1-4,No Belt - Ages 5-12,No Belt - Ages 13-17,Driver - Ages Teen,Driver - Ages 65 plus,Driver - Ages 65-69,Driver - Ages 70-74,Driver - Ages 75-79,Driver - Ages 80 plus,ARBM Latitude,ARBM Longitude,UTM Zone 17N X,UTM Zone 17N Y,ARBM Side of Road,Urban Rural Indicator,GIS Street Source,Extract Date,OBJECTID,x,y
2021245793960,2021,245793960,2021-459259,COUNTY SHERIFF'S OFFICE,07 SEVENTH,HILLSBOROUGH,"October 29, 2021",0326,SATURDAY,1050 TAMPA,0350,Y,HILLSBOROUGH AVE E,CHEROKEE AVE,0.009,E,27.996258,-82.45412,27.9960924,-82.4539907,10150000,12.675,03169,SR 600,US 92,L LEFT,2 THRU LANE 2,W WEST,30 URBAN 6+LN 2WY DIVD RASD,02 U.S.,18 THROUGH ROADWAY,01 ON ROADWAY,02 FOUR-WAY INTERSECTION,03 CURB,36,"February 15, 2021",14 URBAN PRIN ART OTHER,36,CURB&GUTTER,2,,0,,0,18,51500,RCI,5.3,,40,1 NO INJURY,31 Q/C COMPLETED - LOC VERIFIED,0 NO,01 NOT AT INTERSECTION/RRX/BRIDGE,04 DARK-LIGHTED,01 CLEAR,02 WET,01 LEVEL,1 STRAIGHT,"TWO-WAY, DIVIDED, POSITIVE MED","TWO-WAY, DIVIDED, POSITIVE MED",TRAFFIC CONTROL SIGNAL,TRAFFIC CONTROL SIGNAL,4,NONE,NOT CODED,NOT CODED,NONE,NOT CODED,NOT CODED,14 MOTOR VEHICLE IN TRANSPORT,01 FRONT TO REAR,14 SLOWING,FOLLOWED TOO CLOSELY,NO CONTRIBUTING ACTION,00 NOT CODED,00 NOT CODED,00 NOT CODED,00 NOT CODED,01 NO,0,0,0,0,2,0,2,3,N,N,N,N,N,N,N,N,N,N,Y,N,N,N,N,N,N,N,N,N,N,N,N,N,N,N,27.996234816,-82.453987325,357026.683611,3097636.966885,L,,ARBM15Q1R2,"January 7, 2023",3275894,-9178736.261636063,3248499.747994171
2021245778490,2021,245778490,2021-411723,COUNTY SHERIFF'S OFFICE,07 SEVENTH,HILLSBOROUGH,"September 26, 2021",1542,MONDAY,1050 TAMPA,0350,Y,50TH ST S,SR 618,0.009,N,27.949489,-82.401779,27.9494935,-82.4016086,10060000,25.381,02882,SR 599,US 41,L LEFT,S SIDE OF ROAD,0,33 SUBURBAN 6+LN 2WY DIVD RASD,05 LOCAL,14 ENTRANCE/EXIT RAMP,02 OFF ROADWAY,02 FOUR-WAY INTERSECTION,02 UNPAVED,39,"October 1, 2019",14 URBAN PRIN ART OTHER,33,PAVED,13,,0,,0,28,39000,RCI,14.5,,40,0 UNKNOWN/NOT CODED,31 Q/C COMPLETED - LOC VERIFIED,0 NO,01 NOT AT INTERSECTION/RRX/BRIDGE,01 DAYLIGHT,01 CLEAR,01 DRY,01 LEVEL,1 STRAIGHT,"TWO-WAY, DIVIDED, UNPROTECTED",,NO CONTROLS,NOT CODED,6,NONE,NOT CODED,NOT CODED,NONE,NOT CODED,NOT CODED,"39 OTHER FIXED OBJECT (WALL, BUIL",00 NOT CODED,88 UNKNOWN,NOT CODED,NOT CODED,00 NOT CODED,00 NOT CODED,00 NOT CODED,00 NOT CODED,01 NO,0,0,0,0,0,0,1,0,N,N,N,N,N,N,N,N,N,N,N,N,N,N,N,N,N,N,N,N,N,N,N,N,N,N,27.949508025,-82.401637414,362115.522468,3092399.711804,C,,ARBM15Q1R2,"January 7, 2023",3275897,-9172908.69432307,3242610.049034045
2021245778700,2021,245778700,2021-413700,COUNTY SHERIFF'S OFFICE,07 SEVENTH,HILLSBOROUGH,"September 27, 2021",2045,TUESDAY,1050 TAMPA,0350,Y,SR 618,GANDY BLVD,0,,27.893481,-82.508508,27.8941189,-82.508252,10002004,0.117,01081,SR 618,,L LEFT,X RAMP,S SOUTH,08 RAMP RURAL,05 LOCAL,01 NON-JUNCTION,01 ON ROADWAY,77 OTHER (SEE NARRATIVE),03 CURB,0,"December 31, 2000",,16,CURB&GUTTER,2,,0,,0,,7400,RCI,8.3,,,1 NO INJURY,31 Q/C COMPLETED - LOC VERIFIED,2 DRG,08 EXIT RAMP,04 DARK-LIGHTED,01 CLEAR,01 DRY,01 LEVEL,1 STRAIGHT,ONE-WAY TRAFFICWAY,,NO CONTROLS,NOT CODED,1,NONE,NOT CODED,NOT CODED,NONE,NOT CODED,NOT CODED,28 GUARDRAIL END,00 NOT CODED,01 STRAIGHT AHEAD,RAN OFF ROADWAY,NOT CODED,00 NOT CODED,00 NOT CODED,00 NOT CODED,00 NOT CODED,01 NO,0,0,0,0,1,0,1,1,N,N,N,N,Y,N,N,N,N,N,N,N,N,N,N,N,N,N,N,N,N,N,N,N,N,N,27.89413206,-82.508258528,351549.825558,3086389.178057,O,,ARBM15Q1R2,"January 7, 2023",3275898,-9184777.705657072,3235633.4590886366
2021245766480,2021,245766480,2021-376585,COUNTY SHERIFF'S OFFICE,07 SEVENTH,HILLSBOROUGH,"September 2, 2021",1706,FRIDAY,1050 TAMPA,0350,Y,SR 618,50TH ST N,0,,27.950327,-82.401939,27.9495018,-82.4015142,10002033,0,02889,SR 618,,R RIGHT,X RAMP,S SOUTH,08 RAMP RURAL,05 LOCAL,14 ENTRANCE/EXIT RAMP,02 OFF ROADWAY,01 NOT AT INTERSECTION,03 CURB,0,"December 31, 2000",,16,PAVED,8,,0,,0,,2500,RCI,8.1,,,1 NO INJURY,31 Q/C COMPLETED - LOC VERIFIED,0 NO,07 ENTRANCE RAMP,01 DAYLIGHT,01 CLEAR,02 WET,01 LEVEL,3 CURVE LEFT,"TWO-WAY, DIVIDED, POSITIVE MED",,NO CONTROLS,NOT CODED,1,NONE,NOT CODED,NOT CODED,NONE,NOT CODED,NOT CODED,"39 OTHER FIXED OBJECT (WALL, BUIL",00 NOT CODED,03 TURNING LEFT,OPERATED MV IN CARLESS OR NEGL,NOT CODED,00 NOT CODED,00 NOT CODED,00 NOT CODED,00 NOT CODED,01 NO,0,0,0,0,1,0,1,1,N,N,N,N,N,N,N,N,N,N,N,N,N,N,N,N,N,N,N,N,N,Y,N,Y,N,N,27.949488928,-82.401517642,362127.282,3092397.4608,O,,ARBM15Q1R2,"January 7, 2023",3275907,-9172895.36135868,3242607.642403759
2021245770940,2021,245770940,2021-387601,COUNTY SHERIFF'S OFFICE,07 SEVENTH,HILLSBOROUGH,"September 10, 2021",0026,SATURDAY,1050 TAMPA,0350,Y,SR 618,WILLOW AVE S,0.054,E,27.942471,-82.473538,27.9426322,-82.4721273,10002000,4.177,01474,SR 618,,M MEDIAN,M MIDDLE,E EAST,03 TOLL ROAD URBAN,05 LOCAL,01 NON-JUNCTION,10 ROADSIDE,01 NOT AT INTERSECTION,03 CURB,34,"September 17, 2018",12 URBAN PRIN ART EXPR.,24,PAVED WARN,6,VALLEY GUTR,4,,0,39,60500,RCI,8,4D00,55,1 NO INJURY,31 Q/C COMPLETED - LOC VERIFIED,0 NO,01 NOT AT INTERSECTION/RRX/BRIDGE,04 DARK-LIGHTED,01 CLEAR,01 DRY,01 LEVEL,2 CURVE RIGHT,"TWO-WAY, DIVIDED, POSITIVE MED",,NO CONTROLS,NOT CODED,4,NONE,NOT CODED,NOT CODED,NONE,NOT CODED,NOT CODED,30 CONCRETE TRAFFIC BARRIER,00 NOT CODED,15 NEGOTIATING A CURVE,DROVE TOO FAST FOR CONDITIONS,NOT CODED,00 NOT CODED,00 NOT CODED,00 NOT CODED,00 NOT CODED,01 NO,0,0,0,0,1,0,1,2,N,N,N,N,N,Y,N,N,N,N,N,Y,N,N,N,N,N,N,N,N,N,N,N,N,N,N,27.942640829,-82.471886595,355194.83974,3091720.1103,R,,ARBM15Q1R2,"January 7, 2023",3275908,-9180728.799630903,3241744.684959192
2021245762960,2021,245762960,2021-366015,COUNTY SHERIFF'S OFFICE,07 SEVENTH,HILLSBOROUGH,"August 26, 2021",1835,FRIDAY,1050 TAMPA,0350,Y,BUSCH BLVD E,50TH ST N,0.009,W,28.032768,-82.401759,28.0325708,-82.401887,10310000,6.349,00898,SR 580,,L LEFT,S SIDE OF ROAD,N NORTH,30 URBAN 6+LN 2WY DIVD RASD,03 STATE,03 INTERSECTION-RELATED,02 OFF ROADWAY,02 FOUR-WAY INTERSECTION,03 CURB,35,"October 2, 2019",14 URBAN PRIN ART OTHER,36,CURB&GUTTER,2,,0,,0,16,39500,RCI,3.4,,45,1 NO INJURY,31 Q/C COMPLETED - LOC VERIFIED,2 DRG,01 NOT AT INTERSECTION/RRX/BRIDGE,01 DAYLIGHT,01 CLEAR,01 DRY,01 LEVEL,1 STRAIGHT,"TWO-WAY, NOT DIVIDED",,TRAFFIC CONTROL SIGNAL,NOT CODED,6,NONE,NOT CODED,NOT CODED,NONE,NOT CODED,NOT CODED,33 UTILITY POLE/LIGHT SUPPORT,00 NOT CODED,01 STRAIGHT AHEAD,OTHER CONTRIBUTING ACTION,NOT CODED,00 NOT CODED,00 NOT CODED,00 NOT CODED,00 NOT CODED,01 NO,0,0,0,0,1,0,1,1,N,N,N,N,N,N,N,N,N,N,N,N,N,N,N,N,N,N,N,N,N,N,N,N,N,N,28.032634806,-82.401878896,362197.54674,3101609.904956,C,,ARBM15Q1R2,"January 7, 2023",3275914,-9172935.576302307,3253089.570546309
2021245753520,2021,245753520,2021-336963,COUNTY SHERIFF'S OFFICE,07 SEVENTH,HILLSBOROUGH,"August 7, 2021",1900,SUNDAY,1050 TAMPA,0350,Y,I 275,SR 574,0,,27.982755,-82.454004,27.9834205,-82.4539944,10320161,0,03114,SR 93,I 275,L LEFT,X RAMP,S SOUTH,08 RAMP RURAL,77 ALL OTHER,14 ENTRANCE/EXIT RAMP,10 ROADSIDE,77 OTHER (SEE NARRATIVE),03 CURB,0,"December 31, 2000",,13,CURB&GUTTER,2,,0,,0,,6800,RCI,6.2,,,1 NO INJURY,31 Q/C COMPLETED - LOC VERIFIED,0 NO,08 EXIT RAMP,01 DAYLIGHT,02 CLOUDY,02 WET,04 DOWNHILL,1 STRAIGHT,ONE-WAY TRAFFICWAY,,NO CONTROLS,NOT CODED,1,"RD SURFC (WET, ICY, SNOW, ETC)",NONE,NOT CODED,NONE,NOT CODED,NOT CODED,24 CURB,00 NOT CODED,14 SLOWING,DROVE TOO FAST FOR CONDITIONS,NOT CODED,00 NOT CODED,00 NOT CODED,00 NOT CODED,00 NOT CODED,01 NO,0,0,0,0,1,0,1,1,N,N,N,N,Y,Y,N,N,N,N,N,Y,N,N,N,N,N,N,N,N,N,N,N,N,N,N,27.983420415,-82.45398405,357010.0929,3096217.1907,O,,ARBM15Q1R2,"January 7, 2023",3275916,-9178735.897041684,3246884.297183026
2021245753570,2021,245753570,2021-336835,COUNTY SHERIFF'S OFFICE,07 SEVENTH,HILLSBOROUGH,"August 7, 2021",1700,SUNDAY,1050 TAMPA,0350,Y,I 275,CENTRAL AVE,0.082,N,28.051562,-82.455119,28.0690315,-82.4553793,10320146,0.01,05315,SR 93,I 275,L LEFT,X RAMP,S SOUTH,08 RAMP RURAL,01 INTERSTATE,01 NON-JUNCTION,02 OFF ROADWAY,01 NOT AT INTERSECTION,01 PAVED,0,"December 31, 2000",,15,CURB&GUTTER,2,RAISED CURB,0,,0,,13500,RCI,6.2,,,2 POSSIBLE INJURY,31 Q/C COMPLETED - LOC VERIFIED,0 NO,07 ENTRANCE RAMP,01 DAYLIGHT,03 RAIN,02 WET,04 DOWNHILL,1 STRAIGHT,"TWO-WAY, DIVIDED, POSITIVE MED",,NO CONTROLS,NOT CODED,1,NONE,NOT CODED,NOT CODED,NONE,NOT CODED,NOT CODED,33 UTILITY POLE/LIGHT SUPPORT,00 NOT CODED,01 STRAIGHT AHEAD,OTHER CONTRIBUTING ACTION,NOT CODED,00 NOT CODED,00 NOT CODED,00 NOT CODED,00 NOT CODED,01 NO,1,0,0,0,1,0,1,2,N,N,N,N,Y,N,N,N,N,N,N,N,N,N,N,N,N,N,N,N,N,N,N,N,N,N,28.069041269,-82.455373654,356986.666176,3105705.2373,O,,ARBM15Q1R2,"January 7, 2023",3275917,-9178890.587283907,3257681.762143359
2021245812050,2021,245812050,2021-510945,COUNTY SHERIFF'S OFFICE,07 SEVENTH,HILLSBOROUGH,"December 7, 2021",0810,WEDNESDAY,1050 TAMPA,0350,Y,GANDY BLVD W,CHURCH AVE,0.04,W,27.893687,-82.510519,27.8936486,-82.5105763,10130000,4.739,03446,SR 600,US 92,R RIGHT,2 THRU LANE 2,E EAST,20 URBAN 4-5LN 2WY DIVD RASD,05 LOCAL,01 NON-JUNCTION,01 ON ROADWAY,01 NOT AT INTERSECTION,03 CURB,38,"September 13, 2015",14 URBAN PRIN ART OTHER,20,CURB&GUTTER,2,,0,,0,35,34000,RCI,4.9,,45,4 INCAPACITATING INJURY,31 Q/C COMPLETED - LOC VERIFIED,0 NO,01 NOT AT INTERSECTION/RRX/BRIDGE,01 DAYLIGHT,01 CLEAR,01 DRY,01 LEVEL,1 STRAIGHT,"TWO-WAY, DIVIDED, POSITIVE MED","TWO-WAY, DIVIDED, POSITIVE MED",NO CONTROLS,NO CONTROLS,4,WORK ZONE (CONST/MNT/UTLTY)NTE,NOT CODED,NOT CODED,NONE,NOT CODED,NOT CODED,14 MOTOR VEHICLE IN TRANSPORT,01 FRONT TO REAR,01 STRAIGHT AHEAD,FOLLOWED TOO CLOSELY,NOT CODED,04 ACTIVITY AREA,01 LANE CLOSURE,02 YES,01 NO,01 NO,2,0,1,0,2,0,3,3,N,Y,N,N,N,N,N,N,N,N,N,N,N,N,N,N,N,N,N,N,Y,Y,N,N,Y,N,27.893652382,-82.510565276,351322.098759,3086338.831307,R,,ARBM15Q1R2,"January 7, 2023",3275918,-9185034.491691072,3235573.041978962
2021245784380,2021,245784380,2021-431135,COUNTY SHERIFF'S OFFICE,07 SEVENTH,HILLSBOROUGH,"October 9, 2021",2302,SUNDAY,1050 TAMPA,0350,Y,BUSCH BLVD E,FLORIDA AVE,0,,28.033034,-82.459383,28.0329023,-82.4596981,10310000,2.817,00059,SR 580,,L LEFT,1 THRU LANE 1,W WEST,30 URBAN 6+LN 2WY DIVD RASD,05 LOCAL,02 INTERSECTION,01 ON ROADWAY,02 FOUR-WAY INTERSECTION,03 CURB,35,"October 2, 2019",14 URBAN PRIN ART OTHER,36,CURB&GUTTER,2,,0,,0,15,43000,RCI,5.1,,40,2 POSSIBLE INJURY,31 Q/C COMPLETED - LOC VERIFIED,3 A/D,02 AT INTERSECTION,01 DAYLIGHT,01 CLEAR,01 DRY,01 LEVEL,1 STRAIGHT,"TWO-WAY, DIVIDED, POSITIVE MED","TWO-WAY, DIVIDED, POSITIVE MED",NO CONTROLS,NO CONTROLS,5,NONE,NOT CODED,NOT CODED,NONE,NOT CODED,NOT CODED,14 MOTOR VEHICLE IN TRANSPORT,03 ANGLE,01 STRAIGHT AHEAD,RAN RED LIGHT,NO CONTRIBUTING ACTION,00 NOT CODED,00 NOT CODED,00 NOT CODED,00 NOT CODED,01 NO,1,0,0,0,2,0,2,3,N,N,N,Y,N,N,N,Y,N,N,N,N,N,N,N,N,N,N,N,N,N,N,N,N,N,N,28.032924807,-82.459673449,356516.141943,3101708.73191,C,,ARBM15Q1R2,"January 7, 2023",3275924,-9179369.23841308,3253126.1439643167
2021245788540,2021,245788540,2021-443910,COUNTY SHERIFF'S OFFICE,07 SEVENTH,HILLSBOROUGH,"October 18, 2021",1607,TUESDAY,1050 TAMPA,0350,Y,BUSCH BLVD E,21ST ST,0.019,W,28.032685,-82.436228,28.0324908,-82.4363792,10310000,4.242,00872,SR 580,,L LEFT,S SIDE OF ROAD,W WEST,30 URBAN 6+LN 2WY DIVD RASD,05 LOCAL,18 THROUGH ROADWAY,03 SHOULDER,01 NOT AT INTERSECTION,03 CURB,35,"October 2, 2019",14 URBAN PRIN ART OTHER,36,CURB&GUTTER,2,,0,,0,16,45000,RCI,3.6,,45,2 POSSIBLE INJURY,31 Q/C COMPLETED - LOC VERIFIED,0 NO,01 NOT AT INTERSECTION/RRX/BRIDGE,01 DAYLIGHT,01 CLEAR,01 DRY,01 LEVEL,1 STRAIGHT,"TWO-WAY, NOT DIVIDED",,NO CONTROLS,NOT CODED,6,NONE,NOT CODED,NOT CODED,NONE,NOT CODED,NOT CODED,"39 OTHER FIXED OBJECT (WALL, BUIL",00 NOT CODED,01 STRAIGHT AHEAD,OVER-CORRECTING/OVERSTEERING,NOT CODED,00 NOT CODED,00 NOT CODED,00 NOT CODED,00 NOT CODED,01 NO,1,0,0,0,1,0,1,1,N,N,N,N,Y,N,N,N,N,N,N,N,N,N,N,N,N,N,N,N,N,N,N,N,N,N,28.032554807,-82.436360678,358807.543811,3101640.509645,C,,ARBM15Q1R2,"January 7, 2023",3275925,-9176774.071765676,3253079.481236317
2021245753640,2021,245753640,2021-337284,COUNTY SHERIFF'S OFFICE,07 SEVENTH,HILLSBOROUGH,"August 7, 2021",2319,SUNDAY,1050 TAMPA,0350,Y,NEBRASKA AVE N,21ST AVE E,0,,27.970811,-82.4512,27.9706016,-82.4512009,10040000,1.409,00907,SR 45,,L LEFT,1 THRU LANE 1,W WEST,11 URBAN 2-3LN 2WY DIVD PAVD,05 LOCAL,02 INTERSECTION,01 ON ROADWAY,02 FOUR-WAY INTERSECTION,03 CURB,39,"October 2, 2019",16 URBAN MINOR ART,12,PAVED,4,RAISED CURB,0,,0,12,15500,RCI,3.7,,35,2 POSSIBLE INJURY,31 Q/C COMPLETED - LOC VERIFIED,0 NO,02 AT INTERSECTION,04 DARK-LIGHTED,01 CLEAR,01 DRY,01 LEVEL,1 STRAIGHT,"TWO-WAY, NOT DIVIDED","TWO-WAY, NOT DIVIDED",TRAFFIC CONTROL SIGNAL,TRAFFIC CONTROL SIGNAL,2,NONE,NOT CODED,NOT CODED,NONE,NOT CODED,NOT CODED,14 MOTOR VEHICLE IN TRANSPORT,02 FRONT TO FRONT,03 TURNING LEFT,NO CONTRIBUTING ACTION,NO CONTRIBUTING ACTION,00 NOT CODED,00 NOT CODED,00 NOT CODED,00 NOT CODED,01 NO,2,0,0,0,2,0,2,4,N,N,N,Y,N,N,N,N,N,N,N,N,N,N,N,N,N,N,N,N,Y,N,N,N,N,N,27.970602063,-82.451216599,357265.408031,3094793.745407,C,,ARBM15Q1R2,"January 7, 2023",3275936,-9178427.825673467,3245268.5403940734
2021245758350,2021,245758350,2021-351682,COUNTY SHERIFF'S OFFICE,07 SEVENTH,HILLSBOROUGH,"August 17, 2021",1625,WEDNESDAY,1050 TAMPA,0350,Y,21ST ST N,COLUMBUS DR E *,0,,27.96681,-82.435514,27.9668744,-82.4355142,10250101,0.331,02062,SR 585,,R RIGHT,1 THRU LANE 1,S SOUTH,40 URBAN ONE WAY,05 LOCAL,02 INTERSECTION,01 ON ROADWAY,02 FOUR-WAY INTERSECTION,03 CURB,49,"September 13, 2016",16 URBAN MINOR ART,24,RAISED CURB,5,RAISED CURB,0,,0,,3800,RCI,4.3,,30,1 NO INJURY,31 Q/C COMPLETED - LOC VERIFIED,0 NO,02 AT INTERSECTION,01 DAYLIGHT,01 CLEAR,01 DRY,01 LEVEL,1 STRAIGHT,ONE-WAY TRAFFICWAY,ONE-WAY TRAFFICWAY,TRAFFIC CONTROL SIGNAL,TRAFFIC CONTROL SIGNAL,2,NONE,NOT CODED,NOT CODED,NONE,NOT CODED,NOT CODED,14 MOTOR VEHICLE IN TRANSPORT,03 ANGLE,01 STRAIGHT AHEAD,OTHER CONTRIBUTING ACTION,OTHER CONTRIBUTING ACTION,00 NOT CODED,00 NOT CODED,00 NOT CODED,00 NOT CODED,01 NO,0,0,0,0,2,0,2,3,N,N,N,Y,N,N,N,N,N,N,N,N,N,N,N,N,N,N,N,N,N,N,N,N,N,N,27.967092266,-82.435511111,358805.736381,3094386.622859,O,,ARBM15Q1R2,"January 7, 2023",3275939,-9176679.498155056,3244826.163112248
2021245749050,2021,245749050,2021-323836,COUNTY SHERIFF'S OFFICE,07 SEVENTH,HILLSBOROUGH,"July 29, 2021",1425,FRIDAY,1050 TAMPA,0350,Y,GANDY BLVD W,LOIS AVE,0,,27.89368,-82.515461,27.8936674,-82.5153727,10130000,4.446,01551,SR 600,US 92,R RIGHT,2 THRU LANE 2,W WEST,20 URBAN 4-5LN 2WY DIVD RASD,05 LOCAL,77 OTHER (SEE NARRATIVE),01 ON ROADWAY,03 T-INTERSECTION,03 CURB,38,"September 13, 2015",14 URBAN PRIN ART OTHER,20,CURB&GUTTER,2,,0,,0,35,34000,RCI,4.9,,45,4 INCAPACITATING INJURY,31 Q/C COMPLETED - LOC VERIFIED,0 NO,02 AT INTERSECTION,01 DAYLIGHT,01 CLEAR,01 DRY,01 LEVEL,1 STRAIGHT,"TWO-WAY, NOT DIV, W/CONT LTURN","TWO-WAY, NOT DIV, W/CONT LTURN",TRAFFIC CONTROL SIGNAL,TRAFFIC CONTROL SIGNAL,4,NONE,NOT CODED,NOT CODED,NONE,NOT CODED,NOT CODED,14 MOTOR VEHICLE IN TRANSPORT,77 OTHER (SEE NARRATIVE),03 TURNING LEFT,FAILED TO YIELD RIGHT-OF-WAY,NO CONTRIBUTING ACTION,00 NOT CODED,00 NOT CODED,00 NOT CODED,00 NOT CODED,01 NO,1,0,1,0,2,0,2,2,N,N,N,Y,N,N,Y,N,N,N,N,Y,N,N,N,N,N,N,N,N,Y,N,N,N,N,N,27.893684398,-82.515369064,350849.265796,3086348.221722,R,,ARBM15Q1R2,"January 7, 2023",3275940,-9185569.247187428,3235577.0745074307
2021245741130,2021,245741130,2021-299321,COUNTY SHERIFF'S OFFICE,07 SEVENTH,HILLSBOROUGH,"July 11, 2021",1810,MONDAY,1050 TAMPA,0350,Y,US 41,30TH AVE S,0,,27.977889,-82.401588,27.9219693,-82.4018222,10060000,23.483,02460,SR 45,US 41,R RIGHT,1 THRU LANE 1,E EAST,30 URBAN 6+LN 2WY DIVD RASD,05 LOCAL,03 INTERSECTION-RELATED,01 ON ROADWAY,02 FOUR-WAY INTERSECTION,01 PAVED,38,"October 1, 2019",14 URBAN PRIN ART OTHER,22,CURB&GUTTER,2,,0,,0,30,37125,RCI,11.3,,50,2 POSSIBLE INJURY,31 Q/C COMPLETED - LOC VERIFIED,0 NO,02 AT INTERSECTION,01 DAYLIGHT,03 RAIN,02 WET,01 LEVEL,1 STRAIGHT,"TWO-WAY, NOT DIVIDED","TWO-WAY, NOT DIVIDED",STOP SIGN,NO CONTROLS,5,NONE,NOT CODED,NOT CODED,NONE,NOT CODED,NOT CODED,14 MOTOR VEHICLE IN TRANSPORT,03 ANGLE,17 ENTERING TRAFFIC LANE,FAILED TO YIELD RIGHT-OF-WAY,NO CONTRIBUTING ACTION,00 NOT CODED,00 NOT CODED,00 NOT CODED,00 NOT CODED,01 NO,2,0,0,0,2,0,2,2,N,N,N,Y,N,N,N,N,N,N,N,N,N,N,N,N,N,N,N,N,N,N,N,N,N,N,27.921974026,-82.401887818,362055.91199,3089349.42474,C,,ARBM15Q1R2,"January 7, 2023",3275941,-9172936.569115434,3239140.707268559
2021245741240,2021,245741240,2021-299464,COUNTY SHERIFF'S OFFICE,07 SEVENTH,HILLSBOROUGH,"July 11, 2021",2000,MONDAY,1050 TAMPA,0350,Y,COURTNEY CAMPBELL CSWY,BOAT RAMP ENT,0,,27.971727,-82.609959,27.9715853,-82.6102927,10140000,2.356,04601,SR 60,,R RIGHT,1 THRU LANE 1,W WEST,23 SUBURBAN 4-5LN 2WY DIVD RASD,09 PARKING LOT,03 INTERSECTION-RELATED,01 ON ROADWAY,01 NOT AT INTERSECTION,01 PAVED,38,"February 17, 2020",14 URBAN PRIN ART OTHER,23,PAVED,5,LAWN,7,,0,16,61500,RCI,5.2,,60,1 NO INJURY,31 Q/C COMPLETED - LOC VERIFIED,0 NO,02 AT INTERSECTION,04 DARK-LIGHTED,02 CLOUDY,02 WET,01 LEVEL,1 STRAIGHT,"TWO-WAY, DIVIDED, POSITIVE MED","TWO-WAY, DIVIDED, POSITIVE MED",TRAFFIC CONTROL SIGNAL,TRAFFIC CONTROL SIGNAL,4,NONE,NOT CODED,NOT CODED,NONE,NOT CODED,NOT CODED,14 MOTOR VEHICLE IN TRANSPORT,"04 SIDESWIPE, SAME DIRECTION",06 CHANGING LANES,OPERATED MV IN CARLESS OR NEGL,NO CONTRIBUTING ACTION,00 NOT CODED,00 NOT CODED,00 NOT CODED,00 NOT CODED,01 NO,0,0,0,0,2,0,2,2,N,N,N,Y,N,N,N,N,N,N,Y,N,N,N,N,N,N,N,N,N,N,N,N,N,N,N,27.971630363,-82.610335624,341614.528856,3095103.864725,C,,ARBM15Q1R2,"January 7, 2023",3275942,-9196140.87946947,3245398.1502252277