Crash Id,Calendar Year,FDOT Crash Number,Reporting Agency Case Number,Reporting Agency Type,FDOT Managing District,County Name,Crash Date,Crash Time,Day,DHSMV City,Crash Report City Code,In Town,On Roadway Name,Int Roadway Name,Reference Distance (Miles),Reference Direction,Officer Latitude,Officer Longitude,FDOT Latitude,FDOT Longitude,FDOT Roadway,Nearest Inventory MP,Nearest Node From Crash,State Road #,US Highway,Crash Side of Road,Accident Lane Number,Travel Direction Vehicle 1,FDOT Road Category,DHSMV Road System Id,Relation to Junction,Crash Harmful Event Location,Intersection Type,Shoulder Type,FDOT Roadway SKID Test Result,FDOT Roadway SKID Test Date,Functional Class,RCI Surface Width,RCI Shoulder Type First,RCI Shoulder Width First,RCI Shoulder Type Second,RCI Shoulder Width Second,RCI Shoulder Type Third,RCI Shoulder Width Third,RCI Median Width,Avg Daily Traffic,AADT Source,RCI Avg Per Truck Traffic,RCI Horiz Curve Condition,Posted Speed Limit,Highest Injury in Crash,CAR Status Code,Alcohols/Drug Involved,Site Location,Lighting,Weather,Road Surface,Roadway Grade,Roadway Alignment,Traffic Way Vehicle 1,Traffic Way Vehicle 2,Traffic Control Vehicle 1,Traffic Control Vehicle 2,Count of Lanes,Road Condition 1,Road Condition 2,Road Condition 3,Environment Condition 1,Environment Condition 2,Environment Condition 3,Crash Harmful Event,Manner of Collision,Vehicle Movement,Driver Action Vehicle 1,Driver Action Vehicle 2,Location Within Workzone,Type of Workzone,Workers Present in Workzone,Law Enforcement Present in Workzone,School Bus Related,Count of Nonfatal Injuries,Count of Traffic Fatalities,Count of Serious Injuries,Count of Pedestrians,Count of Drivers,Count of Bicyclists,Count of Vehicles,Count of Persons,Wrong Way,Workzone Inv,Commercial Vehicle Inv,Intersection Inv,Lane Departure,Speeding,Agressive Driving,Impaired Driver,Impaired Pedestrian,Impaired Bicyclist,Distracted Driver,Speeding or Aggressive Driving,Pedestrian Related,Bicyclist Related,Pedestrian or Bicyclist Related,Motorcycle Inv,No Belt,No Belt - Ages 1-4,No Belt - Ages 5-12,No Belt - Ages 13-17,Driver - Ages Teen,Driver - Ages 65 plus,Driver - Ages 65-69,Driver - Ages 70-74,Driver - Ages 75-79,Driver - Ages 80 plus,ARBM Latitude,ARBM Longitude,UTM Zone 17N X,UTM Zone 17N Y,ARBM Side of Road,Urban Rural Indicator,GIS Street Source,Extract Date,OBJECTID,x,y
2021245805580,2021,245805580,2021-489329,COUNTY SHERIFF'S OFFICE,07 SEVENTH,HILLSBOROUGH,"November 21, 2021",0031,MONDAY,1050 TAMPA,0350,Y,30TH ST,FOWLER AVE E,0.009,S,28.054183,-82.426141,28.0543684,-82.4261152,10290000,2.036,00822,SR 582,,S SIDE RD RIGHT,L LEFT TURN,N NORTH,30 URBAN 6+LN 2WY DIVD RASD,05 LOCAL,02 INTERSECTION,01 ON ROADWAY,02 FOUR-WAY INTERSECTION,03 CURB,34,"February 14, 2021",14 URBAN PRIN ART OTHER,33,PAVED,7,CURB&GUTTER,2,,0,28,51521,RCI,2.5,,45,4 INCAPACITATING INJURY,31 Q/C COMPLETED - LOC VERIFIED,1 ALC,03 INFLUENCED BY INTERSECTION,04 DARK-LIGHTED,01 CLEAR,01 DRY,01 LEVEL,1 STRAIGHT,"TWO-WAY, DIVIDED, POSITIVE MED","TWO-WAY, DIVIDED, POSITIVE MED",NO CONTROLS,TRAFFIC CONTROL SIGNAL,7,NONE,NOT CODED,NOT CODED,NONE,NOT CODED,NOT CODED,14 MOTOR VEHICLE IN TRANSPORT,01 FRONT TO REAR,01 STRAIGHT AHEAD,"OPER MV AGRSIVE, ERATIC, RCKLS",NO CONTRIBUTING ACTION,00 NOT CODED,00 NOT CODED,00 NOT CODED,00 NOT CODED,01 NO,2,0,1,0,2,0,2,2,N,N,N,Y,N,Y,Y,N,N,N,N,Y,N,N,N,N,Y,N,N,Y,Y,N,N,N,N,N,28.05434491,-82.426100064,359844.52381,3104042.901852,R,,ARBM15Q1R2,"January 7, 2023",3276440,-9175631.865256364,3255827.824690612
2021245810630,2021,245810630,2021-505843,COUNTY SHERIFF'S OFFICE,07 SEVENTH,HILLSBOROUGH,"December 3, 2021",1350,SATURDAY,1050 TAMPA,0350,Y,SR 618,EUCLID AVE,0.473,W,27.902568,-82.503277,27.9020632,-82.5034395,10002000,0.748,01843,SR 618,,R RIGHT,S SIDE OF ROAD,E EAST,03 TOLL ROAD URBAN,05 LOCAL,77 OTHER (SEE NARRATIVE),01 ON ROADWAY,01 NOT AT INTERSECTION,01 PAVED,34,"September 17, 2018",12 URBAN PRIN ART EXPR.,24,PAVED WARN,8,LAWN,12,,0,39,38500,RCI,9.9,,55,1 NO INJURY,31 Q/C COMPLETED - LOC VERIFIED,0 NO,01 NOT AT INTERSECTION/RRX/BRIDGE,01 DAYLIGHT,01 CLEAR,01 DRY,01 LEVEL,1 STRAIGHT,"TWO-WAY, DIVIDED, POSITIVE MED","TWO-WAY, DIVIDED, POSITIVE MED",NO CONTROLS,NO CONTROLS,4,NONE,NOT CODED,NOT CODED,NONE,NOT CODED,NOT CODED,14 MOTOR VEHICLE IN TRANSPORT,77 OTHER (SEE NARRATIVE),77 OTHER (SEE NARRATIVE),OTHER CONTRIBUTING ACTION,NOT CODED,00 NOT CODED,00 NOT CODED,00 NOT CODED,00 NOT CODED,01 NO,0,0,0,0,1,0,2,1,N,N,N,N,N,N,N,N,N,N,N,N,N,N,N,N,N,N,N,N,N,N,N,N,N,N,27.902307211,-82.503368649,352042.296862,3087289.024766,R,,ARBM15Q1R2,"January 7, 2023",3276441,-9184233.366651956,3236663.1879318105
2021245807940,2021,245807940,2021-498551,COUNTY SHERIFF'S OFFICE,07 SEVENTH,HILLSBOROUGH,"November 28, 2021",0921,MONDAY,1050 TAMPA,0350,Y,TAMPA ST N,EMILY ST,0.022,S,27.974899,-82.460863,27.974934,-82.4608655,10020101,1.271,02519,SR 685,USB 41,R RIGHT,S SIDE OF ROAD,S SOUTH,40 URBAN ONE WAY,05 LOCAL,16 SHARED-USE PATH OR TRAIL,02 OFF ROADWAY,01 NOT AT INTERSECTION,01 PAVED,41,"February 14, 2021",16 URBAN MINOR ART,33,PAVED,5,RAISED CURB,0,,0,,4100,RCI,4.9,,40,1 NO INJURY,31 Q/C COMPLETED - LOC VERIFIED,2 DRG,01 NOT AT INTERSECTION/RRX/BRIDGE,01 DAYLIGHT,01 CLEAR,01 DRY,01 LEVEL,1 STRAIGHT,ONE-WAY TRAFFICWAY,,NO CONTROLS,NOT CODED,3,NONE,NOT CODED,NOT CODED,NONE,NOT CODED,NOT CODED,"36 OTHER POST, POLE, OR SUPPORT",00 NOT CODED,15 NEGOTIATING A CURVE,OPERATED MV IN CARLESS OR NEGL,NOT CODED,00 NOT CODED,00 NOT CODED,00 NOT CODED,00 NOT CODED,01 NO,0,0,0,0,1,0,1,1,N,N,Y,N,Y,N,N,N,N,N,Y,N,N,N,N,N,N,N,N,N,N,N,N,N,N,N,27.975017167,-82.460883021,356320.401587,3095294.252692,O,,ARBM15Q1R2,"January 7, 2023",3276451,-9179503.887119707,3245825.0437977426
2021245807980,2021,245807980,2021-498530,COUNTY SHERIFF'S OFFICE,07 SEVENTH,HILLSBOROUGH,"November 28, 2021",0901,MONDAY,1050 TAMPA,0350,Y,FOWLER AVE,52ND ST N,0,,28.054532,-82.397584,28.0543545,-82.3975915,10290000,3.779,00827,SR 582,,L LEFT,3 THRU LANE 3,N NORTH,33 SUBURBAN 6+LN 2WY DIVD RASD,05 LOCAL,02 INTERSECTION,01 ON ROADWAY,02 FOUR-WAY INTERSECTION,01 PAVED,34,"February 14, 2021",14 URBAN PRIN ART OTHER,36,PAVED,5,LAWN,12,,0,18,65500,RCI,2.6,,50,5 FATAL(WITHIN 30 DAYS) INJURY,31 Q/C COMPLETED - LOC VERIFIED,0 NO,02 AT INTERSECTION,01 DAYLIGHT,01 CLEAR,01 DRY,01 LEVEL,1 STRAIGHT,"TWO-WAY, DIVIDED, POSITIVE MED","TWO-WAY, DIVIDED, POSITIVE MED",NO CONTROLS,NO CONTROLS,6,NONE,NOT CODED,NOT CODED,NONE,NOT CODED,NOT CODED,14 MOTOR VEHICLE IN TRANSPORT,03 ANGLE,10 MAKING U-TURN,FAILED TO YIELD RIGHT-OF-WAY,NO CONTRIBUTING ACTION,00 NOT CODED,00 NOT CODED,00 NOT CODED,00 NOT CODED,01 NO,1,1,1,0,2,0,2,2,N,N,N,Y,N,N,N,N,N,N,N,N,N,N,N,N,N,N,N,N,N,Y,N,N,Y,N,28.0544948,-82.397471957,362658.568397,3104026.893681,L,,ARBM15Q1R2,"January 7, 2023",3276452,-9172444.998030383,3255846.7320492817
2021245812750,2021,245812750,2021-512844,COUNTY SHERIFF'S OFFICE,07 SEVENTH,HILLSBOROUGH,"December 8, 2021",1425,THURSDAY,1050 TAMPA,0350,Y,DALE MABRY HWY S,GANDY BLVD,0.006,S,27.893535,-82.506485,27.8935483,-82.5062593,10180000,1.82,01544,SR 573,,L LEFT,C CROSSWALK,S SOUTH,30 URBAN 6+LN 2WY DIVD RASD,05 LOCAL,01 NON-JUNCTION,04 MEDIAN,01 NOT AT INTERSECTION,03 CURB,36,"May 19, 2020",14 URBAN PRIN ART OTHER,24,CURB&GUTTER,2,,0,,0,26,33000,RCI,4.1,,45,1 NO INJURY,31 Q/C COMPLETED - LOC VERIFIED,0 NO,01 NOT AT INTERSECTION/RRX/BRIDGE,01 DAYLIGHT,01 CLEAR,01 DRY,01 LEVEL,1 STRAIGHT,"TWO-WAY, DIVIDED, POSITIVE MED",,TRAFFIC CONTROL SIGNAL,NOT CODED,5,NONE,NOT CODED,NOT CODED,NONE,NOT CODED,NOT CODED,35 TRAFFIC SIGNAL SUPPORT,00 NOT CODED,03 TURNING LEFT,OPERATED MV IN CARLESS OR NEGL,NOT CODED,00 NOT CODED,00 NOT CODED,00 NOT CODED,00 NOT CODED,01 NO,0,0,0,0,1,0,1,3,N,N,N,N,N,N,N,N,N,N,N,N,N,N,N,N,N,N,N,N,N,N,N,N,N,N,27.893697569,-82.506396587,351732.518636,3086338.782218,L,,ARBM15Q1R2,"January 7, 2023",3276456,-9184570.435270468,3235578.7334245555
2021245798630,2021,245798630,2021-471116,COUNTY SHERIFF'S OFFICE,07 SEVENTH,HILLSBOROUGH,"November 6, 2021",1935,SUNDAY,1050 TAMPA,0350,Y,TAMPANIA AVE N,KENNEDY BLVD W,0.009,N,27.944921,-82.48649,27.9447655,-82.486462,10080000,1.528,01291,SR 60,,T SIDE RD LEFT,S SIDE OF ROAD,W WEST,21 URBAN 4-5LN 2WY DIVD PAVD,09 PARKING LOT,01 NON-JUNCTION,02 OFF ROADWAY,01 NOT AT INTERSECTION,03 CURB,36,"October 1, 2019",14 URBAN PRIN ART OTHER,25,CURB&GUTTER,2,,0,,0,12,32000,RCI,2.2,,40,1 NO INJURY,31 Q/C COMPLETED - LOC VERIFIED,0 NO,01 NOT AT INTERSECTION/RRX/BRIDGE,04 DARK-LIGHTED,01 CLEAR,01 DRY,01 LEVEL,1 STRAIGHT,"TWO-WAY, NOT DIV, W/CONT LTURN",,NO CONTROLS,NOT CODED,4,NONE,NOT CODED,NOT CODED,NONE,NOT CODED,NOT CODED,34 TRAFFIC SIGN SUPPORT,00 NOT CODED,05 TURNING RIGHT,OPERATED MV IN CARLESS OR NEGL,NOT CODED,00 NOT CODED,00 NOT CODED,00 NOT CODED,00 NOT CODED,01 NO,0,0,0,0,1,0,1,1,N,N,N,N,N,N,N,N,N,N,N,N,N,N,N,N,N,N,N,N,N,N,N,N,N,N,27.944774829,-82.486524417,353757.454868,3091973.974901,C,,ARBM15Q1R2,"January 7, 2023",3276457,-9182358.27491534,3242013.5931933867
2021245780410,2021,245780410,2021-419255,COUNTY SHERIFF'S OFFICE,07 SEVENTH,HILLSBOROUGH,"October 1, 2021",1623,SATURDAY,1050 TAMPA,0350,Y,BOY SCOUT BLVD W,WESTSHORE BLVD N R,0,,27.95966,-82.524173,27.9596906,-82.5241207,10140000,8.048,00555,SR 616,,R RIGHT,4 THRU LANE 4,E EAST,33 SUBURBAN 6+LN 2WY DIVD RASD,05 LOCAL,18 THROUGH ROADWAY,01 ON ROADWAY,02 FOUR-WAY INTERSECTION,03 CURB,45,"February 17, 2020",16 URBAN MINOR ART,33,PAVED,4,LAWN,8,,0,46,38500,RCI,2.7,,50,3 NO-INCAPACITATING INJURY,31 Q/C COMPLETED - LOC VERIFIED,0 NO,02 AT INTERSECTION,01 DAYLIGHT,01 CLEAR,01 DRY,01 LEVEL,1 STRAIGHT,"TWO-WAY, DIVIDED, POSITIVE MED","TWO-WAY, DIVIDED, POSITIVE MED",NO CONTROLS,NO CONTROLS,6,NONE,NOT CODED,NOT CODED,NONE,NOT CODED,NOT CODED,14 MOTOR VEHICLE IN TRANSPORT,01 FRONT TO REAR,01 STRAIGHT AHEAD,OPERATED MV IN CARLESS OR NEGL,NO CONTRIBUTING ACTION,00 NOT CODED,00 NOT CODED,00 NOT CODED,00 NOT CODED,01 NO,5,0,0,0,4,0,4,5,N,N,N,Y,N,N,N,N,N,N,N,N,N,N,N,N,N,N,N,N,N,Y,N,N,N,Y,27.959676056,-82.524140828,350076.900255,3093670.557804,R,,ARBM15Q1R2,"January 7, 2023",3276463,-9186545.7159091,3243891.4654714856
2021245784800,2021,245784800,2021-431967,COUNTY SHERIFF'S OFFICE,07 SEVENTH,HILLSBOROUGH,"October 10, 2021",1527,MONDAY,1050 TAMPA,0350,Y,HILLSBOROUGH AVE E,47TH ST N,0,,27.996151,-82.405914,27.9960202,-82.4059462,10030000,2.763,01771,SR 600,US 92,L LEFT,2 THRU LANE 2,S SOUTH,30 URBAN 6+LN 2WY DIVD RASD,05 LOCAL,02 INTERSECTION,01 ON ROADWAY,02 FOUR-WAY INTERSECTION,03 CURB,42,"February 15, 2021",14 URBAN PRIN ART OTHER,33,CURB&GUTTER,2,,0,,0,14,37500,RCI,6.9,,45,5 FATAL(WITHIN 30 DAYS) INJURY,31 Q/C COMPLETED - LOC VERIFIED,0 NO,02 AT INTERSECTION,01 DAYLIGHT,01 CLEAR,01 DRY,01 LEVEL,1 STRAIGHT,"TWO-WAY, DIVIDED, POSITIVE MED","TWO-WAY, DIVIDED, POSITIVE MED",NO CONTROLS,NO CONTROLS,6,NONE,NOT CODED,NOT CODED,NONE,NOT CODED,NOT CODED,14 MOTOR VEHICLE IN TRANSPORT,03 ANGLE,03 TURNING LEFT,FAILED TO YIELD RIGHT-OF-WAY,EXCEEDED POSTED SPEED,00 NOT CODED,00 NOT CODED,00 NOT CODED,00 NOT CODED,01 NO,1,1,0,0,2,0,2,2,N,N,N,Y,N,Y,N,N,N,N,N,Y,N,N,N,N,N,N,N,N,N,N,N,N,N,N,27.996094815,-82.405947339,361750.910587,3097566.095415,C,,ARBM15Q1R2,"January 7, 2023",3276464,-9173388.473319335,3248482.097787392
2021245766330,2021,245766330,2021-376276,COUNTY SHERIFF'S OFFICE,07 SEVENTH,HILLSBOROUGH,"September 2, 2021",1310,FRIDAY,1050 TAMPA,0350,Y,ARMENIA AVE N,HILLSBOROUGH AVE W,0.027,S,27.995705,-82.484358,27.9961107,-82.4844118,10150000,10.814,01718,SR 600,US 92,S SIDE RD RIGHT,2 THRU LANE 2,S SOUTH,30 URBAN 6+LN 2WY DIVD RASD,05 LOCAL,18 THROUGH ROADWAY,01 ON ROADWAY,01 NOT AT INTERSECTION,03 CURB,40,"February 15, 2021",14 URBAN PRIN ART OTHER,36,PAVED,4,CURB&GUTTER,2,,0,31,60500,RCI,4.6,,45,4 INCAPACITATING INJURY,31 Q/C COMPLETED - LOC VERIFIED,0 NO,03 INFLUENCED BY INTERSECTION,01 DAYLIGHT,01 CLEAR,02 WET,01 LEVEL,1 STRAIGHT,"TWO-WAY, NOT DIVIDED","TWO-WAY, NOT DIVIDED",NO CONTROLS,NO CONTROLS,6,NONE,NOT CODED,NOT CODED,NONE,NOT CODED,NOT CODED,14 MOTOR VEHICLE IN TRANSPORT,02 FRONT TO FRONT,01 STRAIGHT AHEAD,OPERATED MV IN CARLESS OR NEGL,NO CONTRIBUTING ACTION,00 NOT CODED,00 NOT CODED,00 NOT CODED,00 NOT CODED,01 NO,1,0,1,0,2,0,2,3,N,N,N,Y,N,N,N,N,N,N,N,N,N,N,N,Y,N,N,N,N,N,N,N,N,N,N,27.996084961,-82.48439968,354035.604375,3097656.372282,R,,ARBM15Q1R2,"January 7, 2023",3276465,-9182121.7504007,3248480.8553629895
2021819899140,2021,819899140,FHPC21OFF089987,FLORIDA HIGHWAY PATROL,07 SEVENTH,HILLSBOROUGH,"August 29, 2021",0810,MONDAY,1050 TAMPA,0350,Y,BUSCH BLVD W,NORTH BLVD,0.1,W,28.0330419,-82.4715129,28.0333953,-82.4694891,10310000,2.215,03611,SR 580,,R RIGHT,S SIDE OF ROAD,W WEST,20 URBAN 4-5LN 2WY DIVD RASD,05 LOCAL,01 NON-JUNCTION,02 OFF ROADWAY,01 NOT AT INTERSECTION,03 CURB,50,"November 19, 2019",14 URBAN PRIN ART OTHER,23,CURB&GUTTER,2,,0,,0,16,43000,RCI,5.1,,40,1 NO INJURY,31 Q/C COMPLETED - LOC VERIFIED,0 NO,01 NOT AT INTERSECTION/RRX/BRIDGE,01 DAYLIGHT,01 CLEAR,01 DRY,01 LEVEL,1 STRAIGHT,"TWO-WAY, DIVIDED, UNPROTECTED","TWO-WAY, DIVIDED, UNPROTECTED",NO CONTROLS,NO CONTROLS,4,NONE,NOT CODED,NOT CODED,PHYSICAL OBSTRUCTION(S),NOT CODED,NOT CODED,33 UTILITY POLE/LIGHT SUPPORT,02 FRONT TO FRONT,03 TURNING LEFT,FAILED TO YIELD RIGHT-OF-WAY,NO CONTRIBUTING ACTION,00 NOT CODED,00 NOT CODED,00 NOT CODED,00 NOT CODED,01 NO,0,0,0,0,2,0,2,2,N,N,N,N,Y,N,N,N,N,N,N,N,N,N,N,N,N,N,N,N,N,N,N,N,N,N,28.033390297,-82.469483979,355552.283916,3101771.89575,C,,ARBM15Q1R2,"January 7, 2023",3286361,-9180461.341859212,3253184.8497756245
2021884654660,2021,884654660,FHPC21OFF035354,FLORIDA HIGHWAY PATROL,07 SEVENTH,HILLSBOROUGH,"April 6, 2021",1525,WEDNESDAY,1050 TAMPA,0350,N,SR 618,50TH ST,1,E,27.9498399,-82.40173,27.9502754,-82.3848676,10002000,10.143,04811,SR 618,,L LEFT,S SIDE OF ROAD,E EAST,03 TOLL ROAD URBAN,01 INTERSTATE,88 UNKNOWN,88 UNKNOWN,77 OTHER (SEE NARRATIVE),01 PAVED,37,"May 19, 2020",12 URBAN PRIN ART EXPR.,25,PAVED WARN,6,VALLEY GUTR,4,,0,48,76500,RCI,6.9,1D30,65,3 NO-INCAPACITATING INJURY,31 Q/C COMPLETED - LOC VERIFIED,2 DRG,01 NOT AT INTERSECTION/RRX/BRIDGE,01 DAYLIGHT,01 CLEAR,01 DRY,04 DOWNHILL,1 STRAIGHT,"TWO-WAY, DIVIDED, POSITIVE MED",,NO CONTROLS,NOT CODED,4,UNKNOWN,NOT CODED,NOT CODED,UNKNOWN,NOT CODED,NOT CODED,30 CONCRETE TRAFFIC BARRIER,88 UNKNOWN,01 STRAIGHT AHEAD,OTHER CONTRIBUTING ACTION,NOT CODED,00 NOT CODED,00 NOT CODED,00 NOT CODED,00 NOT CODED,01 NO,1,0,0,0,1,0,1,2,N,N,N,N,Y,N,N,N,N,N,N,N,N,N,N,N,N,N,N,N,N,N,N,N,N,N,27.950453243,-82.384850743,363768.261333,3092485.608303,L,,ARBM15Q1R2,"January 7, 2023",3286421,-9171040.01018901,3242729.164202203
2021884360750,2021,884360750,FHPC21OFF001879,FLORIDA HIGHWAY PATROL,07 SEVENTH,HILLSBOROUGH,"January 6, 2021",0011,THURSDAY,1050 TAMPA,0350,N,I 4,US 41,0,,27.9654303,-82.4149133,27.9653867,-82.4096606,10190445,0.525,05945,SR 400,I 4,L LEFT,X RAMP,W WEST,08 RAMP RURAL,01 INTERSTATE,01 NON-JUNCTION,01 ON ROADWAY,01 NOT AT INTERSECTION,01 PAVED,0,"December 31, 2000",,13,PAVED,13,LAWN,11,,0,,13000,RCI,11.2,,,2 POSSIBLE INJURY,31 Q/C COMPLETED - LOC VERIFIED,0 NO,07 ENTRANCE RAMP,04 DARK-LIGHTED,01 CLEAR,01 DRY,01 LEVEL,1 STRAIGHT,"TWO-WAY, DIVIDED, POSITIVE MED","TWO-WAY, DIVIDED, POSITIVE MED",NO CONTROLS,NO CONTROLS,1,NONE,NOT CODED,NOT CODED,NONE,NOT CODED,NOT CODED,16 WORK ZONE/MAINTENANCE EQUIPMEN,01 FRONT TO REAR,01 STRAIGHT AHEAD,OPERATED MV IN CARLESS OR NEGL,NO CONTRIBUTING ACTION,00 NOT CODED,00 NOT CODED,00 NOT CODED,00 NOT CODED,01 NO,2,0,0,0,2,0,2,3,N,N,Y,N,Y,N,N,N,N,N,N,N,N,N,N,N,N,N,N,N,N,N,N,N,N,N,27.965386133,-82.409664362,361346.0863,3094167.9834,O,,ARBM15Q1R2,"January 7, 2023",3286426,-9173802.25039663,3244611.126054705
2021245738010,2021,245738010,2021-287462,COUNTY SHERIFF'S OFFICE,07 SEVENTH,HILLSBOROUGH,"July 3, 2021",1243,SUNDAY,1050 TAMPA,0350,Y,SR 574,40TH ST N,0.028,E,27.980874,-82.413915,27.9814607,-82.4135667,10340000,5.606,03150,SR 574,,R RIGHT,S SIDE OF ROAD,S SOUTH,10 URBAN 2-3LN 2WY DIVD RASD,09 PARKING LOT,77 OTHER (SEE NARRATIVE),01 ON ROADWAY,01 NOT AT INTERSECTION,03 CURB,36,"February 15, 2021",14 URBAN PRIN ART OTHER,12,CURB&GUTTER,2,,0,,0,17,13100,RCI,6.6,,40,1 NO INJURY,31 Q/C COMPLETED - LOC VERIFIED,1 ALC,01 NOT AT INTERSECTION/RRX/BRIDGE,01 DAYLIGHT,01 CLEAR,01 DRY,01 LEVEL,1 STRAIGHT,"TWO-WAY, NOT DIVIDED","TWO-WAY, NOT DIVIDED",OTHER (SEE NARRATIVE),NO CONTROLS,3,NONE,NOT CODED,NOT CODED,NONE,NOT CODED,NOT CODED,"39 OTHER FIXED OBJECT (WALL, BUIL",00 NOT CODED,77 OTHER (SEE NARRATIVE),OTHER CONTRIBUTING ACTION,NOT CODED,00 NOT CODED,00 NOT CODED,00 NOT CODED,00 NOT CODED,01 NO,0,0,0,0,1,0,2,1,N,N,N,N,Y,N,N,N,N,N,N,N,N,N,N,Y,N,N,N,N,N,N,N,N,N,N,27.981464818,-82.413528582,360986.578999,3095953.793145,C,,ARBM15Q1R2,"January 7, 2023",3286777,-9174232.413566591,3246637.7813224522
2021245738250,2021,245738250,2021-289695,COUNTY SHERIFF'S OFFICE,07 SEVENTH,HILLSBOROUGH,"July 4, 2021",1925,MONDAY,1050 TAMPA,0350,Y,COURTNEY CAMPBELL CSWY,SR 60,0.141,E,27.96768,-82.548033,27.9671157,-82.5490706,10140104,0.171,06476,SR 60,,L LEFT,X RAMP,E EAST,41 SUBURBAN ONE WAY,01 INTERSTATE,01 NON-JUNCTION,03 SHOULDER,01 NOT AT INTERSECTION,01 PAVED,34,"August 4, 2020",14 URBAN PRIN ART OTHER,16,PAVED,4,LAWN,12,,0,,11000,RCI,8.1,6D10,50,1 NO INJURY,31 Q/C COMPLETED - LOC VERIFIED,0 NO,07 ENTRANCE RAMP,01 DAYLIGHT,03 RAIN,02 WET,01 LEVEL,1 STRAIGHT,"TWO-WAY, DIVIDED, POSITIVE MED",,NO CONTROLS,NOT CODED,1,"RD SURFC (WET, ICY, SNOW, ETC)",NONE,NOT CODED,NONE,NOT CODED,NOT CODED,"36 OTHER POST, POLE, OR SUPPORT",00 NOT CODED,15 NEGOTIATING A CURVE,DROVE TOO FAST FOR CONDITIONS,NOT CODED,00 NOT CODED,00 NOT CODED,00 NOT CODED,00 NOT CODED,01 NO,0,0,0,0,1,0,1,1,N,N,N,N,N,Y,N,N,N,N,N,Y,N,N,N,N,N,N,N,N,N,N,N,N,N,N,27.966816254,-82.548513714,347689.146857,3094491.824471,O,,ARBM15Q1R2,"January 7, 2023",3286778,-9189258.894008365,3244791.374519777
2021883176130,2021,883176130,FHPK21OFFG01932,FLORIDA HIGHWAY PATROL,08 TURNPIKE,HILLSBOROUGH,"April 9, 2021",2250,SATURDAY,1050 TAMPA,0350,N,SR 589,EHRLICH RD,0.5,S,28.0762457,-82.5627394,28.071464,-82.5640232,10470000,8.191,05083,SR 589,,M MEDIAN,M MIDDLE,N NORTH,03 TOLL ROAD URBAN,06 TURNPIKE/TOLL,01 NON-JUNCTION,03 SHOULDER,01 NOT AT INTERSECTION,01 PAVED,37,"May 10, 2020",12 URBAN PRIN ART EXPR.,36,PAVED WARN,12,,0,,0,30,63300,RCI,9.2,2D00,60,0 UNKNOWN/NOT CODED,31 Q/C COMPLETED - LOC VERIFIED,0 NO,01 NOT AT INTERSECTION/RRX/BRIDGE,04 DARK-LIGHTED,01 CLEAR,01 DRY,01 LEVEL,1 STRAIGHT,"TWO-WAY, DIVIDED, POSITIVE MED","TWO-WAY, DIVIDED, POSITIVE MED",NO CONTROLS,NO CONTROLS,6,NONE,NOT CODED,NOT CODED,NONE,NOT CODED,NOT CODED,"17 STRUCK BY FALLING, SHIFTING CA",77 OTHER (SEE NARRATIVE),01 STRAIGHT AHEAD,NOT CODED,NOT CODED,00 NOT CODED,00 NOT CODED,00 NOT CODED,00 NOT CODED,01 NO,0,0,0,0,0,0,2,0,N,N,N,N,N,N,N,N,N,N,N,N,N,N,N,N,N,N,N,N,N,N,N,N,N,N,28.076681717,-82.56264206,346455.310982,3106682.470276,R,,ARBM15Q1R2,"January 7, 2023",3286926,-9190831.655093187,3258645.700376104
2021899741570,2021,899741570,2021-258888,COUNTY SHERIFF'S OFFICE,07 SEVENTH,HILLSBOROUGH,"June 14, 2021",1600,TUESDAY,1050 TAMPA,0350,Y,BOY SCOUT BLVD W,MANHATTAN AVE N,0,,0,0,27.9609114,-82.5179893,10140000,8.443,08510,SR 616,,L LEFT,3 THRU LANE 3,N NORTH,33 SUBURBAN 6+LN 2WY DIVD RASD,05 LOCAL,02 INTERSECTION,01 ON ROADWAY,02 FOUR-WAY INTERSECTION,03 CURB,45,"February 17, 2020",16 URBAN MINOR ART,36,PAVED,5,LAWN,12,,0,40,38500,RCI,2.6,3D00,50,5 FATAL(WITHIN 30 DAYS) INJURY,31 Q/C COMPLETED - LOC VERIFIED,0 NO,02 AT INTERSECTION,01 DAYLIGHT,01 CLEAR,01 DRY,01 LEVEL,1 STRAIGHT,"TWO-WAY, NOT DIVIDED","TWO-WAY, DIVIDED, POSITIVE MED",STOP SIGN,NO CONTROLS,6,NONE,NOT CODED,NOT CODED,NONE,NOT CODED,NOT CODED,14 MOTOR VEHICLE IN TRANSPORT,03 ANGLE,01 STRAIGHT AHEAD,FAILED TO YIELD RIGHT-OF-WAY,NO CONTRIBUTING ACTION,00 NOT CODED,00 NOT CODED,00 NOT CODED,00 NOT CODED,01 NO,1,2,0,0,2,0,2,3,N,N,N,Y,N,N,N,N,N,N,N,N,N,N,N,N,Y,N,N,N,N,N,N,N,N,N,27.961116269,-82.518032179,350679.843662,3093822.646355,L,,ARBM15Q1R2,"January 7, 2023",3287030,-9185865.704065444,3244072.9768855125