Crash Id,Calendar Year,FDOT Crash Number,Reporting Agency Case Number,Reporting Agency Type,FDOT Managing District,County Name,Crash Date,Crash Time,Day,DHSMV City,Crash Report City Code,In Town,On Roadway Name,Int Roadway Name,Reference Distance (Miles),Reference Direction,Officer Latitude,Officer Longitude,FDOT Latitude,FDOT Longitude,FDOT Roadway,Nearest Inventory MP,Nearest Node From Crash,State Road #,US Highway,Crash Side of Road,Accident Lane Number,Travel Direction Vehicle 1,FDOT Road Category,DHSMV Road System Id,Relation to Junction,Crash Harmful Event Location,Intersection Type,Shoulder Type,FDOT Roadway SKID Test Result,FDOT Roadway SKID Test Date,Functional Class,RCI Surface Width,RCI Shoulder Type First,RCI Shoulder Width First,RCI Shoulder Type Second,RCI Shoulder Width Second,RCI Shoulder Type Third,RCI Shoulder Width Third,RCI Median Width,Avg Daily Traffic,AADT Source,RCI Avg Per Truck Traffic,RCI Horiz Curve Condition,Posted Speed Limit,Highest Injury in Crash,CAR Status Code,Alcohols/Drug Involved,Site Location,Lighting,Weather,Road Surface,Roadway Grade,Roadway Alignment,Traffic Way Vehicle 1,Traffic Way Vehicle 2,Traffic Control Vehicle 1,Traffic Control Vehicle 2,Count of Lanes,Road Condition 1,Road Condition 2,Road Condition 3,Environment Condition 1,Environment Condition 2,Environment Condition 3,Crash Harmful Event,Manner of Collision,Vehicle Movement,Driver Action Vehicle 1,Driver Action Vehicle 2,Location Within Workzone,Type of Workzone,Workers Present in Workzone,Law Enforcement Present in Workzone,School Bus Related,Count of Nonfatal Injuries,Count of Traffic Fatalities,Count of Serious Injuries,Count of Pedestrians,Count of Drivers,Count of Bicyclists,Count of Vehicles,Count of Persons,Wrong Way,Workzone Inv,Commercial Vehicle Inv,Intersection Inv,Lane Departure,Speeding,Agressive Driving,Impaired Driver,Impaired Pedestrian,Impaired Bicyclist,Distracted Driver,Speeding or Aggressive Driving,Pedestrian Related,Bicyclist Related,Pedestrian or Bicyclist Related,Motorcycle Inv,No Belt,No Belt - Ages 1-4,No Belt - Ages 5-12,No Belt - Ages 13-17,Driver - Ages Teen,Driver - Ages 65 plus,Driver - Ages 65-69,Driver - Ages 70-74,Driver - Ages 75-79,Driver - Ages 80 plus,ARBM Latitude,ARBM Longitude,UTM Zone 17N X,UTM Zone 17N Y,ARBM Side of Road,Urban Rural Indicator,GIS Street Source,Extract Date,OBJECTID,x,y
2021899741710,2021,899741710,2021-260274,COUNTY SHERIFF'S OFFICE,07 SEVENTH,HILLSBOROUGH,"June 15, 2021",1333,WEDNESDAY,1050 TAMPA,0350,Y,FOWLER AVE E,14TH ST,0.038,W,28.054557,-82.445579,28.0544345,-82.4455579,10290000,0.848,00817,SR 582,,R RIGHT,1 THRU LANE 1,E EAST,30 URBAN 6+LN 2WY DIVD RASD,05 LOCAL,01 NON-JUNCTION,01 ON ROADWAY,01 NOT AT INTERSECTION,03 CURB,36,"February 14, 2021",14 URBAN PRIN ART OTHER,44,PAVED,7,CURB&GUTTER,2,,0,28,51521,RCI,2.5,,45,4 INCAPACITATING INJURY,31 Q/C COMPLETED - LOC VERIFIED,0 NO,01 NOT AT INTERSECTION/RRX/BRIDGE,01 DAYLIGHT,02 CLOUDY,02 WET,01 LEVEL,1 STRAIGHT,"TWO-WAY, DIVIDED, POSITIVE MED","TWO-WAY, DIVIDED, POSITIVE MED",NO CONTROLS,NO CONTROLS,8,NONE,NOT CODED,NOT CODED,NONE,NOT CODED,NOT CODED,14 MOTOR VEHICLE IN TRANSPORT,02 FRONT TO FRONT,16 LEAVING TRAFFIC LANE,RAN OFF ROADWAY,NO CONTRIBUTING ACTION,00 NOT CODED,00 NOT CODED,00 NOT CODED,00 NOT CODED,01 NO,2,0,1,0,4,0,4,6,N,N,N,N,Y,N,N,N,N,N,N,N,N,N,N,N,N,N,N,N,N,Y,Y,N,N,N,28.054390809,-82.445547253,357933.110561,3104070.520389,R,,ARBM15Q1R2,"January 7, 2023",3287031,-9177796.716966458,3255833.6142887804
2021899719100,2021,899719100,2021-186795,COUNTY SHERIFF'S OFFICE,07 SEVENTH,HILLSBOROUGH,"April 28, 2021",1649,THURSDAY,1050 TAMPA,0350,Y,HILLSBOROUGH AVE W,BLVD N,0.047,E,27.996073,-82.467226,27.9960773,-82.4671893,10150000,11.868,00464,SR 600,US 92,R RIGHT,2 THRU LANE 2,E EAST,30 URBAN 6+LN 2WY DIVD RASD,05 LOCAL,18 THROUGH ROADWAY,01 ON ROADWAY,01 NOT AT INTERSECTION,03 CURB,38,"February 15, 2021",14 URBAN PRIN ART OTHER,36,PAVED,4,CURB&GUTTER,2,,0,44,50500,RCI,6.5,,45,1 NO INJURY,31 Q/C COMPLETED - LOC VERIFIED,0 NO,01 NOT AT INTERSECTION/RRX/BRIDGE,01 DAYLIGHT,01 CLEAR,01 DRY,01 LEVEL,1 STRAIGHT,"TWO-WAY, DIVIDED, POSITIVE MED","TWO-WAY, DIVIDED, POSITIVE MED",NO CONTROLS,NO CONTROLS,6,NONE,NOT CODED,NOT CODED,NONE,NOT CODED,NOT CODED,14 MOTOR VEHICLE IN TRANSPORT,"04 SIDESWIPE, SAME DIRECTION",06 CHANGING LANES,OTHER CONTRIBUTING ACTION,NO CONTRIBUTING ACTION,00 NOT CODED,00 NOT CODED,00 NOT CODED,00 NOT CODED,01 NO,0,0,0,0,2,0,2,3,N,N,Y,N,Y,N,N,N,N,N,N,N,N,N,N,N,N,N,N,N,N,N,N,N,N,N,27.996054816,-82.467172594,355729.75252,3097632.54366,R,,ARBM15Q1R2,"January 7, 2023",3287032,-9180204.039513685,3248477.05493105
2021245811100,2021,245811100,2021-507718,COUNTY SHERIFF'S OFFICE,07 SEVENTH,HILLSBOROUGH,"December 5, 2021",2304,MONDAY,1050 TAMPA,0350,Y,50TH ST N,SR 574,0.009,S,27.981534,-82.4015,27.9814698,-82.4015349,10340000,6.34,00247,SR 574,,S SIDE RD RIGHT,S SIDE OF ROAD,0,14 SUBURBAN 2-3LN 2WY DIVD PAVD,05 LOCAL,02 INTERSECTION,02 OFF ROADWAY,02 FOUR-WAY INTERSECTION,03 CURB,38,"February 15, 2021",14 URBAN PRIN ART OTHER,12,PAVED,6,LAWN,11,,0,12,13100,RCI,6.6,,45,2 POSSIBLE INJURY,31 Q/C COMPLETED - LOC VERIFIED,0 NO,03 INFLUENCED BY INTERSECTION,04 DARK-LIGHTED,01 CLEAR,01 DRY,01 LEVEL,1 STRAIGHT,"TWO-WAY, NOT DIV, W/CONT LTURN","TWO-WAY, NOT DIVIDED",TRAFFIC CONTROL SIGNAL,NO CONTROLS,2,NONE,NOT CODED,NOT CODED,NONE,NOT CODED,NOT CODED,14 MOTOR VEHICLE IN TRANSPORT,02 FRONT TO FRONT,88 UNKNOWN,DROVE TOO FAST FOR CONDITIONS,NOT CODED,00 NOT CODED,00 NOT CODED,00 NOT CODED,00 NOT CODED,01 NO,1,0,0,0,1,0,2,1,N,N,N,Y,N,Y,N,N,N,N,N,Y,N,N,N,N,N,N,N,N,N,N,N,N,N,N,27.981494818,-82.401498089,362169.889225,3095943.475856,C,,ARBM15Q1R2,"January 7, 2023",3287331,-9172893.184818605,3246641.5630806824
2021245791070,2021,245791070,2021-451916,COUNTY SHERIFF'S OFFICE,07 SEVENTH,HILLSBOROUGH,"October 24, 2021",0200,MONDAY,1050 TAMPA,0350,Y,DALE MABRY HWY N,DR ML KING JR BLVD,0.002,S,27.981403,-82.505221,27.9815235,-82.5053112,10130000,11.048,03520,SR 600,US 92,R RIGHT,R RIGHT TURN,N NORTH,33 SUBURBAN 6+LN 2WY DIVD RASD,05 LOCAL,03 INTERSECTION-RELATED,02 OFF ROADWAY,02 FOUR-WAY INTERSECTION,03 CURB,36,"February 15, 2021",14 URBAN PRIN ART OTHER,33,PAVED,5,LAWN,9,,0,28,58000,RCI,4.9,,45,1 NO INJURY,31 Q/C COMPLETED - LOC VERIFIED,0 NO,03 INFLUENCED BY INTERSECTION,04 DARK-LIGHTED,03 RAIN,02 WET,01 LEVEL,1 STRAIGHT,"TWO-WAY, DIVIDED, POSITIVE MED",,TRAFFIC CONTROL SIGNAL,NOT CODED,6,"RD SURFC (WET, ICY, SNOW, ETC)",NOT CODED,NOT CODED,NONE,NOT CODED,NOT CODED,"36 OTHER POST, POLE, OR SUPPORT",00 NOT CODED,01 STRAIGHT AHEAD,OTHER CONTRIBUTING ACTION,NOT CODED,00 NOT CODED,00 NOT CODED,00 NOT CODED,00 NOT CODED,01 NO,0,0,0,0,1,0,1,2,N,N,N,Y,N,N,N,N,N,N,N,N,N,N,N,N,N,N,N,N,N,N,N,N,N,N,27.981512872,-82.505346988,351955.630878,3096067.07161,C,,ARBM15Q1R2,"January 7, 2023",3287339,-9184453.594718264,3246643.838568068
2021819659050,2021,819659050,FHPC21OFF105246,FLORIDA HIGHWAY PATROL,07 SEVENTH,HILLSBOROUGH,"October 8, 2021",1845,SATURDAY,1050 TAMPA,0350,N,SR 600,HARNEY RD,0,,27.9962462,-82.3848032,27.9961225,-82.3848947,10030000,4.052,00497,SR 600,US 92,L LEFT,1 THRU LANE 1,W WEST,23 SUBURBAN 4-5LN 2WY DIVD RASD,03 STATE,02 INTERSECTION,01 ON ROADWAY,02 FOUR-WAY INTERSECTION,02 UNPAVED,41,"February 15, 2021",14 URBAN PRIN ART OTHER,24,PAVED,4,LAWN,5,,0,39,41500,RCI,9.6,,45,4 INCAPACITATING INJURY,31 Q/C COMPLETED - LOC VERIFIED,0 NO,02 AT INTERSECTION,01 DAYLIGHT,01 CLEAR,01 DRY,03 UPHILL,1 STRAIGHT,"TWO-WAY, DIVIDED, POSITIVE MED","TWO-WAY, NOT DIVIDED",TRAFFIC CONTROL SIGNAL,TRAFFIC CONTROL SIGNAL,4,NONE,NOT CODED,NOT CODED,NONE,NOT CODED,NOT CODED,14 MOTOR VEHICLE IN TRANSPORT,03 ANGLE,01 STRAIGHT AHEAD,RAN RED LIGHT,NO CONTRIBUTING ACTION,00 NOT CODED,00 NOT CODED,00 NOT CODED,00 NOT CODED,01 NO,5,0,2,0,2,0,2,5,N,N,N,Y,N,N,N,N,N,N,N,N,N,N,N,N,Y,N,Y,Y,N,N,N,N,N,N,27.99631434,-82.384869562,363824.027896,3097566.715365,L,,ARBM15Q1R2,"January 7, 2023",3287387,-9171042.10516492,3248509.77410604
2021884513570,2021,884513570,FHPC21OFF093861,FLORIDA HIGHWAY PATROL,07 SEVENTH,HILLSBOROUGH,"September 8, 2021",1300,THURSDAY,1050 TAMPA,0350,N,SR 60,US 301,0.379,W,27.9314514,-82.352512,27.9498315,-82.3603388,10110000,4.669,01441,SR 60,,R RIGHT,S SIDE OF ROAD,W WEST,23 SUBURBAN 4-5LN 2WY DIVD RASD,03 STATE,01 NON-JUNCTION,03 SHOULDER,01 NOT AT INTERSECTION,01 PAVED,30,"May 19, 2020",14 URBAN PRIN ART OTHER,24,PAVED,6,LAWN,7,,0,40,36000,RCI,10.9,1D41,50,2 POSSIBLE INJURY,31 Q/C COMPLETED - LOC VERIFIED,0 NO,01 NOT AT INTERSECTION/RRX/BRIDGE,01 DAYLIGHT,03 RAIN,02 WET,04 DOWNHILL,2 CURVE RIGHT,"TWO-WAY, DIVIDED, POSITIVE MED",,NO CONTROLS,NOT CODED,4,"RD SURFC (WET, ICY, SNOW, ETC)",NOT CODED,NOT CODED,NONE,NOT CODED,NOT CODED,27 GUARDRAIL FACE,77 OTHER (SEE NARRATIVE),01 STRAIGHT AHEAD,DROVE TOO FAST FOR CONDITIONS,NOT CODED,00 NOT CODED,00 NOT CODED,00 NOT CODED,00 NOT CODED,01 NO,1,0,0,0,1,0,1,1,N,N,N,N,Y,Y,N,N,N,N,N,Y,N,N,N,N,N,N,N,N,N,N,N,N,N,N,27.949830853,-82.360311076,366181.789716,3092389.538623,R,,ARBM15Q1R2,"January 7, 2023",3287575,-9168308.266136939,3242650.731394764
2021884513610,2021,884513610,FHPC21OFF098647,FLORIDA HIGHWAY PATROL,07 SEVENTH,HILLSBOROUGH,"September 21, 2021",0805,WEDNESDAY,1050 TAMPA,0350,Y,I 275,SR 60,0.189,N,27.9455499,-82.5371465,27.9451117,-82.5413557,10270004,0.426,03635,SR 60,,L LEFT,X RAMP,N NORTH,08 RAMP RURAL,01 INTERSTATE,14 ENTRANCE/EXIT RAMP,01 ON ROADWAY,01 NOT AT INTERSECTION,01 PAVED,0,"December 31, 2000",,36,PAVED,10,LAWN,12,,0,,3600,RCI,8.1,,,1 NO INJURY,31 Q/C COMPLETED - LOC VERIFIED,0 NO,08 EXIT RAMP,01 DAYLIGHT,01 CLEAR,01 DRY,01 LEVEL,1 STRAIGHT,ONE-WAY TRAFFICWAY,ONE-WAY TRAFFICWAY,NO CONTROLS,NO CONTROLS,3,NONE,NOT CODED,NOT CODED,NONE,NOT CODED,NOT CODED,20 BRIDGE OVERHEAD STRUCTURE,77 OTHER (SEE NARRATIVE),01 STRAIGHT AHEAD,OTHER CONTRIBUTING ACTION,NO CONTRIBUTING ACTION,00 NOT CODED,00 NOT CODED,00 NOT CODED,00 NOT CODED,01 NO,0,0,0,0,2,0,2,2,N,N,Y,N,N,N,N,N,N,N,N,N,N,N,N,N,N,N,N,N,N,N,N,N,N,N,27.945130019,-82.541376196,348360.974567,3092080.172946,O,,ARBM15Q1R2,"January 7, 2023",3287576,-9188464.34880036,3242058.351480368
2021899716590,2021,899716590,2021-179163,COUNTY SHERIFF'S OFFICE,07 SEVENTH,HILLSBOROUGH,"April 23, 2021",1619,SATURDAY,1050 TAMPA,0350,Y,BUSCH BLVD W,N BOULEVARD,0.084,E,28.03294,-82.466493,28.0330086,-82.4665139,10310000,2.399,00057,SR 580,,R RIGHT,S SIDE OF ROAD,E EAST,20 URBAN 4-5LN 2WY DIVD RASD,05 LOCAL,01 NON-JUNCTION,02 OFF ROADWAY,01 NOT AT INTERSECTION,03 CURB,50,"November 19, 2019",14 URBAN PRIN ART OTHER,23,CURB&GUTTER,2,,0,,0,16,43000,RCI,5.1,,40,1 NO INJURY,31 Q/C COMPLETED - LOC VERIFIED,0 NO,01 NOT AT INTERSECTION/RRX/BRIDGE,01 DAYLIGHT,01 CLEAR,01 DRY,01 LEVEL,1 STRAIGHT,"TWO-WAY, DIVIDED, POSITIVE MED",,NO CONTROLS,NOT CODED,4,NONE,NOT CODED,NOT CODED,NONE,NOT CODED,NOT CODED,24 CURB,00 NOT CODED,01 STRAIGHT AHEAD,FAILED TO KEEP IN PROPER LANE,NOT CODED,00 NOT CODED,00 NOT CODED,00 NOT CODED,00 NOT CODED,01 NO,0,0,0,0,1,0,1,1,N,N,N,N,Y,N,N,N,N,N,N,N,N,N,N,N,N,N,N,N,N,N,N,N,N,N,28.032992861,-82.466513245,355843.807975,3101724.343807,C,,ARBM15Q1R2,"January 7, 2023",3287599,-9180130.641104301,3253134.726680029
2021899717010,2021,899717010,2021-180417,COUNTY SHERIFF'S OFFICE,07 SEVENTH,HILLSBOROUGH,"April 24, 2021",1339,SUNDAY,1050 TAMPA,0350,Y,HENDERSON BLVD,DELEON ST W,0,,27.938744,-82.500518,27.9387921,-82.5005134,10080000,0.469,01277,SR 685,,R RIGHT,1 THRU LANE 1,E EAST,22 URBAN 4-5LN 2WY UNDIVD,04 COUNTY,18 THROUGH ROADWAY,01 ON ROADWAY,02 FOUR-WAY INTERSECTION,03 CURB,44,"October 1, 2019",16 URBAN MINOR ART,40,RAISED CURB,0,,0,,0,,9100,RCI,2.5,,40,4 INCAPACITATING INJURY,31 Q/C COMPLETED - LOC VERIFIED,0 NO,02 AT INTERSECTION,01 DAYLIGHT,01 CLEAR,01 DRY,01 LEVEL,1 STRAIGHT,"TWO-WAY, NOT DIVIDED","TWO-WAY, NOT DIVIDED",STOP SIGN,NO CONTROLS,4,NONE,NOT CODED,NOT CODED,NONE,NOT CODED,NOT CODED,14 MOTOR VEHICLE IN TRANSPORT,03 ANGLE,01 STRAIGHT AHEAD,FAILED TO YIELD RIGHT-OF-WAY,NO CONTRIBUTING ACTION,00 NOT CODED,00 NOT CODED,00 NOT CODED,00 NOT CODED,01 NO,1,0,1,0,3,0,3,4,N,N,N,Y,N,N,N,N,N,N,N,N,N,N,N,N,N,N,N,N,N,N,N,N,N,N,27.938770738,-82.5005467,352369.616261,3091325.605128,C,,ARBM15Q1R2,"January 7, 2023",3287610,-9183919.228751503,3241257.022823791
2021899718500,2021,899718500,2021-184972,COUNTY SHERIFF'S OFFICE,07 SEVENTH,HILLSBOROUGH,"April 27, 2021",1344,WEDNESDAY,1050 TAMPA,0350,Y,SR 60,BAY HARBOR DR,0.192,W,27.968671,-82.572725,27.9686607,-82.5725626,10140000,4.722,00367,SR 60,,L LEFT,L LEFT TURN,W WEST,33 SUBURBAN 6+LN 2WY DIVD RASD,09 PARKING LOT,01 NON-JUNCTION,01 ON ROADWAY,01 NOT AT INTERSECTION,01 PAVED,39,"February 17, 2020",14 URBAN PRIN ART OTHER,33,PAVED,6,LAWN,7,,0,16,61500,RCI,5.2,,50,5 FATAL(WITHIN 30 DAYS) INJURY,31 Q/C COMPLETED - LOC VERIFIED,0 NO,01 NOT AT INTERSECTION/RRX/BRIDGE,01 DAYLIGHT,01 CLEAR,01 DRY,01 LEVEL,1 STRAIGHT,"TWO-WAY, NOT DIVIDED","TWO-WAY, NOT DIVIDED",NO CONTROLS,NO CONTROLS,5,NONE,NOT CODED,NOT CODED,NONE,NOT CODED,NOT CODED,14 MOTOR VEHICLE IN TRANSPORT,01 FRONT TO REAR,11 OVERTAKING/PASSING,FAILED TO KEEP IN PROPER LANE,NO CONTRIBUTING ACTION,00 NOT CODED,00 NOT CODED,00 NOT CODED,00 NOT CODED,01 NO,0,1,0,0,2,0,2,2,N,N,N,N,Y,N,N,N,N,N,N,N,N,N,N,N,N,N,N,N,N,N,N,N,N,N,27.968753435,-82.572638816,345318.646666,3094736.782209,C,,ARBM15Q1R2,"January 7, 2023",3287611,-9191944.488838118,3245035.535726722
2021899670880,2021,899670880,2021-25944,COUNTY SHERIFF'S OFFICE,07 SEVENTH,HILLSBOROUGH,"January 16, 2021",1831,SUNDAY,1050 TAMPA,0350,Y,DALE MABRY HWY S,BAY VISTA AVE W,0,,27.906471,-82.506106,27.9063937,-82.5060867,10130000,5.88,01556,SR 600,US 92,R RIGHT,1 THRU LANE 1,E EAST,20 URBAN 4-5LN 2WY DIVD RASD,05 LOCAL,02 INTERSECTION,01 ON ROADWAY,02 FOUR-WAY INTERSECTION,03 CURB,34,"February 15, 2021",14 URBAN PRIN ART OTHER,26,CURB&GUTTER,2,,0,,0,22,37000,RCI,3.8,,40,4 INCAPACITATING INJURY,31 Q/C COMPLETED - LOC VERIFIED,0 NO,02 AT INTERSECTION,04 DARK-LIGHTED,01 CLEAR,01 DRY,01 LEVEL,1 STRAIGHT,"TWO-WAY, DIVIDED, POSITIVE MED","TWO-WAY, DIVIDED, POSITIVE MED",TRAFFIC CONTROL SIGNAL,TRAFFIC CONTROL SIGNAL,4,NONE,NOT CODED,NOT CODED,NONE,NOT CODED,NOT CODED,14 MOTOR VEHICLE IN TRANSPORT,03 ANGLE,16 LEAVING TRAFFIC LANE,FAILED TO YIELD RIGHT-OF-WAY,NO CONTRIBUTING ACTION,00 NOT CODED,00 NOT CODED,00 NOT CODED,00 NOT CODED,01 NO,7,0,1,0,2,0,2,7,N,N,N,Y,N,N,N,N,N,N,N,N,N,N,N,N,Y,Y,Y,N,N,N,N,N,N,N,27.906428027,-82.506078121,351781.220705,3087748.870073,R,,ARBM15Q1R2,"January 7, 2023",3287627,-9184534.983849738,3237182.268826829
2021899675420,2021,899675420,2021-42417,COUNTY SHERIFF'S OFFICE,07 SEVENTH,HILLSBOROUGH,"January 27, 2021",2311,THURSDAY,1050 TAMPA,0350,Y,BOY SCOUT BLVD W,JIM WALTER BLVD,0.028,W,27.966408,-82.512373,27.9661341,-82.5124785,10140000,8.938,01234,SR 616,,L LEFT,S SIDE OF ROAD,W WEST,33 SUBURBAN 6+LN 2WY DIVD RASD,09 PARKING LOT,01 NON-JUNCTION,02 OFF ROADWAY,01 NOT AT INTERSECTION,02 UNPAVED,45,"February 17, 2020",16 URBAN MINOR ART,36,PAVED,4,LAWN,12,,0,29,38500,RCI,2.6,3D00,50,1 NO INJURY,31 Q/C COMPLETED - LOC VERIFIED,1 ALC,03 INFLUENCED BY INTERSECTION,04 DARK-LIGHTED,01 CLEAR,01 DRY,01 LEVEL,3 CURVE LEFT,"TWO-WAY, DIVIDED, POSITIVE MED",,UNKNOWN,NOT CODED,6,NONE,NOT CODED,NOT CODED,NONE,NOT CODED,NOT CODED,"36 OTHER POST, POLE, OR SUPPORT",00 NOT CODED,77 OTHER (SEE NARRATIVE),OTHER CONTRIBUTING ACTION,NOT CODED,00 NOT CODED,00 NOT CODED,00 NOT CODED,00 NOT CODED,01 NO,0,0,0,0,1,0,1,1,N,N,N,Y,N,N,N,Y,N,N,Y,N,N,N,N,N,N,N,N,N,N,N,N,N,N,N,27.966281029,-82.512474893,351233.638933,3094388.102035,L,,ARBM15Q1R2,"January 7, 2023",3287628,-9185247.069649864,3244723.915939092
2021245791800,2021,245791800,2021-453490,COUNTY SHERIFF'S OFFICE,07 SEVENTH,HILLSBOROUGH,"October 25, 2021",0751,TUESDAY,1050 TAMPA,0350,Y,FLORIDA AVE N,OAK AVE,0,,27.961325,-82.459483,27.9613851,-82.4609023,10020101,2.203,02535,SR 685,USB 41,R RIGHT,1 THRU LANE 1,N NORTH,40 URBAN ONE WAY,05 LOCAL,18 THROUGH ROADWAY,01 ON ROADWAY,02 FOUR-WAY INTERSECTION,01 PAVED,41,"February 14, 2021",16 URBAN MINOR ART,36,PAVED WARN,10,RAISED CURB,0,,0,,9100,RCI,5.8,,40,2 POSSIBLE INJURY,31 Q/C COMPLETED - LOC VERIFIED,0 NO,02 AT INTERSECTION,01 DAYLIGHT,01 CLEAR,01 DRY,01 LEVEL,1 STRAIGHT,ONE-WAY TRAFFICWAY,ONE-WAY TRAFFICWAY,NO CONTROLS,NO CONTROLS,3,NONE,NOT CODED,NOT CODED,NONE,NOT CODED,NOT CODED,14 MOTOR VEHICLE IN TRANSPORT,03 ANGLE,16 LEAVING TRAFFIC LANE,IMPROPER TURN,NO CONTRIBUTING ACTION,00 NOT CODED,00 NOT CODED,00 NOT CODED,00 NOT CODED,01 NO,1,0,0,0,2,0,2,7,N,N,N,Y,N,N,N,N,N,N,N,N,N,N,N,N,N,N,N,N,N,N,N,N,N,N,27.961432116,-82.460926597,356298.112607,3093789.149209,O,,ARBM15Q1R2,"January 7, 2023",3287877,-9179508.737930346,3244112.783784532
2021245764840,2021,245764840,2021-372399,COUNTY SHERIFF'S OFFICE,07 SEVENTH,HILLSBOROUGH,"August 30, 2021",2150,TUESDAY,1050 TAMPA,0350,Y,TAMPA ST N,SCOTT ST,0,,27.956244,-82.46092,27.9563855,-82.4609219,10020101,2.547,02540,SR 685,USB 41,R RIGHT,2 THRU LANE 2,W WEST,40 URBAN ONE WAY,05 LOCAL,02 INTERSECTION,01 ON ROADWAY,02 FOUR-WAY INTERSECTION,03 CURB,41,"February 14, 2021",16 URBAN MINOR ART,33,PAVED WARN,2,RAISED CURB,0,,0,,6300,RCI,4.7,,30,4 INCAPACITATING INJURY,31 Q/C COMPLETED - LOC VERIFIED,0 NO,02 AT INTERSECTION,04 DARK-LIGHTED,01 CLEAR,01 DRY,01 LEVEL,1 STRAIGHT,"TWO-WAY, NOT DIVIDED",ONE-WAY TRAFFICWAY,NO CONTROLS,NO CONTROLS,3,NONE,NOT CODED,NOT CODED,NONE,NOT CODED,NOT CODED,14 MOTOR VEHICLE IN TRANSPORT,03 ANGLE,88 UNKNOWN,NOT CODED,NO CONTRIBUTING ACTION,00 NOT CODED,00 NOT CODED,00 NOT CODED,00 NOT CODED,01 NO,6,0,2,0,2,0,2,7,N,N,N,Y,N,N,N,N,N,N,N,N,N,N,N,N,Y,N,N,N,N,N,N,N,N,N,27.956418425,-82.460916597,356292.454332,3093233.646624,O,,ARBM15Q1R2,"January 7, 2023",3287878,-9179507.624791143,3243480.9125575707
2021245745800,2021,245745800,2021-312325,COUNTY SHERIFF'S OFFICE,07 SEVENTH,HILLSBOROUGH,"July 21, 2021",1445,THURSDAY,1050 TAMPA,0350,Y,NEBRASKA AVE N,NORTH ST E,0,,28.005643,-82.451315,28.0057036,-82.4513081,10040000,3.827,00993,SR 45,US 41,L LEFT,1 THRU LANE 1,E EAST,22 URBAN 4-5LN 2WY UNDIVD,05 LOCAL,02 INTERSECTION,01 ON ROADWAY,02 FOUR-WAY INTERSECTION,03 CURB,40,"October 2, 2019",14 URBAN PRIN ART OTHER,38,CURB&GUTTER,2,,0,,0,,21500,RCI,3.6,,40,4 INCAPACITATING INJURY,31 Q/C COMPLETED - LOC VERIFIED,0 NO,02 AT INTERSECTION,01 DAYLIGHT,01 CLEAR,01 DRY,01 LEVEL,1 STRAIGHT,"TWO-WAY, NOT DIVIDED","TWO-WAY, NOT DIVIDED",STOP SIGN,NO CONTROLS,4,NONE,NOT CODED,NOT CODED,NONE,NOT CODED,NOT CODED,14 MOTOR VEHICLE IN TRANSPORT,03 ANGLE,03 TURNING LEFT,FAILED TO YIELD RIGHT-OF-WAY,NO CONTRIBUTING ACTION,00 NOT CODED,00 NOT CODED,00 NOT CODED,00 NOT CODED,01 NO,2,0,1,0,2,0,2,3,N,N,N,Y,N,N,N,N,N,N,N,N,N,N,N,N,N,N,N,N,N,N,N,N,N,N,28.005712034,-82.451316598,357301.822768,3098683.870204,C,,ARBM15Q1R2,"January 7, 2023",3287879,-9178438.957590852,3249694.61951325
2021245745830,2021,245745830,2021-312781,COUNTY SHERIFF'S OFFICE,07 SEVENTH,HILLSBOROUGH,"July 21, 2021",2150,THURSDAY,1050 TAMPA,0350,Y,FOWLER AVE E,9TH ST N,0.03,W,28.05446,-82.450309,28.0544711,-82.4502874,10290000,0.559,00814,SR 582,,R RIGHT,2 THRU LANE 2,0,30 URBAN 6+LN 2WY DIVD RASD,05 LOCAL,01 NON-JUNCTION,01 ON ROADWAY,01 NOT AT INTERSECTION,01 PAVED,36,"February 14, 2021",14 URBAN PRIN ART OTHER,44,PAVED,7,CURB&GUTTER,2,,0,29,51521,RCI,2.5,,40,1 NO INJURY,31 Q/C COMPLETED - LOC VERIFIED,0 NO,01 NOT AT INTERSECTION/RRX/BRIDGE,04 DARK-LIGHTED,01 CLEAR,01 DRY,01 LEVEL,1 STRAIGHT,"TWO-WAY, DIVIDED, POSITIVE MED","TWO-WAY, DIVIDED, POSITIVE MED",NO CONTROLS,NO CONTROLS,7,NONE,NOT CODED,NOT CODED,NONE,NOT CODED,NOT CODED,14 MOTOR VEHICLE IN TRANSPORT,"04 SIDESWIPE, SAME DIRECTION",06 CHANGING LANES,NOT CODED,NO CONTRIBUTING ACTION,00 NOT CODED,00 NOT CODED,00 NOT CODED,00 NOT CODED,01 NO,0,0,0,0,2,0,2,2,N,N,N,N,Y,N,N,N,N,N,N,N,N,N,N,N,N,N,N,N,Y,N,N,N,N,N,28.054512022,-82.450271506,357468.920128,3104089.470378,C,,ARBM15Q1R2,"January 7, 2023",3287880,-9178322.6186795,3255848.90426053