Crash Id,Calendar Year,FDOT Crash Number,Reporting Agency Case Number,Reporting Agency Type,FDOT Managing District,County Name,Crash Date,Crash Time,Day,DHSMV City,Crash Report City Code,In Town,On Roadway Name,Int Roadway Name,Reference Distance (Miles),Reference Direction,Officer Latitude,Officer Longitude,FDOT Latitude,FDOT Longitude,FDOT Roadway,Nearest Inventory MP,Nearest Node From Crash,State Road #,US Highway,Crash Side of Road,Accident Lane Number,Travel Direction Vehicle 1,FDOT Road Category,DHSMV Road System Id,Relation to Junction,Crash Harmful Event Location,Intersection Type,Shoulder Type,FDOT Roadway SKID Test Result,FDOT Roadway SKID Test Date,Functional Class,RCI Surface Width,RCI Shoulder Type First,RCI Shoulder Width First,RCI Shoulder Type Second,RCI Shoulder Width Second,RCI Shoulder Type Third,RCI Shoulder Width Third,RCI Median Width,Avg Daily Traffic,AADT Source,RCI Avg Per Truck Traffic,RCI Horiz Curve Condition,Posted Speed Limit,Highest Injury in Crash,CAR Status Code,Alcohols/Drug Involved,Site Location,Lighting,Weather,Road Surface,Roadway Grade,Roadway Alignment,Traffic Way Vehicle 1,Traffic Way Vehicle 2,Traffic Control Vehicle 1,Traffic Control Vehicle 2,Count of Lanes,Road Condition 1,Road Condition 2,Road Condition 3,Environment Condition 1,Environment Condition 2,Environment Condition 3,Crash Harmful Event,Manner of Collision,Vehicle Movement,Driver Action Vehicle 1,Driver Action Vehicle 2,Location Within Workzone,Type of Workzone,Workers Present in Workzone,Law Enforcement Present in Workzone,School Bus Related,Count of Nonfatal Injuries,Count of Traffic Fatalities,Count of Serious Injuries,Count of Pedestrians,Count of Drivers,Count of Bicyclists,Count of Vehicles,Count of Persons,Wrong Way,Workzone Inv,Commercial Vehicle Inv,Intersection Inv,Lane Departure,Speeding,Agressive Driving,Impaired Driver,Impaired Pedestrian,Impaired Bicyclist,Distracted Driver,Speeding or Aggressive Driving,Pedestrian Related,Bicyclist Related,Pedestrian or Bicyclist Related,Motorcycle Inv,No Belt,No Belt - Ages 1-4,No Belt - Ages 5-12,No Belt - Ages 13-17,Driver - Ages Teen,Driver - Ages 65 plus,Driver - Ages 65-69,Driver - Ages 70-74,Driver - Ages 75-79,Driver - Ages 80 plus,ARBM Latitude,ARBM Longitude,UTM Zone 17N X,UTM Zone 17N Y,ARBM Side of Road,Urban Rural Indicator,GIS Street Source,Extract Date,OBJECTID,x,y
2021884738600,2021,884738600,FHPC21OFF038959,FLORIDA HIGHWAY PATROL,07 SEVENTH,HILLSBOROUGH,"April 15, 2021",0553,FRIDAY,1050 TAMPA,0350,N,I 275,BIRD ST,0.103,S,28.020253,-82.4552439,28.0209524,-82.4553693,10320000,4.184,02828,SR 93,I 275,R RIGHT,S SIDE OF ROAD,N NORTH,01 INTERSTATE URBAN,01 INTERSTATE,01 NON-JUNCTION,02 OFF ROADWAY,01 NOT AT INTERSECTION,01 PAVED,26,"February 14, 2021",11 URBAN PRIN ART INT.,36,PAVED WARN,8,VALLEY GUTR,4,,0,46,163000,RCI,6.2,,55,3 NO-INCAPACITATING INJURY,31 Q/C COMPLETED - LOC VERIFIED,0 NO,01 NOT AT INTERSECTION/RRX/BRIDGE,03 DAWN,01 CLEAR,01 DRY,01 LEVEL,1 STRAIGHT,"TWO-WAY, DIVIDED, POSITIVE MED",,NO CONTROLS,NOT CODED,6,NONE,NOT CODED,NOT CODED,NONE,NOT CODED,NOT CODED,30 CONCRETE TRAFFIC BARRIER,77 OTHER (SEE NARRATIVE),01 STRAIGHT AHEAD,OPERATED MV IN CARLESS OR NEGL,NOT CODED,00 NOT CODED,00 NOT CODED,00 NOT CODED,00 NOT CODED,01 NO,1,0,0,0,1,0,1,1,N,N,N,N,Y,N,N,N,N,N,N,N,N,N,N,N,N,N,N,N,N,N,N,N,N,N,28.020923254,-82.455369437,356923.397143,3100373.952108,R,,ARBM15Q1R2,"January 7, 2023",3289144,-9178890.117766205,3251612.6440019356
2021884738640,2021,884738640,FHPC21OFF039390,FLORIDA HIGHWAY PATROL,07 SEVENTH,HILLSBOROUGH,"April 16, 2021",0820,SATURDAY,1050 TAMPA,0350,N,I 275,MILE MARKER #49,0.038,S,28.0327084,-82.4550328,28.0320288,-82.4548254,10320000,4.953,02789,SR 93,I 275,M MEDIAN,M MIDDLE,N NORTH,01 INTERSTATE URBAN,01 INTERSTATE,01 NON-JUNCTION,02 OFF ROADWAY,01 NOT AT INTERSECTION,01 PAVED,26,"February 14, 2021",11 URBAN PRIN ART INT.,36,PAVED,4,VALLEY GUTR,4,,0,23,149500,RCI,3.8,,55,1 NO INJURY,31 Q/C COMPLETED - LOC VERIFIED,0 NO,01 NOT AT INTERSECTION/RRX/BRIDGE,01 DAYLIGHT,01 CLEAR,01 DRY,01 LEVEL,1 STRAIGHT,"TWO-WAY, DIVIDED, POSITIVE MED",,NO CONTROLS,NOT CODED,6,NONE,NOT CODED,NOT CODED,NONE,NOT CODED,NOT CODED,30 CONCRETE TRAFFIC BARRIER,77 OTHER (SEE NARRATIVE),01 STRAIGHT AHEAD,NO CONTRIBUTING ACTION,NOT CODED,00 NOT CODED,00 NOT CODED,00 NOT CODED,00 NOT CODED,01 NO,0,0,0,0,1,0,1,1,N,N,N,N,Y,N,N,N,N,N,N,N,N,N,N,N,N,N,N,N,N,N,N,N,N,N,28.031997069,-82.454846597,356989.4453,3101600.268967,R,,ARBM15Q1R2,"January 7, 2023",3289145,-9178831.915471464,3253009.142160346
2021884696860,2021,884696860,FHPC21OFF072418,FLORIDA HIGHWAY PATROL,08 TURNPIKE,HILLSBOROUGH,"July 11, 2021",0203,MONDAY,1050 TAMPA,0350,N,SR 589,WATERS AVE,0.25,N,27.99659,-82.5458,28.0299114,-82.544091,10470000,4.389,05048,SR 589,,M MEDIAN,M MIDDLE,S SOUTH,03 TOLL ROAD URBAN,06 TURNPIKE/TOLL,01 NON-JUNCTION,03 SHOULDER,01 NOT AT INTERSECTION,01 PAVED,36,"May 10, 2020",12 URBAN PRIN ART EXPR.,36,PAVED WARN,12,,0,,0,30,70100,RCI,9.2,,60,4 INCAPACITATING INJURY,31 Q/C COMPLETED - LOC VERIFIED,0 NO,01 NOT AT INTERSECTION/RRX/BRIDGE,04 DARK-LIGHTED,01 CLEAR,01 DRY,01 LEVEL,1 STRAIGHT,"TWO-WAY, DIVIDED, POSITIVE MED",,NO CONTROLS,NOT CODED,6,NONE,NOT CODED,NOT CODED,NONE,NOT CODED,NOT CODED,30 CONCRETE TRAFFIC BARRIER,77 OTHER (SEE NARRATIVE),88 UNKNOWN,FAILED TO KEEP IN PROPER LANE,NOT CODED,00 NOT CODED,00 NOT CODED,00 NOT CODED,00 NOT CODED,01 NO,1,0,1,0,1,0,1,3,N,N,N,N,Y,N,N,N,N,N,N,N,N,N,N,N,N,N,N,N,N,N,N,N,N,N,28.036325243,-82.547717222,347865.19688,3102192.28232,R,,ARBM15Q1R2,"January 7, 2023",3289149,-9189170.229118302,3253554.998904247
2021899730630,2021,899730630,2021-225217,COUNTY SHERIFF'S OFFICE,07 SEVENTH,HILLSBOROUGH,"May 23, 2021",1647,MONDAY,1050 TAMPA,0350,Y,FLORIDA AVE N,FLORIBRASKA AVE E *,0.009,S,27.970787,-82.459363,27.9708043,-82.4594264,10020000,1.599,01126,SR 685,USB 41,R RIGHT,S SIDE OF ROAD,N NORTH,40 URBAN ONE WAY,09 PARKING LOT,01 NON-JUNCTION,02 OFF ROADWAY,01 NOT AT INTERSECTION,03 CURB,41,"February 14, 2021",16 URBAN MINOR ART,30,RAISED CURB,5,RAISED CURB,0,,0,,14500,RCI,3.6,,40,1 NO INJURY,31 Q/C COMPLETED - LOC VERIFIED,0 NO,03 INFLUENCED BY INTERSECTION,01 DAYLIGHT,01 CLEAR,01 DRY,01 LEVEL,1 STRAIGHT,ONE-WAY TRAFFICWAY,,NO CONTROLS,NOT CODED,3,NONE,NOT CODED,NOT CODED,NONE,NOT CODED,NOT CODED,"36 OTHER POST, POLE, OR SUPPORT",00 NOT CODED,16 LEAVING TRAFFIC LANE,RAN OFF ROADWAY,NOT CODED,00 NOT CODED,00 NOT CODED,00 NOT CODED,00 NOT CODED,01 NO,0,0,0,0,1,0,1,1,N,N,N,Y,N,N,N,N,N,N,N,N,N,N,N,N,N,N,N,N,N,N,N,N,N,N,27.970943825,-82.459436166,356457.325645,3094841.245263,O,,ARBM15Q1R2,"January 7, 2023",3289156,-9179342.823919024,3245311.61716835
2021899698320,2021,899698320,2021-121188,COUNTY SHERIFF'S OFFICE,07 SEVENTH,HILLSBOROUGH,"March 17, 2021",1600,THURSDAY,1050 TAMPA,0350,Y,TAMPA ST N,FLORABRASKA AVE E *,0.028,S,27.971035,-82.460776,27.9705296,-82.4608641,10020101,1.574,02524,SR 685,USB 41,L LEFT,S SIDE OF ROAD,W WEST,40 URBAN ONE WAY,09 PARKING LOT,01 NON-JUNCTION,01 ON ROADWAY,01 NOT AT INTERSECTION,03 CURB,41,"February 14, 2021",16 URBAN MINOR ART,33,RAISED CURB,5,RAISED CURB,0,,0,,9800,RCI,5,,40,1 NO INJURY,31 Q/C COMPLETED - LOC VERIFIED,0 NO,03 INFLUENCED BY INTERSECTION,01 DAYLIGHT,02 CLOUDY,01 DRY,01 LEVEL,1 STRAIGHT,"TWO-WAY, NOT DIVIDED",,TRAFFIC CONTROL SIGNAL,NOT CODED,3,UNKNOWN,NOT CODED,NOT CODED,NONE,NOT CODED,NOT CODED,"36 OTHER POST, POLE, OR SUPPORT",00 NOT CODED,03 TURNING LEFT,RAN OFF ROADWAY,NOT CODED,00 NOT CODED,00 NOT CODED,00 NOT CODED,00 NOT CODED,01 NO,0,0,0,0,1,0,1,1,N,N,N,Y,N,N,N,N,N,N,N,N,N,N,N,N,N,N,N,N,Y,N,N,N,N,N,27.970600749,-82.460866597,356316.163884,3094804.91634,O,,ARBM15Q1R2,"January 7, 2023",3289172,-9179502.05878641,3245268.3747033924
2021899681180,2021,899681180,2021-60902,COUNTY SHERIFF'S OFFICE,07 SEVENTH,HILLSBOROUGH,"February 9, 2021",0016,WEDNESDAY,1050 TAMPA,0350,Y,GANDY BLVD W,CLARK ST,0.011,E,27.893609,-82.512047,27.8936542,-82.5119841,10130000,4.653,01552,SR 600,US 92,R RIGHT,S SIDE OF ROAD,E EAST,20 URBAN 4-5LN 2WY DIVD RASD,05 LOCAL,02 INTERSECTION,01 ON ROADWAY,03 T-INTERSECTION,03 CURB,38,"September 13, 2015",14 URBAN PRIN ART OTHER,20,CURB&GUTTER,2,,0,,0,35,34000,RCI,4.9,,45,1 NO INJURY,31 Q/C COMPLETED - LOC VERIFIED,1 ALC,01 NOT AT INTERSECTION/RRX/BRIDGE,04 DARK-LIGHTED,01 CLEAR,01 DRY,01 LEVEL,1 STRAIGHT,"TWO-WAY, DIVIDED, POSITIVE MED",,NO CONTROLS,NOT CODED,4,NONE,NOT CODED,NOT CODED,NONE,NOT CODED,NOT CODED,"39 OTHER FIXED OBJECT (WALL, BUIL",00 NOT CODED,03 TURNING LEFT,OTHER CONTRIBUTING ACTION,NOT CODED,00 NOT CODED,00 NOT CODED,00 NOT CODED,00 NOT CODED,01 NO,0,0,0,0,1,0,1,1,N,N,N,N,N,N,N,Y,N,N,N,N,N,N,N,N,N,N,N,N,N,N,N,N,N,N,27.893663145,-82.511975546,351183.288972,3086341.737325,R,,ARBM15Q1R2,"January 7, 2023",3289181,-9185191.482254315,3235574.3976488933
2021899667920,2021,899667920,2021-14786,COUNTY SHERIFF'S OFFICE,07 SEVENTH,HILLSBOROUGH,"January 8, 2021",1843,SATURDAY,1050 TAMPA,0350,Y,ARMENIA AVE N,SR 574,0.027,N,27.98177,-82.484537,27.9812938,-82.4846493,10340000,1.265,00320,SR 574,,T SIDE RD LEFT,S SIDE OF ROAD,N NORTH,20 URBAN 4-5LN 2WY DIVD RASD,09 PARKING LOT,77 OTHER (SEE NARRATIVE),02 OFF ROADWAY,01 NOT AT INTERSECTION,03 CURB,38,"February 15, 2021",14 URBAN PRIN ART OTHER,23,CURB&GUTTER,2,,0,,0,16,28500,RCI,3.2,,35,1 NO INJURY,31 Q/C COMPLETED - LOC VERIFIED,1 ALC,01 NOT AT INTERSECTION/RRX/BRIDGE,04 DARK-LIGHTED,01 CLEAR,01 DRY,01 LEVEL,1 STRAIGHT,UNKNOWN,UNKNOWN,OTHER (SEE NARRATIVE),NO CONTROLS,4,NONE,NOT CODED,NOT CODED,NONE,NOT CODED,NOT CODED,14 MOTOR VEHICLE IN TRANSPORT,02 FRONT TO FRONT,77 OTHER (SEE NARRATIVE),OTHER CONTRIBUTING ACTION,NOT CODED,00 NOT CODED,00 NOT CODED,00 NOT CODED,00 NOT CODED,01 NO,0,0,0,0,1,0,2,1,N,N,N,N,Y,N,N,Y,N,N,N,N,N,N,N,N,N,N,N,N,N,N,N,N,N,N,27.98129482,-82.484647187,353991.331706,3096017.981372,C,,ARBM15Q1R2,"January 7, 2023",3289182,-9182149.302780584,3246616.3520552577
2021899667930,2021,899667930,2021-14174,COUNTY SHERIFF'S OFFICE,07 SEVENTH,HILLSBOROUGH,"January 8, 2021",0455,SATURDAY,1050 TAMPA,0350,Y,M L KING BLVD,50TH ST N,0,,27.981457,-82.401646,27.9814698,-82.4015349,10340000,6.34,00247,SR 574,,L LEFT,1 THRU LANE 1,W WEST,14 SUBURBAN 2-3LN 2WY DIVD PAVD,05 LOCAL,02 INTERSECTION,01 ON ROADWAY,02 FOUR-WAY INTERSECTION,02 UNPAVED,38,"February 15, 2021",14 URBAN PRIN ART OTHER,12,PAVED,6,LAWN,11,,0,12,13100,RCI,6.6,,45,3 NO-INCAPACITATING INJURY,31 Q/C COMPLETED - LOC VERIFIED,0 NO,02 AT INTERSECTION,04 DARK-LIGHTED,01 CLEAR,01 DRY,01 LEVEL,1 STRAIGHT,"TWO-WAY, DIVIDED, UNPROTECTED","TWO-WAY, DIVIDED, POSITIVE MED",TRAFFIC CONTROL SIGNAL,TRAFFIC CONTROL SIGNAL,2,NONE,NOT CODED,NOT CODED,NONE,NOT CODED,NOT CODED,14 MOTOR VEHICLE IN TRANSPORT,03 ANGLE,01 STRAIGHT AHEAD,RAN RED LIGHT,NO CONTRIBUTING ACTION,00 NOT CODED,00 NOT CODED,00 NOT CODED,00 NOT CODED,01 NO,4,0,0,0,2,0,2,4,N,N,N,Y,N,N,N,N,N,N,N,N,N,N,N,N,N,N,N,N,N,N,N,N,N,N,27.981494818,-82.401498089,362169.889225,3095943.475856,C,,ARBM15Q1R2,"January 7, 2023",3289183,-9172893.184818605,3246641.5630806824
2021884423820,2021,884423820,FHPC21OFF000681,FLORIDA HIGHWAY PATROL,07 SEVENTH,HILLSBOROUGH,"January 2, 2021",0707,SUNDAY,1050 TAMPA,0350,N,I 275,BUSCH BLVD,0.019,S,28.0328707,-82.4550196,28.0322614,-82.4548267,10320000,4.969,02789,SR 93,I 275,L LEFT,S SIDE OF ROAD,S SOUTH,01 INTERSTATE URBAN,01 INTERSTATE,01 NON-JUNCTION,03 SHOULDER,01 NOT AT INTERSECTION,01 PAVED,26,"February 14, 2021",11 URBAN PRIN ART INT.,36,PAVED,4,VALLEY GUTR,4,,0,23,149500,RCI,3.8,,55,1 NO INJURY,31 Q/C COMPLETED - LOC VERIFIED,0 NO,01 NOT AT INTERSECTION/RRX/BRIDGE,01 DAYLIGHT,03 RAIN,02 WET,01 LEVEL,1 STRAIGHT,"TWO-WAY, DIVIDED, POSITIVE MED",,NO CONTROLS,NOT CODED,6,"RD SURFC (WET, ICY, SNOW, ETC)",NOT CODED,NOT CODED,WEATHER CONDITIONS,NOT CODED,NOT CODED,14 MOTOR VEHICLE IN TRANSPORT,77 OTHER (SEE NARRATIVE),01 STRAIGHT AHEAD,DROVE TOO FAST FOR CONDITIONS,NOT CODED,00 NOT CODED,00 NOT CODED,00 NOT CODED,00 NOT CODED,01 NO,0,0,0,0,1,0,1,2,N,N,N,N,Y,Y,N,N,N,N,N,Y,N,N,N,N,N,N,N,N,N,N,N,N,N,N,28.03196022,-82.455016596,356972.683682,3101596.38579,L,,ARBM15Q1R2,"January 7, 2023",3289264,-9178850.839728042,3253004.4949825807
2021884411220,2021,884411220,FHPC21OFF005862,FLORIDA HIGHWAY PATROL,07 SEVENTH,HILLSBOROUGH,"January 18, 2021",0139,TUESDAY,1050 TAMPA,0350,N,SR 574,I 4,0.028,W,27.9815324,-82.3864143,27.98146,-82.3862994,10340000,7.27,04575,SR 574,,L LEFT,S SIDE OF ROAD,W WEST,23 SUBURBAN 4-5LN 2WY DIVD RASD,03 STATE,14 ENTRANCE/EXIT RAMP,01 ON ROADWAY,01 NOT AT INTERSECTION,01 PAVED,38,"February 15, 2021",14 URBAN PRIN ART OTHER,23,PAVED,5,LAWN,12,,0,20,25000,RCI,7,,45,3 NO-INCAPACITATING INJURY,31 Q/C COMPLETED - LOC VERIFIED,0 NO,01 NOT AT INTERSECTION/RRX/BRIDGE,04 DARK-LIGHTED,01 CLEAR,01 DRY,01 LEVEL,1 STRAIGHT,ONE-WAY TRAFFICWAY,,TRAFFIC CONTROL SIGNAL,NOT CODED,4,NONE,NOT CODED,NOT CODED,NONE,NOT CODED,NOT CODED,01 OVERTURN/ROLLOVER,77 OTHER (SEE NARRATIVE),05 TURNING RIGHT,OPERATED MV IN CARLESS OR NEGL,NOT CODED,00 NOT CODED,00 NOT CODED,00 NOT CODED,00 NOT CODED,01 NO,2,0,0,0,1,0,1,2,N,N,N,N,Y,N,N,N,N,N,N,N,N,N,N,N,N,N,N,N,N,N,N,N,N,N,27.981523312,-82.386255544,363669.116498,3095929.517234,C,,ARBM15Q1R2,"January 7, 2023",3289294,-9171196.392060265,3246645.15486131
2021884411300,2021,884411300,FHPC21OFF009171,FLORIDA HIGHWAY PATROL,07 SEVENTH,HILLSBOROUGH,"January 27, 2021",2324,THURSDAY,1050 TAMPA,0350,N,I 75,MILE MARKER #271,0,,28.1368699,-82.3792499,28.1384496,-82.3798136,10075000,37.347,01971,SR 93A,I 75,M MEDIAN,M MIDDLE,N NORTH,01 INTERSTATE URBAN,01 INTERSTATE,01 NON-JUNCTION,02 OFF ROADWAY,01 NOT AT INTERSECTION,01 PAVED,39,"March 17, 2020",11 URBAN PRIN ART INT.,36,PAVED WARN,10,LAWN,12,,0,63,84500,RCI,17.3,,70,2 POSSIBLE INJURY,31 Q/C COMPLETED - LOC VERIFIED,0 NO,01 NOT AT INTERSECTION/RRX/BRIDGE,05 DARK-NOT LIGHTED,01 CLEAR,01 DRY,01 LEVEL,1 STRAIGHT,"TWO-WAY, DIVIDED, POSITIVE MED",,NO CONTROLS,NOT CODED,6,NONE,NOT CODED,NOT CODED,NONE,NOT CODED,NOT CODED,01 OVERTURN/ROLLOVER,77 OTHER (SEE NARRATIVE),01 STRAIGHT AHEAD,OPERATED MV IN CARLESS OR NEGL,NOT CODED,00 NOT CODED,00 NOT CODED,00 NOT CODED,00 NOT CODED,01 NO,1,0,0,0,1,0,1,1,N,N,N,N,Y,N,N,N,N,N,N,N,N,N,N,N,N,N,N,N,N,N,N,N,N,N,28.138480844,-82.379817577,364499.362058,3113312.317553,R,,ARBM15Q1R2,"January 7, 2023",3289295,-9170479.72106282,3266444.960098758
2021899738360,2021,899738360,2021-249470,COUNTY SHERIFF'S OFFICE,07 SEVENTH,HILLSBOROUGH,"June 8, 2021",1520,WEDNESDAY,1050 TAMPA,0350,Y,GANDY BLVD W,MANHATTAN AVE,0.028,W,27.893274,-82.519165,27.8933978,-82.5188688,10130000,4.231,01550,SR 600,US 92,R RIGHT,S SIDE OF ROAD,E EAST,20 URBAN 4-5LN 2WY DIVD RASD,09 PARKING LOT,04 DRIVEWAY/ALLEY ACCESS RELATED,01 ON ROADWAY,01 NOT AT INTERSECTION,03 CURB,38,"September 13, 2015",14 URBAN PRIN ART OTHER,20,CURB&GUTTER,2,,0,,0,35,37000,RCI,4.9,2D00,45,2 POSSIBLE INJURY,31 Q/C COMPLETED - LOC VERIFIED,0 NO,01 NOT AT INTERSECTION/RRX/BRIDGE,01 DAYLIGHT,01 CLEAR,01 DRY,01 LEVEL,1 STRAIGHT,"TWO-WAY, DIVIDED, POSITIVE MED",,NO CONTROLS,NOT CODED,4,NONE,NOT CODED,NOT CODED,NONE,NOT CODED,NOT CODED,"36 OTHER POST, POLE, OR SUPPORT",00 NOT CODED,01 STRAIGHT AHEAD,DROVE TOO FAST FOR CONDITIONS,NOT CODED,00 NOT CODED,00 NOT CODED,00 NOT CODED,00 NOT CODED,01 NO,1,0,0,0,1,0,1,2,N,N,N,N,N,Y,N,N,N,N,N,Y,N,N,N,N,N,N,N,N,N,N,N,N,N,N,27.89340027,-82.518870183,350504.230822,3086321.012023,R,,ARBM15Q1R2,"January 7, 2023",3289328,-9185958.990040554,3235541.2878059843
2021899722010,2021,899722010,2021-196368,COUNTY SHERIFF'S OFFICE,07 SEVENTH,HILLSBOROUGH,"May 4, 2021",2130,WEDNESDAY,1050 TAMPA,0350,Y,DALE MABRY HWY S,GANDY BLVD,0,,27.893542,-82.506481,27.8936356,-82.5063037,10130000,5,01544,SR 600,US 92,I INTERSECTION,M MIDDLE,E EAST,30 URBAN 6+LN 2WY DIVD RASD,05 LOCAL,02 INTERSECTION,01 ON ROADWAY,02 FOUR-WAY INTERSECTION,03 CURB,40,"September 16, 2018",14 URBAN PRIN ART OTHER,30,CURB&GUTTER,2,,0,,0,35,34000,RCI,4.9,,45,1 NO INJURY,31 Q/C COMPLETED - LOC VERIFIED,1 ALC,02 AT INTERSECTION,04 DARK-LIGHTED,01 CLEAR,01 DRY,01 LEVEL,1 STRAIGHT,"TWO-WAY, DIVIDED, POSITIVE MED",,TRAFFIC CONTROL SIGNAL,NOT CODED,5,NONE,NOT CODED,NOT CODED,NONE,NOT CODED,NOT CODED,"36 OTHER POST, POLE, OR SUPPORT",00 NOT CODED,01 STRAIGHT AHEAD,OPERATED MV IN CARLESS OR NEGL,NOT CODED,00 NOT CODED,00 NOT CODED,00 NOT CODED,00 NOT CODED,01 NO,0,0,0,0,1,0,1,1,N,N,N,Y,N,N,N,N,N,N,N,N,N,N,N,N,N,N,N,N,N,N,N,N,N,N,27.893624842,-82.506284687,351743.434639,3086330.588916,R,,ARBM15Q1R2,"January 7, 2023",3289329,-9184557.978725513,3235569.5732442816
2021899744890,2021,899744890,2021-270187,COUNTY SHERIFF'S OFFICE,07 SEVENTH,HILLSBOROUGH,"June 22, 2021",0235,WEDNESDAY,1050 TAMPA,0350,Y,WARREN AVE,TAMPA ST,0.014,N,27.969499,-82.460789,27.9691922,-82.4608657,10020101,1.666,02526,SR 685,USB 41,R RIGHT,S SIDE OF ROAD,S SOUTH,40 URBAN ONE WAY,09 PARKING LOT,77 OTHER (SEE NARRATIVE),02 OFF ROADWAY,01 NOT AT INTERSECTION,03 CURB,41,"February 14, 2021",16 URBAN MINOR ART,33,RAISED CURB,5,RAISED CURB,0,,0,,9800,RCI,5,,40,2 POSSIBLE INJURY,31 Q/C COMPLETED - LOC VERIFIED,0 NO,01 NOT AT INTERSECTION/RRX/BRIDGE,04 DARK-LIGHTED,01 CLEAR,01 DRY,01 LEVEL,1 STRAIGHT,ONE-WAY TRAFFICWAY,,NO CONTROLS,NOT CODED,3,NONE,NOT CODED,NOT CODED,NONE,NOT CODED,NOT CODED,"39 OTHER FIXED OBJECT (WALL, BUIL",00 NOT CODED,01 STRAIGHT AHEAD,OPERATED MV IN CARLESS OR NEGL,NOT CODED,00 NOT CODED,00 NOT CODED,00 NOT CODED,00 NOT CODED,01 NO,1,0,0,0,1,0,1,1,N,N,N,N,N,N,N,N,N,N,N,N,N,N,N,N,N,N,N,N,N,N,N,N,N,N,27.969259846,-82.46087543,356313.51806,3094656.361492,O,,ARBM15Q1R2,"January 7, 2023",3289330,-9179503.041998213,3245099.364707711
2021899732380,2021,899732380,2021-230580,COUNTY SHERIFF'S OFFICE,07 SEVENTH,HILLSBOROUGH,"May 27, 2021",0305,FRIDAY,1050 TAMPA,0350,Y,HILLSBOROUGH AVE E,47TH ST N,0.028,E,27.996228,-82.405871,27.9960199,-82.4054883,10030000,2.791,01842,SR 600,US 92,L LEFT,S SIDE OF ROAD,W WEST,30 URBAN 6+LN 2WY DIVD RASD,09 PARKING LOT,88 UNKNOWN,02 OFF ROADWAY,01 NOT AT INTERSECTION,03 CURB,42,"February 15, 2021",14 URBAN PRIN ART OTHER,33,CURB&GUTTER,2,,0,,0,14,37500,RCI,6.9,,45,0 UNKNOWN/NOT CODED,31 Q/C COMPLETED - LOC VERIFIED,0 NO,01 NOT AT INTERSECTION/RRX/BRIDGE,04 DARK-LIGHTED,01 CLEAR,01 DRY,04 DOWNHILL,1 STRAIGHT,"TWO-WAY, DIVIDED, POSITIVE MED","TWO-WAY, DIVIDED, POSITIVE MED",NO CONTROLS,NO CONTROLS,6,UNKNOWN,NONE,NOT CODED,NONE,NOT CODED,NOT CODED,"39 OTHER FIXED OBJECT (WALL, BUIL",00 NOT CODED,88 UNKNOWN,NOT CODED,NOT CODED,00 NOT CODED,00 NOT CODED,00 NOT CODED,00 NOT CODED,01 NO,0,0,0,0,1,0,2,1,N,N,N,N,Y,N,N,N,N,N,N,N,N,N,N,N,N,N,N,N,N,N,N,N,N,N,27.996094815,-82.405489158,361795.969431,3097565.576425,C,,ARBM15Q1R2,"January 7, 2023",3289331,-9173337.468801323,3248482.0978293293
2021245784090,2021,245784090,2021-430420,COUNTY SHERIFF'S OFFICE,07 SEVENTH,HILLSBOROUGH,"October 9, 2021",1051,SUNDAY,1050 TAMPA,0350,Y,SR 574,N MARGUERITE ST,0,,27.981423,-82.454195,27.9814283,-82.4540443,10340000,3.134,03114,SR 574,,R RIGHT,2 THRU LANE 2,S SOUTH,20 URBAN 4-5LN 2WY DIVD RASD,05 LOCAL,14 ENTRANCE/EXIT RAMP,01 ON ROADWAY,02 FOUR-WAY INTERSECTION,03 CURB,38,"February 15, 2021",14 URBAN PRIN ART OTHER,24,CURB&GUTTER,2,,0,,0,17,32000,RCI,3.3,,35,1 NO INJURY,31 Q/C COMPLETED - LOC VERIFIED,0 NO,02 AT INTERSECTION,01 DAYLIGHT,01 CLEAR,01 DRY,01 LEVEL,1 STRAIGHT,ONE-WAY TRAFFICWAY,"TWO-WAY, DIVIDED, POSITIVE MED",TRAFFIC CONTROL SIGNAL,TRAFFIC CONTROL SIGNAL,4,NONE,NOT CODED,NOT CODED,NONE,NOT CODED,NOT CODED,14 MOTOR VEHICLE IN TRANSPORT,03 ANGLE,03 TURNING LEFT,FAILED TO YIELD RIGHT-OF-WAY,NO CONTRIBUTING ACTION,00 NOT CODED,00 NOT CODED,00 NOT CODED,00 NOT CODED,01 NO,0,0,0,0,2,0,2,3,N,N,N,Y,N,N,N,N,N,N,N,N,N,N,N,N,N,N,N,N,N,N,N,N,N,N,27.981474819,-82.454033323,357002.679405,3096001.686262,C,,ARBM15Q1R2,"January 7, 2023",3289541,-9178741.381999958,3246639.042015469