Crash Id,Calendar Year,FDOT Crash Number,Reporting Agency Case Number,Reporting Agency Type,FDOT Managing District,County Name,Crash Date,Crash Time,Day,DHSMV City,Crash Report City Code,In Town,On Roadway Name,Int Roadway Name,Reference Distance (Miles),Reference Direction,Officer Latitude,Officer Longitude,FDOT Latitude,FDOT Longitude,FDOT Roadway,Nearest Inventory MP,Nearest Node From Crash,State Road #,US Highway,Crash Side of Road,Accident Lane Number,Travel Direction Vehicle 1,FDOT Road Category,DHSMV Road System Id,Relation to Junction,Crash Harmful Event Location,Intersection Type,Shoulder Type,FDOT Roadway SKID Test Result,FDOT Roadway SKID Test Date,Functional Class,RCI Surface Width,RCI Shoulder Type First,RCI Shoulder Width First,RCI Shoulder Type Second,RCI Shoulder Width Second,RCI Shoulder Type Third,RCI Shoulder Width Third,RCI Median Width,Avg Daily Traffic,AADT Source,RCI Avg Per Truck Traffic,RCI Horiz Curve Condition,Posted Speed Limit,Highest Injury in Crash,CAR Status Code,Alcohols/Drug Involved,Site Location,Lighting,Weather,Road Surface,Roadway Grade,Roadway Alignment,Traffic Way Vehicle 1,Traffic Way Vehicle 2,Traffic Control Vehicle 1,Traffic Control Vehicle 2,Count of Lanes,Road Condition 1,Road Condition 2,Road Condition 3,Environment Condition 1,Environment Condition 2,Environment Condition 3,Crash Harmful Event,Manner of Collision,Vehicle Movement,Driver Action Vehicle 1,Driver Action Vehicle 2,Location Within Workzone,Type of Workzone,Workers Present in Workzone,Law Enforcement Present in Workzone,School Bus Related,Count of Nonfatal Injuries,Count of Traffic Fatalities,Count of Serious Injuries,Count of Pedestrians,Count of Drivers,Count of Bicyclists,Count of Vehicles,Count of Persons,Wrong Way,Workzone Inv,Commercial Vehicle Inv,Intersection Inv,Lane Departure,Speeding,Agressive Driving,Impaired Driver,Impaired Pedestrian,Impaired Bicyclist,Distracted Driver,Speeding or Aggressive Driving,Pedestrian Related,Bicyclist Related,Pedestrian or Bicyclist Related,Motorcycle Inv,No Belt,No Belt - Ages 1-4,No Belt - Ages 5-12,No Belt - Ages 13-17,Driver - Ages Teen,Driver - Ages 65 plus,Driver - Ages 65-69,Driver - Ages 70-74,Driver - Ages 75-79,Driver - Ages 80 plus,ARBM Latitude,ARBM Longitude,UTM Zone 17N X,UTM Zone 17N Y,ARBM Side of Road,Urban Rural Indicator,GIS Street Source,Extract Date,OBJECTID,x,y
2021245736300,2021,245736300,2021-281336,COUNTY SHERIFF'S OFFICE,07 SEVENTH,HILLSBOROUGH,"June 30, 2021",1513,THURSDAY,1050 TAMPA,0350,Y,MERIDIAN AVE,KENNEDY BLVD,0.028,S,27.950218,-82.448736,27.950593,-82.4490904,10080000,3.995,03171,SR 45,USB 41,S SIDE RD RIGHT,S SIDE OF ROAD,N NORTH,41 SUBURBAN ONE WAY,09 PARKING LOT,01 NON-JUNCTION,02 OFF ROADWAY,01 NOT AT INTERSECTION,01 PAVED,40,"October 1, 2019",14 URBAN PRIN ART OTHER,33,PAVED,3,,0,,0,,12000,RCI,2.8,,30,0 UNKNOWN/NOT CODED,31 Q/C COMPLETED - LOC VERIFIED,0 NO,03 INFLUENCED BY INTERSECTION,01 DAYLIGHT,03 RAIN,02 WET,01 LEVEL,1 STRAIGHT,"TWO-WAY, NOT DIVIDED",,NO CONTROLS,NOT CODED,3,NONE,NOT CODED,NOT CODED,NONE,NOT CODED,NOT CODED,33 UTILITY POLE/LIGHT SUPPORT,00 NOT CODED,03 TURNING LEFT,NOT CODED,NOT CODED,00 NOT CODED,00 NOT CODED,00 NOT CODED,00 NOT CODED,01 NO,0,0,0,0,1,0,1,1,N,N,N,Y,N,N,N,N,N,N,N,N,N,N,N,N,N,N,N,N,N,N,N,N,N,N,27.950570465,-82.449227966,357434.697607,3092572.03205,O,,ARBM15Q1R2,"January 7, 2023",3289543,-9178206.4518939,3242743.9362436826
2021245776990,2021,245776990,2021-408114,COUNTY SHERIFF'S OFFICE,07 SEVENTH,HILLSBOROUGH,"September 24, 2021",0355,SATURDAY,1050 TAMPA,0350,Y,I 75,BRUCE B DOWNS BLVD,0.258,N,28.119277,-82.372469,28.1211902,-82.372528,10075062,0.258,05274,SR 93A,I 75,R RIGHT,X RAMP,N NORTH,08 RAMP RURAL,01 INTERSTATE,14 ENTRANCE/EXIT RAMP,02 OFF ROADWAY,01 NOT AT INTERSECTION,02 UNPAVED,0,"December 31, 2000",,15,PAVED,2,LAWN,7,,0,,18500,RCI,8.1,,,1 NO INJURY,31 Q/C COMPLETED - LOC VERIFIED,0 NO,08 EXIT RAMP,04 DARK-LIGHTED,01 CLEAR,01 DRY,01 LEVEL,1 STRAIGHT,ONE-WAY TRAFFICWAY,,NO CONTROLS,NOT CODED,1,NONE,NOT CODED,NOT CODED,NONE,NOT CODED,NOT CODED,37 FENCE,00 NOT CODED,01 STRAIGHT AHEAD,RAN OFF ROADWAY,NOT CODED,00 NOT CODED,00 NOT CODED,00 NOT CODED,00 NOT CODED,01 NO,0,0,0,0,1,0,1,1,N,N,N,N,Y,N,N,N,N,N,N,N,N,N,N,N,N,N,N,N,N,N,N,N,N,N,28.121188609,-82.372505907,365195.816284,3111388.288691,O,,ARBM15Q1R2,"January 7, 2023",3289554,-9169665.789484162,3264262.1686188783
2021245789540,2021,245789540,2021-447603,COUNTY SHERIFF'S OFFICE,07 SEVENTH,HILLSBOROUGH,"October 20, 2021",2254,THURSDAY,1050 TAMPA,0350,Y,BUSCH BLVD E,TEMPLE AVE N,0.009,E,28.032446,-82.407202,28.0325605,-82.4072873,10310000,6.019,00895,SR 580,,R RIGHT,S SIDE OF ROAD,N NORTH,30 URBAN 6+LN 2WY DIVD RASD,09 PARKING LOT,01 NON-JUNCTION,02 OFF ROADWAY,01 NOT AT INTERSECTION,03 CURB,35,"October 2, 2019",14 URBAN PRIN ART OTHER,36,CURB&GUTTER,2,,0,,0,16,39500,RCI,3.4,,45,1 NO INJURY,31 Q/C COMPLETED - LOC VERIFIED,0 NO,03 INFLUENCED BY INTERSECTION,04 DARK-LIGHTED,01 CLEAR,01 DRY,01 LEVEL,1 STRAIGHT,"TWO-WAY, DIVIDED, POSITIVE MED","TWO-WAY, DIVIDED, POSITIVE MED",NO CONTROLS,NO CONTROLS,6,NONE,NOT CODED,NOT CODED,NONE,NOT CODED,NOT CODED,14 MOTOR VEHICLE IN TRANSPORT,77 OTHER (SEE NARRATIVE),01 STRAIGHT AHEAD,OPERATED MV IN CARLESS OR NEGL,NOT CODED,00 NOT CODED,00 NOT CODED,00 NOT CODED,00 NOT CODED,01 NO,0,0,0,0,1,0,3,1,N,N,N,Y,N,N,N,N,N,N,N,N,N,N,N,N,N,N,N,N,N,N,N,N,N,N,28.032614805,-82.407277572,361666.780052,3101613.805056,C,,ARBM15Q1R2,"January 7, 2023",3289555,-9173536.554235075,3253087.0481966585
2021245771670,2021,245771670,2021-392312,COUNTY SHERIFF'S OFFICE,07 SEVENTH,HILLSBOROUGH,"September 13, 2021",1300,TUESDAY,1050 TAMPA,0350,Y,KENNEDY BLVD,TRASK AVE S,0,,27.94489,-82.522151,27.9447884,-82.522231,10270000,1.739,01251,SR 60,,R RIGHT,1 THRU LANE 1,N NORTH,30 URBAN 6+LN 2WY DIVD RASD,05 LOCAL,02 INTERSECTION,01 ON ROADWAY,02 FOUR-WAY INTERSECTION,03 CURB,39,"May 19, 2020",14 URBAN PRIN ART OTHER,33,CURB&GUTTER,2,,0,,0,28,37000,RCI,2.8,,40,4 INCAPACITATING INJURY,31 Q/C COMPLETED - LOC VERIFIED,0 NO,02 AT INTERSECTION,01 DAYLIGHT,01 CLEAR,01 DRY,01 LEVEL,1 STRAIGHT,"TWO-WAY, DIVIDED, POSITIVE MED","TWO-WAY, DIVIDED, POSITIVE MED",STOP SIGN,NO CONTROLS,6,NONE,NOT CODED,NOT CODED,NONE,NOT CODED,NOT CODED,14 MOTOR VEHICLE IN TRANSPORT,03 ANGLE,01 STRAIGHT AHEAD,NO CONTRIBUTING ACTION,NO CONTRIBUTING ACTION,00 NOT CODED,00 NOT CODED,00 NOT CODED,00 NOT CODED,01 NO,2,0,1,0,2,0,2,2,N,N,N,Y,N,N,N,N,N,N,N,N,N,N,N,N,N,N,N,N,N,Y,N,N,Y,N,27.944774485,-82.522203103,350246.965668,3092017.140412,R,,ARBM15Q1R2,"January 7, 2023",3289556,-9186330.009262124,3242013.549740525
2021245781190,2021,245781190,2021-422181,COUNTY SHERIFF'S OFFICE,07 SEVENTH,HILLSBOROUGH,"October 3, 2021",1806,MONDAY,1050 TAMPA,0350,Y,20TH ST S,HARPER ST,0.038,S,27.94747,-82.436647,27.947489,-82.4364778,10250001,0.952,04775,SR 45,USB 41,L LEFT,2 THRU LANE 2,S SOUTH,30 URBAN 6+LN 2WY DIVD RASD,05 LOCAL,01 NON-JUNCTION,01 ON ROADWAY,01 NOT AT INTERSECTION,03 CURB,26,"October 2, 2019",14 URBAN PRIN ART OTHER,48,CURB&GUTTER,2,,0,,0,23,36500,RCI,12.8,2D54,45,4 INCAPACITATING INJURY,31 Q/C COMPLETED - LOC VERIFIED,1 ALC,01 NOT AT INTERSECTION/RRX/BRIDGE,01 DAYLIGHT,02 CLOUDY,01 DRY,01 LEVEL,3 CURVE LEFT,"TWO-WAY, DIVIDED, POSITIVE MED","TWO-WAY, DIVIDED, POSITIVE MED",TRAFFIC CONTROL SIGNAL,TRAFFIC CONTROL SIGNAL,7,NONE,NOT CODED,NOT CODED,NONE,NOT CODED,NOT CODED,14 MOTOR VEHICLE IN TRANSPORT,"04 SIDESWIPE, SAME DIRECTION",77 OTHER (SEE NARRATIVE),OPERATED MV IN CARLESS OR NEGL,NO CONTRIBUTING ACTION,00 NOT CODED,00 NOT CODED,00 NOT CODED,00 NOT CODED,01 NO,1,0,1,0,2,0,2,2,N,N,N,N,Y,Y,Y,N,N,N,N,Y,N,N,N,Y,N,N,N,N,N,N,N,N,N,N,27.947463513,-82.436632736,358669.832702,3092213.170104,L,,ARBM15Q1R2,"January 7, 2023",3289559,-9176804.356891422,3242352.405674694
2021882586840,2021,882586840,FHPK21OFFG04275,FLORIDA HIGHWAY PATROL,08 TURNPIKE,HILLSBOROUGH,"July 27, 2021",1346,WEDNESDAY,1050 TAMPA,0350,N,SR 589,WATERS AVE,0.028,S,28.0254,-82.54433,28.0251794,-82.5442573,10470000,4.063,05044,SR 589,,R RIGHT,S SIDE OF ROAD,N NORTH,03 TOLL ROAD URBAN,01 INTERSTATE,01 NON-JUNCTION,03 SHOULDER,01 NOT AT INTERSECTION,01 PAVED,36,"May 10, 2020",12 URBAN PRIN ART EXPR.,36,PAVED WARN,12,,0,,0,30,88344,RCI,6.3,,60,6 NON-TRAFFIC FATALITY,31 Q/C COMPLETED - LOC VERIFIED,1 ALC,01 NOT AT INTERSECTION/RRX/BRIDGE,01 DAYLIGHT,01 CLEAR,01 DRY,01 LEVEL,1 STRAIGHT,"TWO-WAY, DIVIDED, POSITIVE MED",,NO CONTROLS,NOT CODED,6,NONE,NOT CODED,NOT CODED,NONE,NOT CODED,NOT CODED,19 IMPACT ATTENUATOR/CRASH CUSION,77 OTHER (SEE NARRATIVE),01 STRAIGHT AHEAD,RAN OFF ROADWAY,NOT CODED,00 NOT CODED,00 NOT CODED,00 NOT CODED,00 NOT CODED,01 NO,0,0,0,0,1,0,1,1,N,N,N,N,Y,N,N,Y,N,N,N,N,N,N,N,N,N,N,N,N,N,N,N,N,N,N,28.033235169,-82.544307611,348196.056163,3101845.654987,R,,ARBM15Q1R2,"January 7, 2023",3289571,-9188790.67285292,3253165.28528947
2021884270180,2021,884270180,FHPC21OFF000458,FLORIDA HIGHWAY PATROL,07 SEVENTH,HILLSBOROUGH,"January 1, 2021",1338,SATURDAY,1050 TAMPA,0350,N,I 275,WEST SHORE BLVD N,0.25,W,27.9549999,-82.50561,27.948974,-82.5276319,10190000,2.391,02689,SR 93,I 275,M MEDIAN,M MIDDLE,S SOUTH,01 INTERSTATE URBAN,01 INTERSTATE,01 NON-JUNCTION,02 OFF ROADWAY,01 NOT AT INTERSECTION,01 PAVED,36,"September 17, 2018",11 URBAN PRIN ART INT.,60,PAVED WARN,12,,0,,0,18,190500,RCI,6.8,,55,1 NO INJURY,31 Q/C COMPLETED - LOC VERIFIED,1 ALC,01 NOT AT INTERSECTION/RRX/BRIDGE,01 DAYLIGHT,01 CLEAR,01 DRY,01 LEVEL,1 STRAIGHT,"TWO-WAY, DIVIDED, POSITIVE MED",,NO CONTROLS,NOT CODED,6,NONE,NOT CODED,NOT CODED,NONE,NOT CODED,NOT CODED,30 CONCRETE TRAFFIC BARRIER,77 OTHER (SEE NARRATIVE),16 LEAVING TRAFFIC LANE,FAILED TO KEEP IN PROPER LANE,NOT CODED,00 NOT CODED,00 NOT CODED,00 NOT CODED,00 NOT CODED,01 NO,0,0,0,0,1,0,1,1,N,N,N,N,Y,N,N,Y,N,N,N,N,N,N,N,N,N,N,N,N,N,N,N,N,N,N,27.948982789,-82.527606291,349721.161049,3092490.037928,R,,ARBM15Q1R2,"January 7, 2023",3289628,-9186931.48971981,3242543.8594668643
2021884270260,2021,884270260,FHPC21OFF003592,FLORIDA HIGHWAY PATROL,07 SEVENTH,HILLSBOROUGH,"January 11, 2021",0631,TUESDAY,1050 TAMPA,0350,N,I 275,SR 580,0.25,N,28.06183,-82.4545899,28.0369273,-82.4548156,10320000,5.29,06023,SR 93,I 275,M MEDIAN,M MIDDLE,S SOUTH,01 INTERSTATE URBAN,01 INTERSTATE,01 NON-JUNCTION,01 ON ROADWAY,01 NOT AT INTERSECTION,01 PAVED,26,"February 14, 2021",11 URBAN PRIN ART INT.,36,PAVED,4,VALLEY GUTR,4,,0,20,147000,RCI,5.2,,55,1 NO INJURY,31 Q/C COMPLETED - LOC VERIFIED,0 NO,01 NOT AT INTERSECTION/RRX/BRIDGE,04 DARK-LIGHTED,02 CLOUDY,01 DRY,01 LEVEL,1 STRAIGHT,"TWO-WAY, DIVIDED, POSITIVE MED",,NO CONTROLS,NOT CODED,6,NONE,NOT CODED,NOT CODED,NONE,NOT CODED,NOT CODED,30 CONCRETE TRAFFIC BARRIER,77 OTHER (SEE NARRATIVE),16 LEAVING TRAFFIC LANE,FAILED TO KEEP IN PROPER LANE,NOT CODED,00 NOT CODED,00 NOT CODED,00 NOT CODED,00 NOT CODED,01 NO,0,0,0,0,1,0,1,1,N,N,N,N,Y,N,N,N,N,N,N,N,N,N,N,N,N,N,N,N,N,N,N,N,N,N,28.03689295,-82.454836596,356996.903483,3102142.70017,R,,ARBM15Q1R2,"January 7, 2023",3289629,-9178830.80220105,3253626.5985067417
2021884270300,2021,884270300,FHPC21OFF006319,FLORIDA HIGHWAY PATROL,07 SEVENTH,HILLSBOROUGH,"January 19, 2021",1426,WEDNESDAY,1050 TAMPA,0350,N,I 275,FLORIBRASKA AVE,0.25,N,27.9750799,-82.4534199,27.9746785,-82.453393,10320000,0.979,02840,SR 93,I 275,L LEFT,1 THRU LANE 1,S SOUTH,01 INTERSTATE URBAN,01 INTERSTATE,01 NON-JUNCTION,01 ON ROADWAY,01 NOT AT INTERSECTION,01 PAVED,26,"February 14, 2021",11 URBAN PRIN ART INT.,36,PAVED WARN,8,VALLEY GUTR,4,,0,33,153000,RCI,6.2,0D20,55,2 POSSIBLE INJURY,31 Q/C COMPLETED - LOC VERIFIED,0 NO,01 NOT AT INTERSECTION/RRX/BRIDGE,01 DAYLIGHT,01 CLEAR,01 DRY,01 LEVEL,1 STRAIGHT,"TWO-WAY, DIVIDED, POSITIVE MED","TWO-WAY, DIVIDED, POSITIVE MED",NO CONTROLS,NO CONTROLS,6,NONE,NOT CODED,NOT CODED,NONE,NOT CODED,NOT CODED,14 MOTOR VEHICLE IN TRANSPORT,01 FRONT TO REAR,01 STRAIGHT AHEAD,OPERATED MV IN CARLESS OR NEGL,NO CONTRIBUTING ACTION,00 NOT CODED,00 NOT CODED,00 NOT CODED,00 NOT CODED,01 NO,1,0,0,0,2,0,2,2,N,N,N,N,Y,N,N,N,N,N,N,N,N,N,N,N,N,N,N,N,N,N,N,N,N,N,27.974671673,-82.453626599,357033.710373,3095247.45614,L,,ARBM15Q1R2,"January 7, 2023",3289630,-9178696.105606064,3245781.494984181
2021884696930,2021,884696930,FHPK21OFFG06574,FLORIDA HIGHWAY PATROL,08 TURNPIKE,HILLSBOROUGH,"November 14, 2021",0349,MONDAY,1050 TAMPA,0350,N,SR 589,HUTCHINSON RD,0.5,S,28.08377,-82.5591399,28.0906497,-82.5456817,10470000,10.108,05096,SR 589,,M MEDIAN,M MIDDLE,N NORTH,03 TOLL ROAD URBAN,06 TURNPIKE/TOLL,01 NON-JUNCTION,01 ON ROADWAY,01 NOT AT INTERSECTION,01 PAVED,43,"May 10, 2020",12 URBAN PRIN ART EXPR.,36,PAVED WARN,10,VALLEY GUTR,3.5,,0,30,51600,RCI,9.2,,60,1 NO INJURY,31 Q/C COMPLETED - LOC VERIFIED,0 NO,01 NOT AT INTERSECTION/RRX/BRIDGE,04 DARK-LIGHTED,01 CLEAR,01 DRY,01 LEVEL,1 STRAIGHT,"TWO-WAY, DIVIDED, POSITIVE MED",,NO CONTROLS,NOT CODED,6,NONE,NOT CODED,NOT CODED,NONE,NOT CODED,NOT CODED,"39 OTHER FIXED OBJECT (WALL, BUIL",77 OTHER (SEE NARRATIVE),01 STRAIGHT AHEAD,NO CONTRIBUTING ACTION,NOT CODED,00 NOT CODED,00 NOT CODED,00 NOT CODED,00 NOT CODED,01 NO,0,0,0,0,1,0,1,1,N,N,N,N,Y,N,N,N,N,N,N,N,N,N,N,N,N,N,N,N,N,N,N,N,N,N,28.094468014,-82.544037942,348308.603776,3108629.840933,R,,ARBM15Q1R2,"January 7, 2023",3289652,-9188760.653688906,3260889.9309122963
2021899702240,2021,899702240,2021-132869,COUNTY SHERIFF'S OFFICE,07 SEVENTH,HILLSBOROUGH,"March 25, 2021",1048,FRIDAY,1050 TAMPA,0350,Y,FLORIDA AVE N,GLADYS ST E,0.015,N,27.968984,-82.460951,27.9688864,-82.4594319,10020000,1.467,01123,SR 685,USB 41,L LEFT,S SIDE OF ROAD,N NORTH,40 URBAN ONE WAY,05 LOCAL,18 THROUGH ROADWAY,10 ROADSIDE,01 NOT AT INTERSECTION,03 CURB,41,"February 14, 2021",16 URBAN MINOR ART,30,RAISED CURB,5,RAISED CURB,0,,0,,14500,RCI,3.6,,40,2 POSSIBLE INJURY,31 Q/C COMPLETED - LOC VERIFIED,0 NO,01 NOT AT INTERSECTION/RRX/BRIDGE,01 DAYLIGHT,01 CLEAR,01 DRY,01 LEVEL,1 STRAIGHT,ONE-WAY TRAFFICWAY,,NO CONTROLS,NOT CODED,3,NONE,NOT CODED,NOT CODED,NONE,NOT CODED,NOT CODED,"36 OTHER POST, POLE, OR SUPPORT",00 NOT CODED,01 STRAIGHT AHEAD,NO CONTRIBUTING ACTION,NOT CODED,00 NOT CODED,00 NOT CODED,00 NOT CODED,00 NOT CODED,01 NO,1,0,0,0,1,0,1,1,N,N,N,N,N,N,N,N,N,N,N,N,N,N,N,N,N,N,N,N,N,N,N,N,N,N,27.969014203,-82.459429301,356455.446226,3094627.444829,O,,ARBM15Q1R2,"January 7, 2023",3289676,-9179342.05976393,3245068.4034885434
2021899731790,2021,899731790,2021-228568,COUNTY SHERIFF'S OFFICE,07 SEVENTH,HILLSBOROUGH,"May 25, 2021",1905,WEDNESDAY,1050 TAMPA,0350,Y,COURTNEY CAMPBELL CSWY,ROCKY POINT DR,0.256,E,27.967509,-82.563851,27.9673797,-82.5638683,10140000,5.268,03207,SR 60,,R RIGHT,1 THRU LANE 1,E EAST,34 SUBURBAN 6+LN 2WY DIVD PAVD,05 LOCAL,18 THROUGH ROADWAY,01 ON ROADWAY,01 NOT AT INTERSECTION,02 UNPAVED,36,"February 17, 2020",14 URBAN PRIN ART OTHER,36,PAVED,4,LAWN,8,,0,15,69000,RCI,5.2,,50,4 INCAPACITATING INJURY,31 Q/C COMPLETED - LOC VERIFIED,0 NO,01 NOT AT INTERSECTION/RRX/BRIDGE,01 DAYLIGHT,01 CLEAR,01 DRY,01 LEVEL,1 STRAIGHT,"TWO-WAY, DIVIDED, POSITIVE MED","TWO-WAY, DIVIDED, POSITIVE MED",NO CONTROLS,NO CONTROLS,6,NONE,NOT CODED,NOT CODED,NONE,NOT CODED,NOT CODED,14 MOTOR VEHICLE IN TRANSPORT,"04 SIDESWIPE, SAME DIRECTION",06 CHANGING LANES,OPERATED MV IN CARLESS OR NEGL,NO CONTRIBUTING ACTION,00 NOT CODED,00 NOT CODED,00 NOT CODED,00 NOT CODED,01 NO,1,0,1,0,3,0,3,5,N,N,N,N,Y,N,N,N,N,N,N,N,N,N,N,Y,N,N,N,N,N,N,N,N,N,N,27.967363319,-82.563959728,346170.450729,3094571.797509,R,,ARBM15Q1R2,"January 7, 2023",3289691,-9190978.336992022,3244860.3258795133
2021899736000,2021,899736000,2021-242452,COUNTY SHERIFF'S OFFICE,07 SEVENTH,HILLSBOROUGH,"June 3, 2021",1608,FRIDAY,1050 TAMPA,0350,Y,40TH ST N,COLUMBUS DR,0,,27.966697,-82.414036,27.9667512,-82.4140607,10005000,0.824,02270,SR 569,,R RIGHT,1 THRU LANE 1,E EAST,30 URBAN 6+LN 2WY DIVD RASD,05 LOCAL,02 INTERSECTION,01 ON ROADWAY,02 FOUR-WAY INTERSECTION,03 CURB,43,"October 1, 2019",16 URBAN MINOR ART,22,PAVED,4,CURB&GUTTER,2,,0,18,23700,RCI,11.3,,40,1 NO INJURY,31 Q/C COMPLETED - LOC VERIFIED,0 NO,02 AT INTERSECTION,01 DAYLIGHT,01 CLEAR,01 DRY,01 LEVEL,1 STRAIGHT,"TWO-WAY, DIVIDED, POSITIVE MED","TWO-WAY, DIVIDED, POSITIVE MED",NO CONTROLS,NO CONTROLS,5,NONE,NOT CODED,NOT CODED,NONE,NOT CODED,NOT CODED,14 MOTOR VEHICLE IN TRANSPORT,03 ANGLE,03 TURNING LEFT,FAILED TO YIELD RIGHT-OF-WAY,NO CONTRIBUTING ACTION,00 NOT CODED,00 NOT CODED,00 NOT CODED,00 NOT CODED,01 NO,0,0,0,0,2,0,2,3,N,N,N,Y,N,N,N,N,N,N,N,N,N,N,N,N,N,N,N,N,N,N,N,N,N,N,27.966740796,-82.41405661,360915.754888,3094323.065119,R,,ARBM15Q1R2,"January 7, 2023",3289692,-9174291.193336386,3244781.864297437
2021899736080,2021,899736080,2021-242676,COUNTY SHERIFF'S OFFICE,07 SEVENTH,HILLSBOROUGH,"June 3, 2021",2016,FRIDAY,1050 TAMPA,0350,Y,FOWLER AVE E,15TH ST,0.035,W,28.054518,-82.443445,28.054425,-82.4434314,10290000,0.978,00818,SR 582,,M MEDIAN,M MIDDLE,E EAST,30 URBAN 6+LN 2WY DIVD RASD,05 LOCAL,18 THROUGH ROADWAY,02 OFF ROADWAY,01 NOT AT INTERSECTION,03 CURB,36,"February 14, 2021",14 URBAN PRIN ART OTHER,44,PAVED,7,CURB&GUTTER,2,,0,28,51521,RCI,2.5,,45,1 NO INJURY,31 Q/C COMPLETED - LOC VERIFIED,0 NO,01 NOT AT INTERSECTION/RRX/BRIDGE,04 DARK-LIGHTED,03 RAIN,02 WET,01 LEVEL,1 STRAIGHT,"TWO-WAY, DIVIDED, POSITIVE MED",,NO CONTROLS,NOT CODED,8,"RD SURFC (WET, ICY, SNOW, ETC)",NOT CODED,NOT CODED,NONE,NOT CODED,NOT CODED,"36 OTHER POST, POLE, OR SUPPORT",00 NOT CODED,01 STRAIGHT AHEAD,NO CONTRIBUTING ACTION,NOT CODED,00 NOT CODED,00 NOT CODED,00 NOT CODED,00 NOT CODED,01 NO,0,0,0,0,1,0,1,1,N,N,N,N,N,N,N,N,N,N,N,N,N,N,N,N,N,N,N,N,N,N,N,N,N,N,28.054384801,-82.443418539,358142.335304,3104067.373369,R,,ARBM15Q1R2,"January 7, 2023",3289693,-9177559.749652838,3255832.856505715
2021895879440,2021,895879440,FHP21ON0041121,FLORIDA HIGHWAY PATROL,07 SEVENTH,HILLSBOROUGH,"December 14, 2021",0927,WEDNESDAY,1050 TAMPA,0350,N,DALE MABRY HWY,LAMBRIGHT ST W,0,,28.00704,-82.50506,28.0071115,-82.5050091,10160000,0.785,01630,SR 580,,R RIGHT,3 THRU LANE 3,N NORTH,30 URBAN 6+LN 2WY DIVD RASD,03 STATE,02 INTERSECTION,01 ON ROADWAY,02 FOUR-WAY INTERSECTION,03 CURB,42,"February 17, 2020",14 URBAN PRIN ART OTHER,36,PAVED,4,CURB&GUTTER,2,,0,28,64000,RCI,2.6,,45,4 INCAPACITATING INJURY,31 Q/C COMPLETED - LOC VERIFIED,0 NO,02 AT INTERSECTION,01 DAYLIGHT,01 CLEAR,01 DRY,01 LEVEL,1 STRAIGHT,"TWO-WAY, DIVIDED, POSITIVE MED","TWO-WAY, DIVIDED, POSITIVE MED",TRAFFIC CONTROL SIGNAL,TRAFFIC CONTROL SIGNAL,6,NONE,NOT CODED,NOT CODED,NONE,NOT CODED,NOT CODED,14 MOTOR VEHICLE IN TRANSPORT,03 ANGLE,01 STRAIGHT AHEAD,OTHER CONTRIBUTING ACTION,OTHER CONTRIBUTING ACTION,00 NOT CODED,00 NOT CODED,00 NOT CODED,00 NOT CODED,01 NO,4,0,3,0,2,0,2,4,N,N,N,Y,N,N,N,N,N,N,N,N,N,N,N,N,N,N,N,N,N,N,N,N,N,N,28.007091001,-82.505056583,352019.145277,3098900.688259,C,,ARBM15Q1R2,"January 7, 2023",3289695,-9184421.267026022,3249868.4859351395
2021899714400,2021,899714400,2021-162866,COUNTY SHERIFF'S OFFICE,07 SEVENTH,HILLSBOROUGH,"April 13, 2021",0030,WEDNESDAY,1050 TAMPA,0350,Y,FOWLER AVE E,US 41,0.07,W,28.054788,-82.452457,28.05454,-82.4523152,10290000,0.435,00813,SR 582,,L LEFT,S SIDE OF ROAD,W WEST,30 URBAN 6+LN 2WY DIVD RASD,09 PARKING LOT,04 DRIVEWAY/ALLEY ACCESS RELATED,02 OFF ROADWAY,01 NOT AT INTERSECTION,03 CURB,38,"February 14, 2021",14 URBAN PRIN ART OTHER,44,CURB&GUTTER,2,,0,,0,38,54000,RCI,2.9,,40,0 UNKNOWN/NOT CODED,31 Q/C COMPLETED - LOC VERIFIED,0 NO,04 DRIVEWAY ACCESS,04 DARK-LIGHTED,01 CLEAR,01 DRY,01 LEVEL,1 STRAIGHT,"TWO-WAY, NOT DIVIDED",,NO CONTROLS,NOT CODED,6,NONE,NOT CODED,NOT CODED,NONE,NOT CODED,NOT CODED,37 FENCE,00 NOT CODED,88 UNKNOWN,NOT CODED,NOT CODED,00 NOT CODED,00 NOT CODED,00 NOT CODED,00 NOT CODED,01 NO,0,0,0,0,0,0,1,0,N,N,N,N,N,N,N,N,N,N,N,N,N,N,N,N,N,N,N,N,N,N,N,N,N,N,28.054582761,-82.45230129,357269.504686,3104099.685147,C,,ARBM15Q1R2,"January 7, 2023",3289723,-9178548.573205475,3255857.8271953915