Crash Id,Calendar Year,FDOT Crash Number,Reporting Agency Case Number,Reporting Agency Type,FDOT Managing District,County Name,Crash Date,Crash Time,Day,DHSMV City,Crash Report City Code,In Town,On Roadway Name,Int Roadway Name,Reference Distance (Miles),Reference Direction,Officer Latitude,Officer Longitude,FDOT Latitude,FDOT Longitude,FDOT Roadway,Nearest Inventory MP,Nearest Node From Crash,State Road #,US Highway,Crash Side of Road,Accident Lane Number,Travel Direction Vehicle 1,FDOT Road Category,DHSMV Road System Id,Relation to Junction,Crash Harmful Event Location,Intersection Type,Shoulder Type,FDOT Roadway SKID Test Result,FDOT Roadway SKID Test Date,Functional Class,RCI Surface Width,RCI Shoulder Type First,RCI Shoulder Width First,RCI Shoulder Type Second,RCI Shoulder Width Second,RCI Shoulder Type Third,RCI Shoulder Width Third,RCI Median Width,Avg Daily Traffic,AADT Source,RCI Avg Per Truck Traffic,RCI Horiz Curve Condition,Posted Speed Limit,Highest Injury in Crash,CAR Status Code,Alcohols/Drug Involved,Site Location,Lighting,Weather,Road Surface,Roadway Grade,Roadway Alignment,Traffic Way Vehicle 1,Traffic Way Vehicle 2,Traffic Control Vehicle 1,Traffic Control Vehicle 2,Count of Lanes,Road Condition 1,Road Condition 2,Road Condition 3,Environment Condition 1,Environment Condition 2,Environment Condition 3,Crash Harmful Event,Manner of Collision,Vehicle Movement,Driver Action Vehicle 1,Driver Action Vehicle 2,Location Within Workzone,Type of Workzone,Workers Present in Workzone,Law Enforcement Present in Workzone,School Bus Related,Count of Nonfatal Injuries,Count of Traffic Fatalities,Count of Serious Injuries,Count of Pedestrians,Count of Drivers,Count of Bicyclists,Count of Vehicles,Count of Persons,Wrong Way,Workzone Inv,Commercial Vehicle Inv,Intersection Inv,Lane Departure,Speeding,Agressive Driving,Impaired Driver,Impaired Pedestrian,Impaired Bicyclist,Distracted Driver,Speeding or Aggressive Driving,Pedestrian Related,Bicyclist Related,Pedestrian or Bicyclist Related,Motorcycle Inv,No Belt,No Belt - Ages 1-4,No Belt - Ages 5-12,No Belt - Ages 13-17,Driver - Ages Teen,Driver - Ages 65 plus,Driver - Ages 65-69,Driver - Ages 70-74,Driver - Ages 75-79,Driver - Ages 80 plus,ARBM Latitude,ARBM Longitude,UTM Zone 17N X,UTM Zone 17N Y,ARBM Side of Road,Urban Rural Indicator,GIS Street Source,Extract Date,OBJECTID,x,y
2021899700910,2021,899700910,2021-128464,COUNTY SHERIFF'S OFFICE,07 SEVENTH,HILLSBOROUGH,"March 22, 2021",1500,TUESDAY,1050 TAMPA,0350,Y,GANDY BLVD W,TRASK ST,0,,27.893284,-82.522752,27.8932684,-82.5226864,10130000,3.997,01548,SR 600,US 92,R RIGHT,2 THRU LANE 2,S SOUTH,20 URBAN 4-5LN 2WY DIVD RASD,05 LOCAL,02 INTERSECTION,01 ON ROADWAY,02 FOUR-WAY INTERSECTION,03 CURB,38,"September 13, 2015",14 URBAN PRIN ART OTHER,20,CURB&GUTTER,2,,0,,0,35,37000,RCI,4.9,,45,3 NO-INCAPACITATING INJURY,31 Q/C COMPLETED - LOC VERIFIED,0 NO,02 AT INTERSECTION,01 DAYLIGHT,01 CLEAR,01 DRY,01 LEVEL,1 STRAIGHT,"TWO-WAY, NOT DIVIDED","TWO-WAY, DIVIDED, POSITIVE MED",NO CONTROLS,NO CONTROLS,4,NONE,NOT CODED,NOT CODED,NONE,NOT CODED,NOT CODED,14 MOTOR VEHICLE IN TRANSPORT,03 ANGLE,03 TURNING LEFT,FAILED TO YIELD RIGHT-OF-WAY,NO CONTRIBUTING ACTION,00 NOT CODED,00 NOT CODED,00 NOT CODED,00 NOT CODED,01 NO,2,0,0,0,3,0,3,3,N,N,N,Y,N,N,N,N,N,N,N,N,N,N,N,N,N,N,N,N,N,Y,Y,N,N,N,27.893264686,-82.522696894,350127.3474,3086310.668597,R,,ARBM15Q1R2,"January 7, 2023",3289724,-9186384.977627197,3235524.2106202813
2021899676790,2021,899676790,2021-47535,COUNTY SHERIFF'S OFFICE,07 SEVENTH,HILLSBOROUGH,"January 31, 2021",0800,MONDAY,1050 TAMPA,0350,Y,COLUMBUS DR W,DALE MABRY,0.038,W,27.967001,-82.507261,27.9667184,-82.5061203,10140000,9.333,01274,SR 616,,L LEFT,S SIDE OF ROAD,W WEST,30 URBAN 6+LN 2WY DIVD RASD,05 LOCAL,01 NON-JUNCTION,02 OFF ROADWAY,01 NOT AT INTERSECTION,03 CURB,45,"February 17, 2020",16 URBAN MINOR ART,36,CURB&GUTTER,2,CURB&GUTTER,2,,0,24,38500,RCI,2.6,,45,1 NO INJURY,31 Q/C COMPLETED - LOC VERIFIED,0 NO,01 NOT AT INTERSECTION/RRX/BRIDGE,03 DAWN,01 CLEAR,02 WET,01 LEVEL,1 STRAIGHT,"TWO-WAY, DIVIDED, POSITIVE MED",,NO CONTROLS,NOT CODED,7,NONE,NOT CODED,NOT CODED,NONE,NOT CODED,NOT CODED,18 OTHER NON-FIXED OBJECT,00 NOT CODED,01 STRAIGHT AHEAD,OTHER CONTRIBUTING ACTION,NOT CODED,00 NOT CODED,00 NOT CODED,00 NOT CODED,00 NOT CODED,01 NO,0,0,0,0,1,0,1,1,N,N,N,N,N,N,N,N,N,N,N,N,N,N,N,N,N,N,N,N,N,N,N,N,N,N,27.966874825,-82.506108402,351860.736909,3094446.153827,L,,ARBM15Q1R2,"January 7, 2023",3289754,-9184538.35490163,3244798.756778379
2021899722020,2021,899722020,2021-195896,COUNTY SHERIFF'S OFFICE,07 SEVENTH,HILLSBOROUGH,"May 4, 2021",1530,WEDNESDAY,1050 TAMPA,0350,Y,I 75,BRUCE B DOWNS BLVD,0.095,S,28.116423,-82.372267,28.1209306,-82.3736694,10075000,36.084,06191,SR 93A,I 75,R RIGHT,S SIDE OF ROAD,S SOUTH,01 INTERSTATE URBAN,09 PARKING LOT,01 NON-JUNCTION,04 MEDIAN,01 NOT AT INTERSECTION,02 UNPAVED,39,"March 17, 2020",11 URBAN PRIN ART INT.,36,PAVED WARN,8,VALLEY GUTR,4,,0,67,114000,RCI,10.5,,70,1 NO INJURY,31 Q/C COMPLETED - LOC VERIFIED,0 NO,01 NOT AT INTERSECTION/RRX/BRIDGE,01 DAYLIGHT,01 CLEAR,01 DRY,04 DOWNHILL,1 STRAIGHT,"TWO-WAY, DIVIDED, POSITIVE MED",,NO CONTROLS,NOT CODED,6,NONE,NOT CODED,NOT CODED,NONE,NOT CODED,NOT CODED,27 GUARDRAIL FACE,00 NOT CODED,01 STRAIGHT AHEAD,NO CONTRIBUTING ACTION,NOT CODED,00 NOT CODED,00 NOT CODED,00 NOT CODED,00 NOT CODED,01 NO,0,0,0,0,1,0,1,2,N,N,N,N,Y,N,N,N,N,N,N,N,N,N,N,N,N,N,N,N,N,N,N,N,N,N,28.120930614,-82.373665155,365081.62251,3111360.99067,R,,ARBM15Q1R2,"January 7, 2023",3289893,-9169794.83642597,3264229.60473676
2021899722090,2021,899722090,2021-197065,COUNTY SHERIFF'S OFFICE,07 SEVENTH,HILLSBOROUGH,"May 5, 2021",0834,THURSDAY,1050 TAMPA,0350,Y,KENNEDY BLVD W,FREEMONT AVE N,0,,27.944648,-82.478874,27.9447097,-82.4789458,10080000,1.988,01298,SR 60,,L LEFT,2 THRU LANE 2,W WEST,21 URBAN 4-5LN 2WY DIVD PAVD,05 LOCAL,18 THROUGH ROADWAY,01 ON ROADWAY,02 FOUR-WAY INTERSECTION,03 CURB,36,"October 1, 2019",14 URBAN PRIN ART OTHER,22,RAISED CURB,0,,0,,0,11,31500,RCI,2.5,,35,2 POSSIBLE INJURY,31 Q/C COMPLETED - LOC VERIFIED,0 NO,02 AT INTERSECTION,01 DAYLIGHT,01 CLEAR,01 DRY,01 LEVEL,1 STRAIGHT,"TWO-WAY, NOT DIVIDED","TWO-WAY, NOT DIVIDED",NO CONTROLS,NO CONTROLS,4,NONE,NOT CODED,NOT CODED,NONE,NOT CODED,NOT CODED,14 MOTOR VEHICLE IN TRANSPORT,"04 SIDESWIPE, SAME DIRECTION",16 LEAVING TRAFFIC LANE,OPERATED MV IN CARLESS OR NEGL,NO CONTRIBUTING ACTION,00 NOT CODED,00 NOT CODED,00 NOT CODED,00 NOT CODED,01 NO,2,0,0,0,2,0,2,4,N,N,N,Y,N,N,N,N,N,N,N,N,N,N,N,N,N,N,N,N,N,N,N,N,N,N,27.944724829,-82.479017987,354495.954584,3091959.476093,C,,ARBM15Q1R2,"January 7, 2023",3289894,-9181522.662732607,3242007.2925580787
2021899731850,2021,899731850,2021-228883,COUNTY SHERIFF'S OFFICE,07 SEVENTH,HILLSBOROUGH,"May 26, 2021",2252,THURSDAY,1050 TAMPA,0350,Y,NEBRASKA AVE N,ANNIE ST E,0.021,S,28.036054,-82.451356,28.0360755,-82.4511734,10040000,5.92,01033,SR 45,US 41,R RIGHT,L LEFT TURN,S SOUTH,20 URBAN 4-5LN 2WY DIVD RASD,05 LOCAL,01 NON-JUNCTION,01 ON ROADWAY,01 NOT AT INTERSECTION,03 CURB,35,"October 2, 2019",14 URBAN PRIN ART OTHER,24,CURB&GUTTER,2,,0,,0,20,22000,RCI,4.9,,45,4 INCAPACITATING INJURY,31 Q/C COMPLETED - LOC VERIFIED,0 NO,03 INFLUENCED BY INTERSECTION,04 DARK-LIGHTED,01 CLEAR,01 DRY,01 LEVEL,1 STRAIGHT,"TWO-WAY, NOT DIVIDED","TWO-WAY, DIVIDED, UNPROTECTED",NO CONTROLS,NO CONTROLS,4,NONE,NOT CODED,NOT CODED,NONE,NOT CODED,NOT CODED,14 MOTOR VEHICLE IN TRANSPORT,"05 SIDESWIPE, OPPOSITE DIRECTION",16 LEAVING TRAFFIC LANE,WRONG SIDE OF WRONG WAY,NO CONTRIBUTING ACTION,00 NOT CODED,00 NOT CODED,00 NOT CODED,00 NOT CODED,01 NO,1,0,1,0,2,0,2,2,Y,N,N,Y,N,N,N,N,N,N,N,N,N,N,N,N,N,N,N,N,N,Y,Y,N,N,N,28.036106466,-82.451220145,357351.387492,3102051.322216,C,,ARBM15Q1R2,"January 7, 2023",3289895,-9178428.220635053,3253527.40708777
2021899715780,2021,899715780,2021-176052,COUNTY SHERIFF'S OFFICE,07 SEVENTH,HILLSBOROUGH,"April 21, 2021",1500,THURSDAY,1050 TAMPA,0350,Y,BUSCH BLVD E,BROOKS ST L,0,,28.032849,-82.44554,28.0327184,-82.4457009,10310000,3.672,00862,SR 580,,L LEFT,2 THRU LANE 2,E EAST,30 URBAN 6+LN 2WY DIVD RASD,05 LOCAL,03 INTERSECTION-RELATED,01 ON ROADWAY,02 FOUR-WAY INTERSECTION,03 CURB,35,"October 2, 2019",14 URBAN PRIN ART OTHER,36,CURB&GUTTER,2,,0,,0,16,45000,RCI,3.6,,40,2 POSSIBLE INJURY,31 Q/C COMPLETED - LOC VERIFIED,0 NO,02 AT INTERSECTION,01 DAYLIGHT,01 CLEAR,01 DRY,01 LEVEL,1 STRAIGHT,"TWO-WAY, NOT DIVIDED","TWO-WAY, NOT DIVIDED",NO CONTROLS,NO CONTROLS,6,NONE,NOT CODED,NOT CODED,NONE,NOT CODED,NOT CODED,14 MOTOR VEHICLE IN TRANSPORT,03 ANGLE,03 TURNING LEFT,FAILED TO YIELD RIGHT-OF-WAY,NO CONTRIBUTING ACTION,00 NOT CODED,00 NOT CODED,00 NOT CODED,00 NOT CODED,01 NO,1,0,0,0,2,0,2,3,N,N,N,Y,N,N,N,N,N,N,N,N,N,N,N,N,N,N,N,N,N,N,N,N,N,N,28.03277576,-82.445680487,357891.599647,3101675.822563,C,,ARBM15Q1R2,"January 7, 2023",3289896,-9177811.548501477,3253107.3469245434
2021245753170,2021,245753170,2021-335894,COUNTY SHERIFF'S OFFICE,07 SEVENTH,HILLSBOROUGH,"August 6, 2021",2230,SATURDAY,1050 TAMPA,0350,Y,BOY SCOUT BLVD W,MANHATTAN AVE N,0,,27.960922,-82.517948,27.9609114,-82.5179893,10140000,8.443,08510,SR 616,,R RIGHT,1 THRU LANE 1,N NORTH,33 SUBURBAN 6+LN 2WY DIVD RASD,05 LOCAL,02 INTERSECTION,01 ON ROADWAY,02 FOUR-WAY INTERSECTION,02 UNPAVED,45,"February 17, 2020",16 URBAN MINOR ART,36,PAVED,5,LAWN,12,,0,40,38500,RCI,2.6,3D00,50,4 INCAPACITATING INJURY,31 Q/C COMPLETED - LOC VERIFIED,0 NO,02 AT INTERSECTION,04 DARK-LIGHTED,01 CLEAR,01 DRY,01 LEVEL,1 STRAIGHT,"TWO-WAY, NOT DIVIDED","TWO-WAY, DIVIDED, POSITIVE MED",STOP SIGN,NO CONTROLS,6,NONE,NOT CODED,NOT CODED,NONE,NOT CODED,NOT CODED,14 MOTOR VEHICLE IN TRANSPORT,03 ANGLE,03 TURNING LEFT,FAILED TO YIELD RIGHT-OF-WAY,NO CONTRIBUTING ACTION,00 NOT CODED,00 NOT CODED,00 NOT CODED,00 NOT CODED,01 NO,3,0,2,0,2,0,2,3,N,N,N,Y,N,N,N,N,N,N,N,N,N,N,N,N,N,N,N,N,N,N,N,N,N,N,27.960873847,-82.517989797,350683.679339,3093795.735006,R,,ARBM15Q1R2,"January 7, 2023",3290091,-9185860.986223672,3244042.423946863
2021245753190,2021,245753190,2021-335670,COUNTY SHERIFF'S OFFICE,07 SEVENTH,HILLSBOROUGH,"August 6, 2021",1942,SATURDAY,1050 TAMPA,0350,Y,TAMPA ST N,KENNEDY BLVD,0,,27.947403,-82.458779,27.9474048,-82.4587803,10020101,3.189,01339,SR 685,USB 41,R RIGHT,2 THRU LANE 2,S SOUTH,40 URBAN ONE WAY,05 LOCAL,18 THROUGH ROADWAY,01 ON ROADWAY,02 FOUR-WAY INTERSECTION,03 CURB,41,"February 14, 2021",16 URBAN MINOR ART,33,PAVED,8,RAISED CURB,0,,0,,19000,RCI,3.6,,30,2 POSSIBLE INJURY,31 Q/C COMPLETED - LOC VERIFIED,0 NO,02 AT INTERSECTION,01 DAYLIGHT,01 CLEAR,01 DRY,01 LEVEL,1 STRAIGHT,ONE-WAY TRAFFICWAY,ONE-WAY TRAFFICWAY,TRAFFIC CONTROL SIGNAL,TRAFFIC CONTROL SIGNAL,3,NONE,NOT CODED,NOT CODED,NONE,NOT CODED,NOT CODED,14 MOTOR VEHICLE IN TRANSPORT,03 ANGLE,01 STRAIGHT AHEAD,RAN RED LIGHT,NO CONTRIBUTING ACTION,00 NOT CODED,00 NOT CODED,00 NOT CODED,00 NOT CODED,01 NO,1,0,0,0,2,0,2,3,N,N,N,Y,N,N,N,N,N,N,N,N,N,N,N,N,N,N,N,N,N,N,N,N,N,N,27.947411607,-82.458789649,356489.791898,3092233.239632,O,,ARBM15Q1R2,"January 7, 2023",3290092,-9179270.853792809,3242345.864606572
2021245818380,2021,245818380,2021-528497,COUNTY SHERIFF'S OFFICE,07 SEVENTH,HILLSBOROUGH,"December 19, 2021",1811,MONDAY,1050 TAMPA,0350,Y,J F K BLVD W,LOIS AVE N,0,,27.944879,-82.514002,27.9447673,-82.5140639,10270000,2.234,01257,SR 60,,L LEFT,1 THRU LANE 1,E EAST,30 URBAN 6+LN 2WY DIVD RASD,05 LOCAL,02 INTERSECTION,01 ON ROADWAY,02 FOUR-WAY INTERSECTION,03 CURB,39,"May 19, 2020",14 URBAN PRIN ART OTHER,33,CURB&GUTTER,2,,0,,0,19,37000,RCI,2.8,,40,4 INCAPACITATING INJURY,31 Q/C COMPLETED - LOC VERIFIED,0 NO,02 AT INTERSECTION,04 DARK-LIGHTED,03 RAIN,02 WET,01 LEVEL,1 STRAIGHT,"TWO-WAY, DIVIDED, POSITIVE MED","TWO-WAY, DIVIDED, POSITIVE MED",TRAFFIC CONTROL SIGNAL,TRAFFIC CONTROL SIGNAL,6,NONE,NOT CODED,NOT CODED,NONE,NOT CODED,NOT CODED,14 MOTOR VEHICLE IN TRANSPORT,03 ANGLE,03 TURNING LEFT,FAILED TO YIELD RIGHT-OF-WAY,NO CONTRIBUTING ACTION,00 NOT CODED,00 NOT CODED,00 NOT CODED,00 NOT CODED,01 NO,2,0,1,0,2,0,2,3,N,N,N,Y,N,N,N,N,N,N,N,N,N,N,N,N,N,N,N,N,N,N,N,N,N,N,27.94489483,-82.514029647,351051.33442,3092020.486212,L,,ARBM15Q1R2,"January 7, 2023",3290095,-9185420.144085005,3242028.7146577695
2021245818440,2021,245818440,2021-526279,COUNTY SHERIFF'S OFFICE,07 SEVENTH,HILLSBOROUGH,"December 18, 2021",0048,SUNDAY,1050 TAMPA,0350,Y,HILLSBOROUGH AVE E,22ND ST N,0.009,W,27.995977,-82.434884,27.9960223,-82.4348934,10030000,0.993,01756,SR 600,US 41,R RIGHT,S SIDE OF ROAD,S SOUTH,30 URBAN 6+LN 2WY DIVD RASD,05 LOCAL,01 NON-JUNCTION,01 ON ROADWAY,01 NOT AT INTERSECTION,01 PAVED,42,"February 15, 2021",14 URBAN PRIN ART OTHER,33,CURB&GUTTER,2,,0,,0,14,41000,RCI,3.8,,40,1 NO INJURY,31 Q/C COMPLETED - LOC VERIFIED,0 NO,03 INFLUENCED BY INTERSECTION,04 DARK-LIGHTED,03 RAIN,02 WET,01 LEVEL,1 STRAIGHT,"TWO-WAY, DIVIDED, UNPROTECTED",,TRAFFIC CONTROL SIGNAL,NOT CODED,6,"RD SURFC (WET, ICY, SNOW, ETC)",NOT CODED,NOT CODED,WEATHER CONDITIONS,NOT CODED,NOT CODED,"39 OTHER FIXED OBJECT (WALL, BUIL",00 NOT CODED,01 STRAIGHT AHEAD,DROVE TOO FAST FOR CONDITIONS,NOT CODED,00 NOT CODED,00 NOT CODED,00 NOT CODED,00 NOT CODED,01 NO,0,0,0,0,1,0,1,1,N,N,N,Y,N,Y,N,N,N,N,N,Y,N,N,N,N,N,N,N,N,N,N,N,N,N,N,27.99608268,-82.434896734,358903.921814,3097597.888651,C,,ARBM15Q1R2,"January 7, 2023",3290096,-9176611.10614617,3248480.5679552006
2021245746530,2021,245746530,2021-314623,COUNTY SHERIFF'S OFFICE,07 SEVENTH,HILLSBOROUGH,"July 23, 2021",0515,SATURDAY,1050 TAMPA,0350,Y,SR 60,I 275,0.16,N,27.952647,-82.534971,27.9497602,-82.5328226,10270003,0.347,06525,SR 60,,L LEFT,S SIDE OF ROAD,E EAST,34 SUBURBAN 6+LN 2WY DIVD PAVD,02 U.S.,01 NON-JUNCTION,01 ON ROADWAY,01 NOT AT INTERSECTION,01 PAVED,36,"April 4, 2021",14 URBAN PRIN ART OTHER,36,PAVED,11,,0,,0,14,132000,RCI,8.3,,50,1 NO INJURY,31 Q/C COMPLETED - LOC VERIFIED,0 NO,01 NOT AT INTERSECTION/RRX/BRIDGE,04 DARK-LIGHTED,01 CLEAR,01 DRY,01 LEVEL,1 STRAIGHT,ONE-WAY TRAFFICWAY,,NO CONTROLS,NOT CODED,7,NONE,NOT CODED,NOT CODED,NONE,NOT CODED,NOT CODED,27 GUARDRAIL FACE,00 NOT CODED,01 STRAIGHT AHEAD,OTHER CONTRIBUTING ACTION,NOT CODED,00 NOT CODED,00 NOT CODED,00 NOT CODED,00 NOT CODED,01 NO,0,0,0,0,1,0,1,2,N,N,N,N,Y,N,N,N,N,N,N,N,N,N,N,N,N,N,N,N,N,N,N,N,N,N,27.949672227,-82.532983975,349193.016417,3092573.050312,L,,ARBM15Q1R2,"January 7, 2023",3290097,-9187530.130829465,3242630.7410797253
2021899691790,2021,899691790,2021-99195,COUNTY SHERIFF'S OFFICE,07 SEVENTH,HILLSBOROUGH,"March 3, 2021",1323,THURSDAY,1050 TAMPA,0350,Y,SR 574,DALE MABRY HWY,0.094,E,27.981597,-82.503805,27.9814242,-82.5038315,10340000,0.094,00345,SR 574,,L LEFT,S SIDE OF ROAD,W WEST,30 URBAN 6+LN 2WY DIVD RASD,05 LOCAL,01 NON-JUNCTION,10 ROADSIDE,01 NOT AT INTERSECTION,03 CURB,36,"February 15, 2021",14 URBAN PRIN ART OTHER,36,CURB&GUTTER,2,,0,,0,15,23500,RCI,3.6,,35,5 FATAL(WITHIN 30 DAYS) INJURY,31 Q/C COMPLETED - LOC VERIFIED,0 NO,01 NOT AT INTERSECTION/RRX/BRIDGE,01 DAYLIGHT,01 CLEAR,01 DRY,01 LEVEL,1 STRAIGHT,"TWO-WAY, DIVIDED, POSITIVE MED",,NO CONTROLS,NOT CODED,6,NONE,NOT CODED,NOT CODED,NONE,NOT CODED,NOT CODED,33 UTILITY POLE/LIGHT SUPPORT,00 NOT CODED,01 STRAIGHT AHEAD,RAN OFF ROADWAY,NOT CODED,00 NOT CODED,00 NOT CODED,00 NOT CODED,00 NOT CODED,01 NO,0,1,0,0,1,0,1,1,N,N,N,N,Y,N,N,N,N,N,N,N,N,N,N,N,Y,N,N,N,N,N,N,N,N,N,27.981475714,-82.503836069,352104.191734,3096061.123133,C,,ARBM15Q1R2,"January 7, 2023",3290186,-9184285.400035016,3246639.1545118405
2021899677790,2021,899677790,2021-50360,COUNTY SHERIFF'S OFFICE,07 SEVENTH,HILLSBOROUGH,"February 2, 2021",1417,WEDNESDAY,1050 TAMPA,0350,Y,50TH ST N,7TH AVE,0.085,S,27.960638,-82.401921,27.9605184,-82.4017252,10060000,26.141,02477,SR 599,US 41,L LEFT,2 THRU LANE 2,S SOUTH,30 URBAN 6+LN 2WY DIVD RASD,05 LOCAL,18 THROUGH ROADWAY,01 ON ROADWAY,01 NOT AT INTERSECTION,03 CURB,35,"October 1, 2019",14 URBAN PRIN ART OTHER,36,CURB&GUTTER,2,,0,,0,16,36500,RCI,11.7,,40,1 NO INJURY,31 Q/C COMPLETED - LOC VERIFIED,0 NO,01 NOT AT INTERSECTION/RRX/BRIDGE,01 DAYLIGHT,01 CLEAR,01 DRY,01 LEVEL,1 STRAIGHT,"TWO-WAY, DIVIDED, POSITIVE MED","TWO-WAY, DIVIDED, POSITIVE MED",NO CONTROLS,NO CONTROLS,6,NONE,NOT CODED,NOT CODED,NONE,NOT CODED,NOT CODED,14 MOTOR VEHICLE IN TRANSPORT,01 FRONT TO REAR,01 STRAIGHT AHEAD,OPERATED MV IN CARLESS OR NEGL,NO CONTRIBUTING ACTION,00 NOT CODED,00 NOT CODED,00 NOT CODED,00 NOT CODED,01 NO,0,0,0,0,2,0,2,2,N,N,Y,N,N,N,N,N,N,N,N,N,N,N,N,N,N,N,N,N,N,N,N,N,N,N,27.960528908,-82.401777082,362115.788119,3093620.907366,C,,ARBM15Q1R2,"January 7, 2023",3290187,-9172924.242170397,3243998.951337859
2021899713580,2021,899713580,2021-169311,COUNTY SHERIFF'S OFFICE,07 SEVENTH,HILLSBOROUGH,"April 17, 2021",0218,SUNDAY,1050 TAMPA,0350,Y,DALE MABRY HWY N,SOUTH AVE W,0.063,S,27.990432,-82.505504,27.9905552,-82.5052027,10130000,11.669,01622,SR 600,US 92,L LEFT,S SIDE OF ROAD,N NORTH,33 SUBURBAN 6+LN 2WY DIVD RASD,09 PARKING LOT,01 NON-JUNCTION,02 OFF ROADWAY,01 NOT AT INTERSECTION,02 UNPAVED,36,"February 15, 2021",14 URBAN PRIN ART OTHER,36,PAVED,6,LAWN,12,,0,17,61000,RCI,2.5,,45,1 NO INJURY,31 Q/C COMPLETED - LOC VERIFIED,0 NO,01 NOT AT INTERSECTION/RRX/BRIDGE,04 DARK-LIGHTED,01 CLEAR,01 DRY,01 LEVEL,1 STRAIGHT,"TWO-WAY, DIVIDED, POSITIVE MED","TWO-WAY, NOT DIVIDED",NO CONTROLS,NO CONTROLS,6,NONE,NOT CODED,NOT CODED,NONE,NOT CODED,NOT CODED,15 PARKED MOTOR VEHICLE,00 NOT CODED,01 STRAIGHT AHEAD,OPERATED MV IN CARLESS OR NEGL,NOT CODED,00 NOT CODED,00 NOT CODED,00 NOT CODED,00 NOT CODED,01 NO,0,0,0,0,1,0,2,1,N,N,N,N,N,N,N,N,N,N,N,N,N,N,N,N,N,N,N,N,N,N,N,N,N,N,27.99053687,-82.505243179,351978.170147,3097066.772633,C,,ARBM15Q1R2,"January 7, 2023",3290189,-9184442.038859837,3247781.411066788
2021899734170,2021,899734170,2021-236816,COUNTY SHERIFF'S OFFICE,07 SEVENTH,HILLSBOROUGH,"May 31, 2021",0037,TUESDAY,1050 TAMPA,0350,Y,SR 60,GEORGE J BEAN PKWY,0,,27.959196,-82.539208,27.9591254,-82.5390373,10270118,0.119,06634,SR 60,,R RIGHT,X RAMP,N NORTH,08 RAMP RURAL,05 LOCAL,01 NON-JUNCTION,10 ROADSIDE,01 NOT AT INTERSECTION,01 PAVED,0,"December 31, 2000",12 URBAN PRIN ART EXPR.,23,PAVED WARN,13,VALLEY GUTR,4,,0,,27500,RCI,8.9,,,5 FATAL(WITHIN 30 DAYS) INJURY,31 Q/C COMPLETED - LOC VERIFIED,1 ALC,07 ENTRANCE RAMP,04 DARK-LIGHTED,01 CLEAR,01 DRY,01 LEVEL,3 CURVE LEFT,ONE-WAY TRAFFICWAY,,NO CONTROLS,NOT CODED,2,NONE,NOT CODED,NOT CODED,NONE,NOT CODED,NOT CODED,27 GUARDRAIL FACE,00 NOT CODED,01 STRAIGHT AHEAD,OPERATED MV IN CARLESS OR NEGL,NOT CODED,00 NOT CODED,00 NOT CODED,00 NOT CODED,00 NOT CODED,01 NO,0,1,0,0,1,0,1,1,N,N,N,N,Y,N,N,Y,N,N,N,N,N,N,N,Y,N,N,N,N,N,N,N,N,N,N,27.959121143,-82.539041312,348610.232011,3093627.451532,O,,ARBM15Q1R2,"January 7, 2023",3290223,-9188204.430726862,3243821.52986816
2021899700990,2021,899700990,2021-129282,COUNTY SHERIFF'S OFFICE,07 SEVENTH,HILLSBOROUGH,"March 23, 2021",0250,WEDNESDAY,1050 TAMPA,0350,Y,FLORIDA AVE N,JANETTE AVE E *,0.028,N,27.973592,-82.459408,27.9739865,-82.4594203,10020000,1.818,01133,SR 685,USB 41,R RIGHT,S SIDE OF ROAD,N NORTH,40 URBAN ONE WAY,05 LOCAL,77 OTHER (SEE NARRATIVE),02 OFF ROADWAY,02 FOUR-WAY INTERSECTION,03 CURB,41,"February 14, 2021",16 URBAN MINOR ART,30,RAISED CURB,5,RAISED CURB,0,,0,,4700,RCI,4.1,,40,1 NO INJURY,31 Q/C COMPLETED - LOC VERIFIED,0 NO,01 NOT AT INTERSECTION/RRX/BRIDGE,04 DARK-LIGHTED,01 CLEAR,01 DRY,01 LEVEL,1 STRAIGHT,ONE-WAY TRAFFICWAY,,NO CONTROLS,NOT CODED,3,NONE,NOT CODED,NOT CODED,NONE,NOT CODED,NOT CODED,37 FENCE,00 NOT CODED,01 STRAIGHT AHEAD,RAN OFF ROADWAY,NOT CODED,00 NOT CODED,00 NOT CODED,00 NOT CODED,00 NOT CODED,01 NO,0,0,0,0,1,0,1,2,N,N,N,N,Y,N,N,N,N,N,N,N,N,N,N,N,N,N,N,N,Y,N,N,N,N,N,27.974146121,-82.459415506,356463.597692,3095196.019125,O,,ARBM15Q1R2,"January 7, 2023",3290237,-9179340.5240789,3245715.2505886285