Crash Id,Calendar Year,FDOT Crash Number,Reporting Agency Case Number,Reporting Agency Type,FDOT Managing District,County Name,Crash Date,Crash Time,Day,DHSMV City,Crash Report City Code,In Town,On Roadway Name,Int Roadway Name,Reference Distance (Miles),Reference Direction,Officer Latitude,Officer Longitude,FDOT Latitude,FDOT Longitude,FDOT Roadway,Nearest Inventory MP,Nearest Node From Crash,State Road #,US Highway,Crash Side of Road,Accident Lane Number,Travel Direction Vehicle 1,FDOT Road Category,DHSMV Road System Id,Relation to Junction,Crash Harmful Event Location,Intersection Type,Shoulder Type,FDOT Roadway SKID Test Result,FDOT Roadway SKID Test Date,Functional Class,RCI Surface Width,RCI Shoulder Type First,RCI Shoulder Width First,RCI Shoulder Type Second,RCI Shoulder Width Second,RCI Shoulder Type Third,RCI Shoulder Width Third,RCI Median Width,Avg Daily Traffic,AADT Source,RCI Avg Per Truck Traffic,RCI Horiz Curve Condition,Posted Speed Limit,Highest Injury in Crash,CAR Status Code,Alcohols/Drug Involved,Site Location,Lighting,Weather,Road Surface,Roadway Grade,Roadway Alignment,Traffic Way Vehicle 1,Traffic Way Vehicle 2,Traffic Control Vehicle 1,Traffic Control Vehicle 2,Count of Lanes,Road Condition 1,Road Condition 2,Road Condition 3,Environment Condition 1,Environment Condition 2,Environment Condition 3,Crash Harmful Event,Manner of Collision,Vehicle Movement,Driver Action Vehicle 1,Driver Action Vehicle 2,Location Within Workzone,Type of Workzone,Workers Present in Workzone,Law Enforcement Present in Workzone,School Bus Related,Count of Nonfatal Injuries,Count of Traffic Fatalities,Count of Serious Injuries,Count of Pedestrians,Count of Drivers,Count of Bicyclists,Count of Vehicles,Count of Persons,Wrong Way,Workzone Inv,Commercial Vehicle Inv,Intersection Inv,Lane Departure,Speeding,Agressive Driving,Impaired Driver,Impaired Pedestrian,Impaired Bicyclist,Distracted Driver,Speeding or Aggressive Driving,Pedestrian Related,Bicyclist Related,Pedestrian or Bicyclist Related,Motorcycle Inv,No Belt,No Belt - Ages 1-4,No Belt - Ages 5-12,No Belt - Ages 13-17,Driver - Ages Teen,Driver - Ages 65 plus,Driver - Ages 65-69,Driver - Ages 70-74,Driver - Ages 75-79,Driver - Ages 80 plus,ARBM Latitude,ARBM Longitude,UTM Zone 17N X,UTM Zone 17N Y,ARBM Side of Road,Urban Rural Indicator,GIS Street Source,Extract Date,OBJECTID,x,y
2021899688630,2021,899688630,2021-87275,COUNTY SHERIFF'S OFFICE,07 SEVENTH,HILLSBOROUGH,"February 18, 2021",1356,FRIDAY,1050 TAMPA,0350,Y,SR 618,EUCLID AVE,0.006,N,27.908724,-82.500961,27.9088013,-82.5008544,10002006,0.217,01866,SR 618,,L LEFT,X RAMP,S SOUTH,08 RAMP RURAL,05 LOCAL,14 ENTRANCE/EXIT RAMP,01 ON ROADWAY,04 Y-INTERSECTION,01 PAVED,0,"December 31, 2000",,17,PAVED,6,,0,,0,,4500,RCI,8.3,,,2 POSSIBLE INJURY,31 Q/C COMPLETED - LOC VERIFIED,0 NO,08 EXIT RAMP,01 DAYLIGHT,01 CLEAR,01 DRY,04 DOWNHILL,1 STRAIGHT,ONE-WAY TRAFFICWAY,ONE-WAY TRAFFICWAY,STOP SIGN,STOP SIGN,1,NONE,NOT CODED,NOT CODED,NONE,NOT CODED,NOT CODED,14 MOTOR VEHICLE IN TRANSPORT,01 FRONT TO REAR,01 STRAIGHT AHEAD,FOLLOWED TOO CLOSELY,NO CONTRIBUTING ACTION,00 NOT CODED,00 NOT CODED,00 NOT CODED,00 NOT CODED,01 NO,1,0,0,0,2,0,2,2,N,N,N,N,N,N,N,N,N,N,N,N,N,N,N,N,N,N,N,N,N,N,N,N,N,N,27.908788197,-82.500800103,352303.924223,3088003.983938,O,,ARBM15Q1R2,"January 7, 2023",3290238,-9183947.437424058,3237479.577707977
2021899699500,2021,899699500,2021-124368,COUNTY SHERIFF'S OFFICE,07 SEVENTH,HILLSBOROUGH,"March 19, 2021",2105,SATURDAY,1050 TAMPA,0350,Y,BUSCH BLVD W,OLA ST N,0.006,W,28.032936,-82.463677,28.0329489,-82.4638973,10310000,2.559,00058,SR 580,,R RIGHT,1 THRU LANE 1,E EAST,20 URBAN 4-5LN 2WY DIVD RASD,05 LOCAL,01 NON-JUNCTION,01 ON ROADWAY,01 NOT AT INTERSECTION,03 CURB,50,"November 19, 2019",14 URBAN PRIN ART OTHER,21,CURB&GUTTER,2,,0,,0,7,43000,RCI,5.1,,40,2 POSSIBLE INJURY,31 Q/C COMPLETED - LOC VERIFIED,0 NO,03 INFLUENCED BY INTERSECTION,04 DARK-LIGHTED,01 CLEAR,01 DRY,01 LEVEL,1 STRAIGHT,"TWO-WAY, DIVIDED, UNPROTECTED","TWO-WAY, DIVIDED, UNPROTECTED",NO CONTROLS,NO CONTROLS,4,NONE,NOT CODED,NOT CODED,NONE,NOT CODED,NOT CODED,14 MOTOR VEHICLE IN TRANSPORT,01 FRONT TO REAR,01 STRAIGHT AHEAD,OPERATED MV IN CARLESS OR NEGL,NO CONTRIBUTING ACTION,00 NOT CODED,00 NOT CODED,00 NOT CODED,00 NOT CODED,01 NO,2,0,0,0,2,0,2,2,N,N,N,Y,N,N,N,N,N,N,N,N,N,N,N,N,N,N,N,N,N,N,N,N,N,N,28.032946994,-82.463895764,356101.073068,3101716.168569,C,,ARBM15Q1R2,"January 7, 2023",3290258,-9179839.264457969,3253128.9422156736
2021899686700,2021,899686700,2021-79429,COUNTY SHERIFF'S OFFICE,07 SEVENTH,HILLSBOROUGH,"February 19, 2021",2001,SATURDAY,1050 TAMPA,0350,Y,HILLSBOROUGH AVE E,20TH ST N,0,,27.996017,-82.43693,27.996022,-82.4367913,10030000,0.877,01755,SR 600,US 41,R RIGHT,3 THRU LANE 3,N NORTH,30 URBAN 6+LN 2WY DIVD RASD,05 LOCAL,01 NON-JUNCTION,01 ON ROADWAY,01 NOT AT INTERSECTION,03 CURB,42,"February 15, 2021",14 URBAN PRIN ART OTHER,33,CURB&GUTTER,2,,0,,0,14,41000,RCI,3.8,,40,5 FATAL(WITHIN 30 DAYS) INJURY,31 Q/C COMPLETED - LOC VERIFIED,0 NO,03 INFLUENCED BY INTERSECTION,04 DARK-LIGHTED,01 CLEAR,01 DRY,01 LEVEL,1 STRAIGHT,"TWO-WAY, DIVIDED, POSITIVE MED","TWO-WAY, DIVIDED, POSITIVE MED",NO CONTROLS,NO CONTROLS,6,NONE,NOT CODED,NOT CODED,NONE,NOT CODED,NOT CODED,14 MOTOR VEHICLE IN TRANSPORT,03 ANGLE,17 ENTERING TRAFFIC LANE,FAILED TO YIELD RIGHT-OF-WAY,EXCEEDED POSTED SPEED,00 NOT CODED,00 NOT CODED,00 NOT CODED,00 NOT CODED,01 NO,3,1,0,0,2,0,2,4,N,N,N,Y,N,Y,N,N,N,N,N,Y,N,N,N,N,Y,N,N,N,N,N,N,N,N,N,27.996084815,-82.436792966,358717.442542,3097600.31936,C,,ARBM15Q1R2,"January 7, 2023",3290261,-9176822.193836598,3248480.837111084
2021899691210,2021,899691210,2021-80205,COUNTY SHERIFF'S OFFICE,07 SEVENTH,HILLSBOROUGH,"February 20, 2021",0325,SUNDAY,1050 TAMPA,0350,Y,SR 60,GEORGE J BEAN PKWY,0.167,S,27.95925,-82.539238,27.9589415,-82.5387612,10270118,0.098,06632,SR 60,,R RIGHT,X RAMP,W WEST,08 RAMP RURAL,03 STATE,01 NON-JUNCTION,02 OFF ROADWAY,01 NOT AT INTERSECTION,01 PAVED,0,"December 31, 2000",12 URBAN PRIN ART EXPR.,23,PAVED WARN,13,VALLEY GUTR,4,,0,,27500,RCI,8.9,,,5 FATAL(WITHIN 30 DAYS) INJURY,31 Q/C COMPLETED - LOC VERIFIED,3 A/D,08 EXIT RAMP,05 DARK-NOT LIGHTED,01 CLEAR,01 DRY,01 LEVEL,3 CURVE LEFT,ONE-WAY TRAFFICWAY,,NO CONTROLS,NOT CODED,2,NONE,NOT CODED,NOT CODED,NONE,NOT CODED,NOT CODED,27 GUARDRAIL FACE,00 NOT CODED,15 NEGOTIATING A CURVE,EXCEEDED POSTED SPEED,NOT CODED,00 NOT CODED,00 NOT CODED,00 NOT CODED,00 NOT CODED,01 NO,0,1,0,0,1,0,1,1,N,N,N,N,Y,Y,Y,N,N,N,N,Y,N,N,N,N,Y,N,N,N,N,N,N,N,N,N,27.958939694,-82.538762769,348637.381758,3093607.002356,O,,ARBM15Q1R2,"January 7, 2023",3290262,-9188173.42340582,3243798.662057877
2021895885230,2021,895885230,FHP21ON0059690,FLORIDA HIGHWAY PATROL,07 SEVENTH,HILLSBOROUGH,"December 23, 2021",1630,FRIDAY,1050 TAMPA,0350,N,I 75,BROADWAY AVE,0.019,S,27.9673389,-82.3262673,27.9731627,-82.3261467,10075000,25.057,05875,SR 93A,I 75,R RIGHT,2 THRU LANE 2,N NORTH,01 INTERSTATE URBAN,01 INTERSTATE,01 NON-JUNCTION,01 ON ROADWAY,01 NOT AT INTERSECTION,01 PAVED,23,"March 17, 2020",11 URBAN PRIN ART INT.,36,PAVED WARN,8,VALLEY GUTR,4,,0,88,143500,RCI,6.4,,70,1 NO INJURY,31 Q/C COMPLETED - LOC VERIFIED,0 NO,01 NOT AT INTERSECTION/RRX/BRIDGE,01 DAYLIGHT,01 CLEAR,01 DRY,03 UPHILL,1 STRAIGHT,"TWO-WAY, DIVIDED, POSITIVE MED","TWO-WAY, DIVIDED, POSITIVE MED",NO CONTROLS,NO CONTROLS,6,NONE,NOT CODED,NOT CODED,NONE,NOT CODED,NOT CODED,14 MOTOR VEHICLE IN TRANSPORT,"04 SIDESWIPE, SAME DIRECTION",06 CHANGING LANES,FAILED TO KEEP IN PROPER LANE,NO CONTRIBUTING ACTION,00 NOT CODED,00 NOT CODED,00 NOT CODED,00 NOT CODED,01 NO,0,0,0,0,2,0,2,4,N,N,N,N,Y,N,N,N,N,N,N,N,N,N,N,N,N,N,N,N,Y,N,N,N,N,N,27.972861363,-82.326165939,369568.796911,3094904.198183,R,,ARBM15Q1R2,"January 7, 2023",3290292,-9164507.245790804,3245553.312316631
2021895885250,2021,895885250,FHP21ON0061096,FLORIDA HIGHWAY PATROL,07 SEVENTH,HILLSBOROUGH,"December 24, 2021",1800,SATURDAY,1050 TAMPA,0350,N,I 4,ORIENT RD,0.019,W,27.9861974,-82.377661,27.9893735,-82.3734955,10190000,12.83,02734,SR 400,I 4,M MEDIAN,M MIDDLE,E EAST,01 INTERSTATE URBAN,01 INTERSTATE,01 NON-JUNCTION,04 MEDIAN,01 NOT AT INTERSECTION,01 PAVED,39,"May 26, 2020",11 URBAN PRIN ART INT.,48,PAVED WARN,8,VALLEY GUTR,4,,0,88,136000,RCI,11.2,,65,1 NO INJURY,31 Q/C COMPLETED - LOC VERIFIED,0 NO,01 NOT AT INTERSECTION/RRX/BRIDGE,04 DARK-LIGHTED,01 CLEAR,01 DRY,01 LEVEL,1 STRAIGHT,"TWO-WAY, DIVIDED, POSITIVE MED","TWO-WAY, DIVIDED, POSITIVE MED",NO CONTROLS,NO CONTROLS,8,NONE,NOT CODED,NOT CODED,NONE,NOT CODED,NOT CODED,27 GUARDRAIL FACE,88 UNKNOWN,06 CHANGING LANES,FAILED TO KEEP IN PROPER LANE,NO CONTRIBUTING ACTION,00 NOT CODED,00 NOT CODED,00 NOT CODED,00 NOT CODED,01 NO,0,0,0,0,2,0,2,2,N,N,N,N,Y,N,N,N,N,N,N,N,N,N,N,N,N,N,N,N,N,N,N,N,N,N,27.989370829,-82.373523327,364931.180791,3096784.812723,R,,ARBM15Q1R2,"January 7, 2023",3290293,-9169779.047714887,3247634.414053312
2021899714290,2021,899714290,2021-171587,COUNTY SHERIFF'S OFFICE,07 SEVENTH,HILLSBOROUGH,"April 18, 2021",1850,MONDAY,1050 TAMPA,0350,Y,BUSCH BLVD E,18TH ST N L,0.015,E,28.032363,-82.438581,28.0325209,-82.4390793,10310000,4.077,00869,SR 580,,R RIGHT,S SIDE OF ROAD,E EAST,30 URBAN 6+LN 2WY DIVD RASD,05 LOCAL,01 NON-JUNCTION,02 OFF ROADWAY,01 NOT AT INTERSECTION,03 CURB,35,"October 2, 2019",14 URBAN PRIN ART OTHER,36,CURB&GUTTER,2,,0,,0,16,45000,RCI,3.6,,45,2 POSSIBLE INJURY,31 Q/C COMPLETED - LOC VERIFIED,0 NO,01 NOT AT INTERSECTION/RRX/BRIDGE,01 DAYLIGHT,01 CLEAR,01 DRY,01 LEVEL,1 STRAIGHT,"TWO-WAY, NOT DIVIDED",,NO CONTROLS,NOT CODED,6,NONE,NOT CODED,NOT CODED,NONE,NOT CODED,NOT CODED,32 TREE (STANDING),00 NOT CODED,01 STRAIGHT AHEAD,RAN OFF ROADWAY,NOT CODED,00 NOT CODED,00 NOT CODED,00 NOT CODED,00 NOT CODED,01 NO,1,0,0,0,1,0,1,1,N,N,N,N,Y,N,N,N,N,N,N,N,N,N,N,N,N,N,N,N,N,N,N,N,N,N,28.032574807,-82.439061967,358542.005232,3101645.858051,C,,ARBM15Q1R2,"January 7, 2023",3290294,-9177074.778047789,3253082.003691519
2021899688930,2021,899688930,2021-89027,COUNTY SHERIFF'S OFFICE,07 SEVENTH,HILLSBOROUGH,"February 25, 2021",1455,FRIDAY,1050 TAMPA,0350,Y,I 275,SLIGH AVE E,0,,28.010665,-82.454329,28.0105677,-82.454482,10320168,0,03035,SR 93,I 275,L LEFT,X RAMP,W WEST,08 RAMP RURAL,05 LOCAL,02 INTERSECTION,01 ON ROADWAY,02 FOUR-WAY INTERSECTION,03 CURB,0,"December 31, 2000",,16,CURB&GUTTER,2,,0,,0,,7200,RCI,6.2,,,1 NO INJURY,31 Q/C COMPLETED - LOC VERIFIED,0 NO,07 ENTRANCE RAMP,01 DAYLIGHT,01 CLEAR,01 DRY,01 LEVEL,1 STRAIGHT,"TWO-WAY, NOT DIVIDED","TWO-WAY, NOT DIVIDED",TRAFFIC CONTROL SIGNAL,TRAFFIC CONTROL SIGNAL,1,NONE,NOT CODED,NOT CODED,NONE,NOT CODED,NOT CODED,14 MOTOR VEHICLE IN TRANSPORT,03 ANGLE,03 TURNING LEFT,FAILED TO YIELD RIGHT-OF-WAY,NO CONTRIBUTING ACTION,00 NOT CODED,00 NOT CODED,00 NOT CODED,00 NOT CODED,01 NO,0,0,0,0,2,0,2,6,N,N,N,N,N,N,N,N,N,N,N,N,N,N,N,N,N,N,N,N,Y,N,N,N,N,N,28.010565493,-82.454487958,356996.3785,3099225.325,O,,ARBM15Q1R2,"January 7, 2023",3290295,-9178791.991865741,3250306.576057599
2021899710940,2021,899710940,2021-159256,COUNTY SHERIFF'S OFFICE,07 SEVENTH,HILLSBOROUGH,"April 10, 2021",1745,SUNDAY,1050 TAMPA,0350,Y,SR 60,BEAN PKWY EXIT,0,,27.95542,-82.541043,27.9610978,-82.5386579,10270111,0.538,06544,SR 60,,L LEFT,X RAMP,W WEST,08 RAMP RURAL,05 LOCAL,14 ENTRANCE/EXIT RAMP,01 ON ROADWAY,01 NOT AT INTERSECTION,01 PAVED,0,"December 31, 2000",,14,PAVED,11,,0,,0,,7600,RCI,8.1,,,3 NO-INCAPACITATING INJURY,31 Q/C COMPLETED - LOC VERIFIED,0 NO,08 EXIT RAMP,01 DAYLIGHT,03 RAIN,02 WET,04 DOWNHILL,2 CURVE RIGHT,ONE-WAY TRAFFICWAY,,NO CONTROLS,NOT CODED,1,"RD SURFC (WET, ICY, SNOW, ETC)",NOT CODED,NOT CODED,NONE,NOT CODED,NOT CODED,"36 OTHER POST, POLE, OR SUPPORT",00 NOT CODED,15 NEGOTIATING A CURVE,DROVE TOO FAST FOR CONDITIONS,NOT CODED,00 NOT CODED,00 NOT CODED,00 NOT CODED,00 NOT CODED,01 NO,1,0,0,0,1,0,1,2,N,N,N,N,Y,Y,N,N,N,N,N,Y,N,N,N,N,N,N,N,N,N,N,N,N,N,N,27.961095717,-82.53867319,348649.203,3093845.7723,O,,ARBM15Q1R2,"January 7, 2023",3290302,-9188163.451591088,3244070.3865018506
2021899670510,2021,899670510,2021-24523,COUNTY SHERIFF'S OFFICE,07 SEVENTH,HILLSBOROUGH,"January 15, 2021",1825,SATURDAY,1050 TAMPA,0350,Y,FLORIDA AVE N,CASS ST *,0.008,S,27.951609,-82.458712,27.9510238,-82.460357,10020101,2.922,02546,SR 685,USB 41,R RIGHT,1 THRU LANE 1,N NORTH,40 URBAN ONE WAY,05 LOCAL,01 NON-JUNCTION,01 ON ROADWAY,01 NOT AT INTERSECTION,03 CURB,41,"February 14, 2021",16 URBAN MINOR ART,33,PAVED,8,RAISED CURB,0,,0,,19000,RCI,3.6,,30,1 NO INJURY,31 Q/C COMPLETED - LOC VERIFIED,0 NO,01 NOT AT INTERSECTION/RRX/BRIDGE,04 DARK-LIGHTED,01 CLEAR,01 DRY,01 LEVEL,1 STRAIGHT,"TWO-WAY, NOT DIVIDED","TWO-WAY, NOT DIVIDED",TRAFFIC CONTROL SIGNAL,TRAFFIC CONTROL SIGNAL,3,NONE,NOT CODED,NOT CODED,NONE,NOT CODED,NOT CODED,14 MOTOR VEHICLE IN TRANSPORT,03 ANGLE,03 TURNING LEFT,IMPROPER TURN,NO CONTRIBUTING ACTION,00 NOT CODED,00 NOT CODED,00 NOT CODED,00 NOT CODED,01 NO,0,0,0,0,2,0,2,2,N,N,N,N,N,N,N,N,N,N,N,N,N,N,N,N,N,N,N,N,Y,N,N,N,N,N,27.951045786,-82.460359709,356340.127499,3092637.731767,O,,ARBM15Q1R2,"January 7, 2023",3290307,-9179445.632171474,3242803.8359990576
2021899675210,2021,899675210,2021-41765,COUNTY SHERIFF'S OFFICE,07 SEVENTH,HILLSBOROUGH,"January 27, 2021",1445,THURSDAY,1050 TAMPA,0350,Y,HILLSBOROUGH AVE E,I 275,0,,27.996074,-82.454147,27.9960927,-82.4539416,10150000,12.678,03169,SR 600,US 92,I INTERSECTION,M MIDDLE,S SOUTH,30 URBAN 6+LN 2WY DIVD RASD,03 STATE,02 INTERSECTION,01 ON ROADWAY,02 FOUR-WAY INTERSECTION,03 CURB,36,"February 15, 2021",14 URBAN PRIN ART OTHER,36,CURB&GUTTER,2,,0,,0,18,51500,RCI,5.3,,40,1 NO INJURY,31 Q/C COMPLETED - LOC VERIFIED,0 NO,02 AT INTERSECTION,01 DAYLIGHT,01 CLEAR,01 DRY,01 LEVEL,1 STRAIGHT,"TWO-WAY, NOT DIVIDED","TWO-WAY, DIVIDED, POSITIVE MED",TRAFFIC CONTROL SIGNAL,TRAFFIC CONTROL SIGNAL,4,NONE,NOT CODED,NOT CODED,NONE,NOT CODED,NOT CODED,14 MOTOR VEHICLE IN TRANSPORT,03 ANGLE,01 STRAIGHT AHEAD,RAN RED LIGHT,NO CONTRIBUTING ACTION,00 NOT CODED,00 NOT CODED,00 NOT CODED,00 NOT CODED,01 NO,0,0,0,0,2,0,2,3,N,N,N,Y,N,N,N,N,N,N,N,N,N,N,N,N,N,N,N,N,Y,N,N,N,N,N,27.996074815,-82.453923581,357032.741291,3097619.164932,R,,ARBM15Q1R2,"January 7, 2023",3290309,-9178729.165590554,3248479.5762734623
2021899712930,2021,899712930,2021-166965,COUNTY SHERIFF'S OFFICE,07 SEVENTH,HILLSBOROUGH,"April 15, 2021",1639,FRIDAY,1050 TAMPA,0350,Y,SR 574,CENTRAL AVE,0.028,E,27.981221,-82.455043,27.9814343,-82.4547657,10340000,3.09,03113,SR 574,,R RIGHT,S SIDE OF ROAD,W WEST,20 URBAN 4-5LN 2WY DIVD RASD,09 PARKING LOT,01 NON-JUNCTION,02 OFF ROADWAY,01 NOT AT INTERSECTION,03 CURB,38,"February 15, 2021",14 URBAN PRIN ART OTHER,24,CURB&GUTTER,2,,0,,0,17,32000,RCI,3.3,,35,2 POSSIBLE INJURY,31 Q/C COMPLETED - LOC VERIFIED,0 NO,01 NOT AT INTERSECTION/RRX/BRIDGE,01 DAYLIGHT,01 CLEAR,01 DRY,01 LEVEL,1 STRAIGHT,"TWO-WAY, NOT DIVIDED",,NO CONTROLS,NOT CODED,4,NONE,NOT CODED,NOT CODED,NONE,NOT CODED,NOT CODED,"39 OTHER FIXED OBJECT (WALL, BUIL",00 NOT CODED,01 STRAIGHT AHEAD,RAN OFF ROADWAY,NOT CODED,00 NOT CODED,00 NOT CODED,00 NOT CODED,00 NOT CODED,01 NO,1,0,0,0,1,0,1,3,N,N,N,N,Y,N,N,N,N,N,Y,N,N,N,N,N,Y,N,N,N,N,N,N,N,N,N,27.981491425,-82.454754962,356931.722901,3096004.371667,C,,ARBM15Q1R2,"January 7, 2023",3290312,-9178821.71454779,3246641.135309097
2021899699360,2021,899699360,2021-123759,COUNTY SHERIFF'S OFFICE,07 SEVENTH,HILLSBOROUGH,"March 19, 2021",1045,SATURDAY,1050 TAMPA,0350,Y,SR 618,GANDY BLVD,0.086,N,27.893911,-82.508192,27.894716,-82.5076499,10002004,0.063,01237,SR 618,,L LEFT,X RAMP,S SOUTH,08 RAMP RURAL,05 LOCAL,14 ENTRANCE/EXIT RAMP,02 OFF ROADWAY,01 NOT AT INTERSECTION,01 PAVED,0,"December 31, 2000",,16,PAVED WARN,4,LAWN,12,,0,,7400,RCI,8.3,,,1 NO INJURY,31 Q/C COMPLETED - LOC VERIFIED,3 A/D,08 EXIT RAMP,01 DAYLIGHT,01 CLEAR,01 DRY,04 DOWNHILL,2 CURVE RIGHT,ONE-WAY TRAFFICWAY,,YIELD SIGN,NOT CODED,1,NONE,NOT CODED,NOT CODED,NONE,NOT CODED,NOT CODED,30 CONCRETE TRAFFIC BARRIER,00 NOT CODED,15 NEGOTIATING A CURVE,FAILED TO KEEP IN PROPER LANE,NOT CODED,00 NOT CODED,00 NOT CODED,00 NOT CODED,00 NOT CODED,01 NO,0,0,0,0,1,0,1,1,N,N,N,N,Y,N,N,Y,N,N,N,N,N,N,N,N,N,N,N,N,N,N,N,N,N,N,27.894719286,-82.507656664,351609.872885,3086453.510227,O,,ARBM15Q1R2,"January 7, 2023",3290313,-9184710.706423016,3235707.4225122198
2021899743870,2021,899743870,2021-265986,COUNTY SHERIFF'S OFFICE,07 SEVENTH,HILLSBOROUGH,"June 19, 2021",0520,SUNDAY,1050 TAMPA,0350,Y,SR 60,PINELLAS COUNTY LINE,0.28,E,27.969078,-82.632091,27.9675711,-82.6439758,10140000,0.28,04709,SR 60,,R RIGHT,2 THRU LANE 2,E EAST,24 SUBURBAN 4-5LN 2WY DIVD PAVD,05 LOCAL,01 NON-JUNCTION,01 ON ROADWAY,01 NOT AT INTERSECTION,01 PAVED,38,"February 17, 2020",14 URBAN PRIN ART OTHER,23,PAVED,4,LAWN,7,,0,11,61500,RCI,5.2,,60,4 INCAPACITATING INJURY,31 Q/C COMPLETED - LOC VERIFIED,1 ALC,01 NOT AT INTERSECTION/RRX/BRIDGE,04 DARK-LIGHTED,01 CLEAR,01 DRY,01 LEVEL,1 STRAIGHT,"TWO-WAY, DIVIDED, POSITIVE MED","TWO-WAY, DIVIDED, POSITIVE MED",NO CONTROLS,NO CONTROLS,4,NONE,NOT CODED,NOT CODED,NONE,NOT CODED,NOT CODED,14 MOTOR VEHICLE IN TRANSPORT,01 FRONT TO REAR,01 STRAIGHT AHEAD,OPERATED MV IN CARLESS OR NEGL,NO CONTRIBUTING ACTION,00 NOT CODED,00 NOT CODED,00 NOT CODED,00 NOT CODED,01 NO,2,0,1,0,2,0,2,2,N,N,N,N,Y,N,N,Y,N,N,N,N,N,N,N,N,N,N,N,N,N,N,N,N,N,N,27.967604175,-82.643975769,338299.321462,3094701.853001,C,,ARBM15Q1R2,"January 7, 2023",3290462,-9199885.684455827,3244890.6828997745
2021899715480,2021,899715480,2021-175271,COUNTY SHERIFF'S OFFICE,07 SEVENTH,HILLSBOROUGH,"April 21, 2021",0300,THURSDAY,1050 TAMPA,0350,Y,DALE MABRY HWY N,I 275,0.003,N,27.955977,-82.505508,27.9552738,-82.5055418,10130000,9.243,01609,SR 600,US 92,M MEDIAN,M MIDDLE,N NORTH,31 URBAN 6+LN 2WY DIVD PAVD,05 LOCAL,01 NON-JUNCTION,02 OFF ROADWAY,01 NOT AT INTERSECTION,03 CURB,36,"February 15, 2021",14 URBAN PRIN ART OTHER,50,PAVED,4,CURB&GUTTER,2,,0,60,54000,RCI,4.9,,40,2 POSSIBLE INJURY,31 Q/C COMPLETED - LOC VERIFIED,0 NO,01 NOT AT INTERSECTION/RRX/BRIDGE,04 DARK-LIGHTED,01 CLEAR,01 DRY,01 LEVEL,1 STRAIGHT,"TWO-WAY, DIVIDED, POSITIVE MED",,NO CONTROLS,NOT CODED,8,NONE,NOT CODED,NOT CODED,NONE,NOT CODED,NOT CODED,"39 OTHER FIXED OBJECT (WALL, BUIL",00 NOT CODED,01 STRAIGHT AHEAD,OPERATED MV IN CARLESS OR NEGL,NOT CODED,00 NOT CODED,00 NOT CODED,00 NOT CODED,00 NOT CODED,01 NO,1,0,0,0,1,0,1,2,N,N,N,N,N,N,N,N,N,N,N,N,N,N,N,N,N,N,N,N,N,N,N,N,N,N,27.955285841,-82.505594217,351895.494339,3093161.516334,C,,ARBM15Q1R2,"January 7, 2023",3290464,-9184481.116135407,3243338.177914224
2021899733620,2021,899733620,2021-234648,COUNTY SHERIFF'S OFFICE,07 SEVENTH,HILLSBOROUGH,"May 29, 2021",1525,SUNDAY,1050 TAMPA,0350,Y,BUSCH BLVD E,50TH ST N,0.017,E,28.032659,-82.401366,28.0325678,-82.4014626,10310000,6.375,00898,SR 580,,L LEFT,L LEFT TURN,W WEST,30 URBAN 6+LN 2WY DIVD RASD,05 LOCAL,01 NON-JUNCTION,01 ON ROADWAY,01 NOT AT INTERSECTION,01 PAVED,35,"October 2, 2019",14 URBAN PRIN ART OTHER,36,CURB&GUTTER,2,,0,,0,16,39500,RCI,3.4,,45,4 INCAPACITATING INJURY,31 Q/C COMPLETED - LOC VERIFIED,0 NO,03 INFLUENCED BY INTERSECTION,01 DAYLIGHT,02 CLOUDY,01 DRY,01 LEVEL,1 STRAIGHT,"TWO-WAY, DIVIDED, POSITIVE MED","TWO-WAY, DIVIDED, POSITIVE MED",NO CONTROLS,TRAFFIC CONTROL SIGNAL,6,UNKNOWN,NONE,NOT CODED,NONE,NOT CODED,NOT CODED,14 MOTOR VEHICLE IN TRANSPORT,"04 SIDESWIPE, SAME DIRECTION",01 STRAIGHT AHEAD,OTHER CONTRIBUTING ACTION,NO CONTRIBUTING ACTION,00 NOT CODED,00 NOT CODED,00 NOT CODED,00 NOT CODED,01 NO,5,0,2,0,4,0,4,6,N,N,N,Y,N,N,N,N,N,N,N,N,N,N,N,N,Y,N,N,N,N,Y,N,Y,N,N,28.032631294,-82.401453457,362239.366879,3101609.034881,C,,ARBM15Q1R2,"January 7, 2023",3290469,-9172888.216623874,3253089.127605255