Crash Id,Calendar Year,FDOT Crash Number,Reporting Agency Case Number,Reporting Agency Type,FDOT Managing District,County Name,Crash Date,Crash Time,Day,DHSMV City,Crash Report City Code,In Town,On Roadway Name,Int Roadway Name,Reference Distance (Miles),Reference Direction,Officer Latitude,Officer Longitude,FDOT Latitude,FDOT Longitude,FDOT Roadway,Nearest Inventory MP,Nearest Node From Crash,State Road #,US Highway,Crash Side of Road,Accident Lane Number,Travel Direction Vehicle 1,FDOT Road Category,DHSMV Road System Id,Relation to Junction,Crash Harmful Event Location,Intersection Type,Shoulder Type,FDOT Roadway SKID Test Result,FDOT Roadway SKID Test Date,Functional Class,RCI Surface Width,RCI Shoulder Type First,RCI Shoulder Width First,RCI Shoulder Type Second,RCI Shoulder Width Second,RCI Shoulder Type Third,RCI Shoulder Width Third,RCI Median Width,Avg Daily Traffic,AADT Source,RCI Avg Per Truck Traffic,RCI Horiz Curve Condition,Posted Speed Limit,Highest Injury in Crash,CAR Status Code,Alcohols/Drug Involved,Site Location,Lighting,Weather,Road Surface,Roadway Grade,Roadway Alignment,Traffic Way Vehicle 1,Traffic Way Vehicle 2,Traffic Control Vehicle 1,Traffic Control Vehicle 2,Count of Lanes,Road Condition 1,Road Condition 2,Road Condition 3,Environment Condition 1,Environment Condition 2,Environment Condition 3,Crash Harmful Event,Manner of Collision,Vehicle Movement,Driver Action Vehicle 1,Driver Action Vehicle 2,Location Within Workzone,Type of Workzone,Workers Present in Workzone,Law Enforcement Present in Workzone,School Bus Related,Count of Nonfatal Injuries,Count of Traffic Fatalities,Count of Serious Injuries,Count of Pedestrians,Count of Drivers,Count of Bicyclists,Count of Vehicles,Count of Persons,Wrong Way,Workzone Inv,Commercial Vehicle Inv,Intersection Inv,Lane Departure,Speeding,Agressive Driving,Impaired Driver,Impaired Pedestrian,Impaired Bicyclist,Distracted Driver,Speeding or Aggressive Driving,Pedestrian Related,Bicyclist Related,Pedestrian or Bicyclist Related,Motorcycle Inv,No Belt,No Belt - Ages 1-4,No Belt - Ages 5-12,No Belt - Ages 13-17,Driver - Ages Teen,Driver - Ages 65 plus,Driver - Ages 65-69,Driver - Ages 70-74,Driver - Ages 75-79,Driver - Ages 80 plus,ARBM Latitude,ARBM Longitude,UTM Zone 17N X,UTM Zone 17N Y,ARBM Side of Road,Urban Rural Indicator,GIS Street Source,Extract Date,OBJECTID,x,y
2021884588490,2021,884588490,FHPC21OFF011984,FLORIDA HIGHWAY PATROL,07 SEVENTH,HILLSBOROUGH,"February 4, 2021",1724,FRIDAY,1050 TAMPA,0350,N,SR 574,WILLIAMS RD,0.25,W,27.9812257,-82.3214267,27.9812239,-82.3225242,10340000,11.161,04312,SR 574,,R RIGHT,2 THRU LANE 2,E EAST,20 URBAN 4-5LN 2WY DIVD RASD,03 STATE,01 NON-JUNCTION,01 ON ROADWAY,01 NOT AT INTERSECTION,01 PAVED,35,"February 15, 2021",14 URBAN PRIN ART OTHER,24,PAVED,9,CURB&GUTTER,2,LAWN,5,30,40000,RCI,5.7,,50,5 FATAL(WITHIN 30 DAYS) INJURY,31 Q/C COMPLETED - LOC VERIFIED,0 NO,01 NOT AT INTERSECTION/RRX/BRIDGE,01 DAYLIGHT,02 CLOUDY,01 DRY,01 LEVEL,1 STRAIGHT,"TWO-WAY, DIVIDED, POSITIVE MED","TWO-WAY, DIVIDED, POSITIVE MED",NO CONTROLS,NO CONTROLS,4,NONE,NOT CODED,NOT CODED,NONE,NOT CODED,NOT CODED,14 MOTOR VEHICLE IN TRANSPORT,"04 SIDESWIPE, SAME DIRECTION",06 CHANGING LANES,OPERATED MV IN CARLESS OR NEGL,NO CONTRIBUTING ACTION,00 NOT CODED,00 NOT CODED,00 NOT CODED,00 NOT CODED,01 NO,6,1,0,0,4,0,4,7,N,N,N,N,Y,N,N,N,N,N,N,N,N,N,N,N,N,N,N,N,N,Y,Y,N,N,N,27.981214817,-82.322487641,369940.624604,3095825.765652,R,,ARBM15Q1R2,"January 7, 2023",3290960,-9164097.7794313,3246606.2677160846
2021884588550,2021,884588550,FHPC21OFFM00015,FLORIDA HIGHWAY PATROL,07 SEVENTH,HILLSBOROUGH,"February 15, 2021",2000,TUESDAY,1050 TAMPA,0350,N,I 275,MM 38,0.019,W,27.9415078,-82.5491129,27.9421742,-82.5466348,10190000,1.139,00007,SR 93,I 275,L LEFT,2 THRU LANE 2,S SOUTH,01 INTERSTATE URBAN,01 INTERSTATE,01 NON-JUNCTION,01 ON ROADWAY,01 NOT AT INTERSECTION,01 PAVED,37,"September 17, 2018",11 URBAN PRIN ART INT.,60,PAVED WARN,12,,0,,0,38,190500,RCI,6.8,,65,2 POSSIBLE INJURY,31 Q/C COMPLETED - LOC VERIFIED,0 NO,01 NOT AT INTERSECTION/RRX/BRIDGE,04 DARK-LIGHTED,02 CLOUDY,01 DRY,01 LEVEL,1 STRAIGHT,"TWO-WAY, DIVIDED, POSITIVE MED","TWO-WAY, DIVIDED, POSITIVE MED",NO CONTROLS,NO CONTROLS,9,NONE,NOT CODED,NOT CODED,NONE,NOT CODED,NOT CODED,14 MOTOR VEHICLE IN TRANSPORT,01 FRONT TO REAR,01 STRAIGHT AHEAD,OPERATED MV IN CARLESS OR NEGL,NO CONTRIBUTING ACTION,02 ADVANCE WARNING AREA,01 LANE CLOSURE,02 YES,01 NO,01 NO,2,0,0,0,2,0,2,2,N,Y,N,N,N,N,N,N,N,N,Y,N,N,N,N,N,N,N,N,N,N,N,N,N,N,N,27.942319771,-82.546756232,347827.679697,3091775.492694,L,,ARBM15Q1R2,"January 7, 2023",3290961,-9189063.251856891,3241704.228184632
2021884588640,2021,884588640,FHPC21OFF019007,FLORIDA HIGHWAY PATROL,07 SEVENTH,HILLSBOROUGH,"February 23, 2021",2322,WEDNESDAY,1050 TAMPA,0350,N,I 275,SR 600,0,,27.9968158,-82.4535018,27.9970052,-82.4534225,10320167,0,03537,SR 93,I 275,R RIGHT,X RAMP,N NORTH,08 RAMP RURAL,01 INTERSTATE,14 ENTRANCE/EXIT RAMP,02 OFF ROADWAY,01 NOT AT INTERSECTION,01 PAVED,0,"December 31, 2000",,17,CURB&GUTTER,2,,0,,0,,6500,RCI,6.2,,,2 POSSIBLE INJURY,31 Q/C COMPLETED - LOC VERIFIED,0 NO,08 EXIT RAMP,04 DARK-LIGHTED,02 CLOUDY,01 DRY,01 LEVEL,1 STRAIGHT,"TWO-WAY, DIVIDED, POSITIVE MED",,NO CONTROLS,NOT CODED,1,NONE,NOT CODED,NOT CODED,NONE,NOT CODED,NOT CODED,27 GUARDRAIL FACE,77 OTHER (SEE NARRATIVE),06 CHANGING LANES,OPERATED MV IN CARLESS OR NEGL,NOT CODED,00 NOT CODED,00 NOT CODED,00 NOT CODED,00 NOT CODED,01 NO,1,0,0,0,1,0,1,1,N,N,N,N,Y,N,N,N,N,N,N,N,N,N,N,N,N,N,N,N,N,N,N,N,N,N,27.99699263,-82.453405158,357084.9361,3097720.247,O,,ARBM15Q1R2,"January 7, 2023",3290962,-9178671.45509104,3248595.288033016
2021884588710,2021,884588710,FHPC21OFF022456,FLORIDA HIGHWAY PATROL,07 SEVENTH,HILLSBOROUGH,"March 4, 2021",2230,FRIDAY,1050 TAMPA,0350,N,I 75,SLIGH AVE,0.028,N,28.00606,-82.3277099,28.0076394,-82.3274751,10075000,27.434,04918,SR 93A,I 75,M MEDIAN,M MIDDLE,S SOUTH,01 INTERSTATE URBAN,01 INTERSTATE,01 NON-JUNCTION,03 SHOULDER,01 NOT AT INTERSECTION,01 PAVED,25,"March 17, 2020",11 URBAN PRIN ART INT.,36,PAVED WARN,8,VALLEY GUTR,4,,0,88,148000,RCI,8.3,,70,4 INCAPACITATING INJURY,31 Q/C COMPLETED - LOC VERIFIED,0 NO,01 NOT AT INTERSECTION/RRX/BRIDGE,04 DARK-LIGHTED,02 CLOUDY,01 DRY,01 LEVEL,1 STRAIGHT,"TWO-WAY, DIVIDED, POSITIVE MED",,NO CONTROLS,NOT CODED,6,NONE,NOT CODED,NOT CODED,NONE,NOT CODED,NOT CODED,27 GUARDRAIL FACE,77 OTHER (SEE NARRATIVE),01 STRAIGHT AHEAD,OPERATED MV IN CARLESS OR NEGL,NOT CODED,00 NOT CODED,00 NOT CODED,00 NOT CODED,00 NOT CODED,01 NO,1,0,1,0,1,0,1,1,N,N,N,N,Y,N,N,N,N,N,N,N,N,N,N,N,Y,N,N,N,N,N,N,N,N,N,28.007402499,-82.327479848,369481.177578,3098732.474108,R,,ARBM15Q1R2,"January 7, 2023",3290963,-9164653.509661729,3249907.7619444765
2021899715630,2021,899715630,2021-175717,COUNTY SHERIFF'S OFFICE,07 SEVENTH,HILLSBOROUGH,"April 21, 2021",1025,THURSDAY,1050 TAMPA,0350,Y,MEMORIAL HWY,I 275,0.131,S,27.949097,-82.532442,27.9459562,-82.5300437,10270003,0.034,06518,SR 60,,R RIGHT,2 THRU LANE 2,N NORTH,33 SUBURBAN 6+LN 2WY DIVD RASD,05 LOCAL,01 NON-JUNCTION,01 ON ROADWAY,01 NOT AT INTERSECTION,02 UNPAVED,38,"August 21, 2017",14 URBAN PRIN ART OTHER,24,PAVED,5,LAWN,12,,0,20,42500,RCI,3.1,,50,4 INCAPACITATING INJURY,31 Q/C COMPLETED - LOC VERIFIED,0 NO,01 NOT AT INTERSECTION/RRX/BRIDGE,01 DAYLIGHT,01 CLEAR,01 DRY,01 LEVEL,1 STRAIGHT,"TWO-WAY, DIVIDED, POSITIVE MED",,NO CONTROLS,NOT CODED,5,DEBRIS,NOT CODED,NOT CODED,NONE,NOT CODED,NOT CODED,"17 STRUCK BY FALLING, SHIFTING CA",00 NOT CODED,01 STRAIGHT AHEAD,NO CONTRIBUTING ACTION,NOT CODED,00 NOT CODED,00 NOT CODED,00 NOT CODED,00 NOT CODED,01 NO,1,0,1,0,1,0,1,1,N,N,N,N,N,N,N,N,N,N,N,N,N,N,N,Y,N,N,N,N,N,N,N,N,N,N,27.945936669,-82.530029566,349478.513655,3092155.520605,R,,ARBM15Q1R2,"January 7, 2023",3291028,-9187201.247367166,3242160.000300315
2021899741980,2021,899741980,2021-260939,COUNTY SHERIFF'S OFFICE,07 SEVENTH,HILLSBOROUGH,"June 15, 2021",2243,WEDNESDAY,1050 TAMPA,0350,Y,FLORIDA AVE N,FORTUNE ST E *,0.003,S,27.954385,-82.45952,27.9543833,-82.4595062,10020000,0.469,01108,SR 685,USB 41,R RIGHT,1 THRU LANE 1,N NORTH,40 URBAN ONE WAY,05 LOCAL,03 INTERSECTION-RELATED,01 ON ROADWAY,02 FOUR-WAY INTERSECTION,03 CURB,39,"February 14, 2021",16 URBAN MINOR ART,30,RAISED CURB,5,RAISED CURB,0,,0,,20500,RCI,3,,35,1 NO INJURY,31 Q/C COMPLETED - LOC VERIFIED,0 NO,03 INFLUENCED BY INTERSECTION,04 DARK-LIGHTED,03 RAIN,02 WET,01 LEVEL,1 STRAIGHT,ONE-WAY TRAFFICWAY,ONE-WAY TRAFFICWAY,NO CONTROLS,NO CONTROLS,3,NONE,NOT CODED,NOT CODED,NONE,NOT CODED,NOT CODED,14 MOTOR VEHICLE IN TRANSPORT,03 ANGLE,03 TURNING LEFT,FAILED TO KEEP IN PROPER LANE,NO CONTRIBUTING ACTION,00 NOT CODED,00 NOT CODED,00 NOT CODED,00 NOT CODED,01 NO,0,0,0,0,2,0,2,7,N,N,N,Y,N,N,N,N,N,N,N,N,N,N,N,N,N,N,N,N,Y,N,N,N,N,N,27.95442387,-82.459516598,356427.546905,3093011.014587,O,,ARBM15Q1R2,"January 7, 2023",3291033,-9179351.777490174,3243229.548704334
2021899742290,2021,899742290,2021-262113,COUNTY SHERIFF'S OFFICE,07 SEVENTH,HILLSBOROUGH,"June 16, 2021",1912,THURSDAY,1050 TAMPA,0350,Y,BUSCH BLVD E,NEBRASKA AVE,0.02,E,28.032773,-82.450847,28.032791,-82.4511376,10310000,3.34,00856,SR 580,,R RIGHT,2 THRU LANE 2,N NORTH,30 URBAN 6+LN 2WY DIVD RASD,05 LOCAL,03 INTERSECTION-RELATED,02 OFF ROADWAY,01 NOT AT INTERSECTION,03 CURB,35,"October 2, 2019",14 URBAN PRIN ART OTHER,36,CURB&GUTTER,2,,0,,0,16,45000,RCI,3.6,,40,3 NO-INCAPACITATING INJURY,31 Q/C COMPLETED - LOC VERIFIED,0 NO,01 NOT AT INTERSECTION/RRX/BRIDGE,01 DAYLIGHT,03 RAIN,02 WET,01 LEVEL,1 STRAIGHT,"TWO-WAY, DIVIDED, POSITIVE MED","TWO-WAY, DIVIDED, POSITIVE MED",TRAFFIC CONTROL SIGNAL,TRAFFIC CONTROL SIGNAL,6,"RD SURFC (WET, ICY, SNOW, ETC)",NOT CODED,NOT CODED,NONE,NOT CODED,NOT CODED,37 FENCE,00 NOT CODED,05 TURNING RIGHT,IMPROPER TURN,NO CONTRIBUTING ACTION,00 NOT CODED,00 NOT CODED,00 NOT CODED,00 NOT CODED,01 NO,1,0,0,0,2,0,2,3,N,N,N,N,N,N,N,N,N,N,Y,N,N,N,N,N,N,N,N,N,N,N,N,N,N,N,28.032852729,-82.451114021,357357.528084,3101690.69815,C,,ARBM15Q1R2,"January 7, 2023",3291034,-9178416.406945605,3253117.053969935
2021245780050,2021,245780050,2021-418571,COUNTY SHERIFF'S OFFICE,07 SEVENTH,HILLSBOROUGH,"October 1, 2021",0205,SATURDAY,1050 TAMPA,0350,Y,FLORIDA AVE N,FLORILAND AVE,0.043,S,28.036334,-82.459629,28.0364655,-82.4594,10020000,6.118,04536,SR 685,USB 41,L LEFT,S SIDE OF ROAD,S SOUTH,30 URBAN 6+LN 2WY DIVD RASD,05 LOCAL,77 OTHER (SEE NARRATIVE),10 ROADSIDE,01 NOT AT INTERSECTION,03 CURB,40,"February 14, 2021",16 URBAN MINOR ART,33,PAVED,4,CURB&GUTTER,2,,0,15,25000,RCI,3.6,,45,1 NO INJURY,31 Q/C COMPLETED - LOC VERIFIED,0 NO,01 NOT AT INTERSECTION/RRX/BRIDGE,04 DARK-LIGHTED,01 CLEAR,01 DRY,01 LEVEL,1 STRAIGHT,"TWO-WAY, DIVIDED, POSITIVE MED",,NO CONTROLS,NOT CODED,6,NONE,NOT CODED,NOT CODED,NONE,NOT CODED,NOT CODED,"36 OTHER POST, POLE, OR SUPPORT",00 NOT CODED,01 STRAIGHT AHEAD,FAILED TO KEEP IN PROPER LANE,NOT CODED,00 NOT CODED,00 NOT CODED,00 NOT CODED,00 NOT CODED,01 NO,0,0,0,0,1,0,1,3,N,N,N,N,Y,N,N,N,N,N,Y,N,N,N,N,N,N,N,N,N,N,N,N,N,N,N,28.037004758,-82.459546273,356534.058168,3102160.624066,L,,ARBM15Q1R2,"January 7, 2023",3291201,-9179355.081168123,3253640.6997603923
2021245736230,2021,245736230,2021-283480,COUNTY SHERIFF'S OFFICE,07 SEVENTH,HILLSBOROUGH,"June 30, 2021",2026,THURSDAY,1050 TAMPA,0350,Y,SR 574,RIVERSIDE DR N,0.038,W,27.981523,-82.476015,27.9812819,-82.4788622,10340000,1.618,03093,SR 574,,L LEFT,1 THRU LANE 1,E EAST,22 URBAN 4-5LN 2WY UNDIVD,05 LOCAL,01 NON-JUNCTION,01 ON ROADWAY,01 NOT AT INTERSECTION,03 CURB,38,"February 15, 2021",14 URBAN PRIN ART OTHER,40,CURB&GUTTER,2,,0,,0,,30500,RCI,2.4,,35,5 FATAL(WITHIN 30 DAYS) INJURY,31 Q/C COMPLETED - LOC VERIFIED,3 A/D,01 NOT AT INTERSECTION/RRX/BRIDGE,02 DUSK,03 RAIN,02 WET,03 UPHILL,1 STRAIGHT,"TWO-WAY, NOT DIVIDED","TWO-WAY, NOT DIVIDED",NO CONTROLS,NO CONTROLS,4,NONE,NOT CODED,NOT CODED,NONE,NOT CODED,NOT CODED,14 MOTOR VEHICLE IN TRANSPORT,03 ANGLE,77 OTHER (SEE NARRATIVE),FAILED TO KEEP IN PROPER LANE,NO CONTRIBUTING ACTION,00 NOT CODED,00 NOT CODED,00 NOT CODED,00 NOT CODED,01 NO,1,1,1,0,2,0,2,2,N,N,N,N,Y,N,N,Y,N,N,N,N,N,N,N,N,Y,N,N,N,N,N,N,N,N,N,27.981306262,-82.478862072,354560.359601,3096012.343287,C,,ARBM15Q1R2,"January 7, 2023",3291203,-9181505.30655866,3246617.794409142
2021245736240,2021,245736240,2021-283590,COUNTY SHERIFF'S OFFICE,07 SEVENTH,HILLSBOROUGH,"June 30, 2021",2139,THURSDAY,1050 TAMPA,0350,Y,SR 60,BAYPORT DR,0,,27.967634,-82.548009,27.9676037,-82.5517943,10140000,6.007,06434,SR 60,,M MEDIAN,M MIDDLE,W WEST,34 SUBURBAN 6+LN 2WY DIVD PAVD,05 LOCAL,01 NON-JUNCTION,01 ON ROADWAY,01 NOT AT INTERSECTION,01 PAVED,36,"February 17, 2020",14 URBAN PRIN ART OTHER,36,PAVED,8,VALLEY GUTR,4,,0,27,69000,RCI,5.2,,50,2 POSSIBLE INJURY,31 Q/C COMPLETED - LOC VERIFIED,0 NO,01 NOT AT INTERSECTION/RRX/BRIDGE,04 DARK-LIGHTED,03 RAIN,02 WET,01 LEVEL,3 CURVE LEFT,ONE-WAY TRAFFICWAY,,NO CONTROLS,NOT CODED,6,"RD SURFC (WET, ICY, SNOW, ETC)",NOT CODED,NOT CODED,NONE,NOT CODED,NOT CODED,"39 OTHER FIXED OBJECT (WALL, BUIL",00 NOT CODED,15 NEGOTIATING A CURVE,DROVE TOO FAST FOR CONDITIONS,NOT CODED,00 NOT CODED,00 NOT CODED,00 NOT CODED,00 NOT CODED,01 NO,1,0,0,0,1,0,1,1,N,N,N,N,N,Y,N,N,N,N,N,Y,N,N,N,N,N,N,N,N,N,N,N,N,N,N,27.967433975,-82.551875329,347359.324512,3094564.463412,R,,ARBM15Q1R2,"January 7, 2023",3291204,-9189633.10741467,3244869.231308606
2021245736250,2021,245736250,2021-283529,COUNTY SHERIFF'S OFFICE,07 SEVENTH,HILLSBOROUGH,"June 30, 2021",2059,THURSDAY,1050 TAMPA,0350,Y,SR 60,CYPRESS ST,0.139,N,27.9618,-82.545679,27.9542473,-82.5357715,10270003,0.706,06565,SR 60,,R RIGHT,S SIDE OF ROAD,N NORTH,34 SUBURBAN 6+LN 2WY DIVD PAVD,05 LOCAL,01 NON-JUNCTION,03 SHOULDER,01 NOT AT INTERSECTION,01 PAVED,36,"April 4, 2021",14 URBAN PRIN ART OTHER,36,PAVED,10,VALLEY GUTR,4,,0,15,132000,RCI,8.3,,50,2 POSSIBLE INJURY,31 Q/C COMPLETED - LOC VERIFIED,0 NO,01 NOT AT INTERSECTION/RRX/BRIDGE,05 DARK-NOT LIGHTED,03 RAIN,02 WET,01 LEVEL,2 CURVE RIGHT,"TWO-WAY, DIVIDED, POSITIVE MED",,NO CONTROLS,NOT CODED,7,"RD SURFC (WET, ICY, SNOW, ETC)",NOT CODED,NOT CODED,NONE,NOT CODED,NOT CODED,"39 OTHER FIXED OBJECT (WALL, BUIL",00 NOT CODED,15 NEGOTIATING A CURVE,DROVE TOO FAST FOR CONDITIONS,NOT CODED,00 NOT CODED,00 NOT CODED,00 NOT CODED,00 NOT CODED,01 NO,1,0,0,0,1,0,1,1,N,N,N,N,N,Y,N,N,N,N,N,Y,N,N,N,N,N,N,N,N,N,N,N,N,N,N,27.954247797,-82.535763276,348925.937221,3093083.44197,R,,ARBM15Q1R2,"January 7, 2023",3291205,-9187839.521338476,3243207.359096771
2021899692590,2021,899692590,2021-102343,COUNTY SHERIFF'S OFFICE,07 SEVENTH,HILLSBOROUGH,"March 5, 2021",0417,SATURDAY,1050 TAMPA,0350,Y,50TH ST S,WASHINGTON BLVD,0.069,S,27.947469,-82.401615,27.9473505,-82.4017054,10060000,25.233,04018,SR 599,US 41,L LEFT,S SIDE OF ROAD,N NORTH,33 SUBURBAN 6+LN 2WY DIVD RASD,05 LOCAL,01 NON-JUNCTION,01 ON ROADWAY,01 NOT AT INTERSECTION,01 PAVED,39,"October 1, 2019",14 URBAN PRIN ART OTHER,33,PAVED,8,VALLEY GUTR,4,LAWN,3,28,39000,RCI,14.5,,50,3 NO-INCAPACITATING INJURY,31 Q/C COMPLETED - LOC VERIFIED,1 ALC,01 NOT AT INTERSECTION/RRX/BRIDGE,04 DARK-LIGHTED,01 CLEAR,01 DRY,01 LEVEL,1 STRAIGHT,"TWO-WAY, DIVIDED, POSITIVE MED",,NO CONTROLS,NOT CODED,5,NONE,NOT CODED,NOT CODED,NONE,NOT CODED,NOT CODED,28 GUARDRAIL END,00 NOT CODED,77 OTHER (SEE NARRATIVE),OTHER CONTRIBUTING ACTION,NOT CODED,00 NOT CODED,00 NOT CODED,00 NOT CODED,00 NOT CODED,01 NO,2,0,0,0,1,0,1,2,N,N,N,N,N,N,N,Y,N,N,N,N,N,N,N,N,N,N,N,N,N,N,N,N,N,N,27.947362375,-82.401733775,362103.315731,3092162.097438,C,,ARBM15Q1R2,"January 7, 2023",3291255,-9172919.421195565,3242339.6607525223
2021899692700,2021,899692700,2021-102845,COUNTY SHERIFF'S OFFICE,07 SEVENTH,HILLSBOROUGH,"March 5, 2021",1419,SATURDAY,1050 TAMPA,0350,Y,SR 589,INDEPENCE PKWY,0.133,S,27.976528,-82.546822,27.9761832,-82.546775,10589116,0.133,06615,SR 589,,L LEFT,X RAMP,S SOUTH,08 RAMP RURAL,05 LOCAL,14 ENTRANCE/EXIT RAMP,02 OFF ROADWAY,01 NOT AT INTERSECTION,02 UNPAVED,0,"December 31, 2000",,25,PAVED,8,LAWN,12,,0,,6000,RCI,9.2,,,1 NO INJURY,31 Q/C COMPLETED - LOC VERIFIED,0 NO,07 ENTRANCE RAMP,01 DAYLIGHT,02 CLOUDY,02 WET,01 LEVEL,2 CURVE RIGHT,ONE-WAY TRAFFICWAY,,WARNING SIGN,NOT CODED,2,"RD SURFC (WET, ICY, SNOW, ETC)",NOT CODED,NOT CODED,NONE,NOT CODED,NOT CODED,27 GUARDRAIL FACE,00 NOT CODED,15 NEGOTIATING A CURVE,DROVE TOO FAST FOR CONDITIONS,NOT CODED,00 NOT CODED,00 NOT CODED,00 NOT CODED,00 NOT CODED,01 NO,0,0,0,0,1,0,1,2,N,N,N,N,Y,Y,N,N,N,N,N,Y,N,N,N,N,N,N,N,N,Y,N,N,N,N,N,27.976054073,-82.546738918,347876.70161,3095513.139018,O,,ARBM15Q1R2,"January 7, 2023",3291257,-9189061.324574547,3245955.743975617
2021899674350,2021,899674350,2021-39102,OTHER,07 SEVENTH,HILLSBOROUGH,"January 25, 2021",1628,TUESDAY,1050 TAMPA,0350,Y,I 75,BRUCE B DOWNS BLVD,0,,28.120849,-82.375482,28.1208047,-82.3758226,10075065,0.409,04326,SR 93A,I 75,L LEFT,X RAMP,S SOUTH,08 RAMP RURAL,04 COUNTY,15 CROSSOVER-RELATED,01 ON ROADWAY,03 T-INTERSECTION,03 CURB,0,"December 31, 2000",,15,PAVED,7,LAWN,6,,0,,6400,RCI,8.1,,,2 POSSIBLE INJURY,31 Q/C COMPLETED - LOC VERIFIED,0 NO,08 EXIT RAMP,01 DAYLIGHT,02 CLOUDY,01 DRY,01 LEVEL,1 STRAIGHT,"TWO-WAY, DIVIDED, POSITIVE MED","TWO-WAY, DIVIDED, POSITIVE MED",TRAFFIC CONTROL SIGNAL,TRAFFIC CONTROL SIGNAL,1,NONE,NOT CODED,NOT CODED,NONE,NOT CODED,NOT CODED,14 MOTOR VEHICLE IN TRANSPORT,03 ANGLE,01 STRAIGHT AHEAD,RAN RED LIGHT,NO CONTRIBUTING ACTION,00 NOT CODED,00 NOT CODED,00 NOT CODED,00 NOT CODED,01 NO,3,0,0,0,2,0,2,4,N,N,N,N,N,N,N,N,N,N,Y,N,N,N,N,N,N,N,N,N,N,N,N,N,N,N,28.120792923,-82.37584057,364867.76233,3111348.152366,O,,ARBM15Q1R2,"January 7, 2023",3291258,-9170037.002639154,3264212.2255871757
2021899705020,2021,899705020,2021-142036,COUNTY SHERIFF'S OFFICE,07 SEVENTH,HILLSBOROUGH,"March 30, 2021",2237,WEDNESDAY,1050 TAMPA,0350,Y,CROSSTOWN EXP,GANDY BLVD,0.189,W,27.894682,-82.507295,27.8939833,-82.5075257,10002000,0.136,01236,SR 618,,R RIGHT,1 THRU LANE 1,W WEST,03 TOLL ROAD URBAN,03 STATE,14 ENTRANCE/EXIT RAMP,03 SHOULDER,01 NOT AT INTERSECTION,02 UNPAVED,34,"September 17, 2018",12 URBAN PRIN ART EXPR.,24,PAVED WARN,2,VALLEY GUTR,4,,0,52,38500,RCI,9.9,,55,1 NO INJURY,31 Q/C COMPLETED - LOC VERIFIED,0 NO,01 NOT AT INTERSECTION/RRX/BRIDGE,04 DARK-LIGHTED,01 CLEAR,01 DRY,01 LEVEL,1 STRAIGHT,"TWO-WAY, DIVIDED, POSITIVE MED",,NO CONTROLS,NOT CODED,3,WORK ZONE (CONST/MNT/UTLTY)NTE,NOT CODED,NOT CODED,NONE,NOT CODED,NOT CODED,27 GUARDRAIL FACE,00 NOT CODED,04 BACKING,IMPROPER BACKING,NOT CODED,04 ACTIVITY AREA,01 LANE CLOSURE,02 YES,01 NO,01 NO,0,0,0,0,1,0,1,1,N,Y,N,N,Y,N,N,N,N,N,N,N,N,N,N,N,N,N,N,N,N,N,N,N,N,N,27.894217391,-82.507405017,351633.959656,3086397.597685,R,,ARBM15Q1R2,"January 7, 2023",3291310,-9184682.693217875,3235644.2068497324
2021899705500,2021,899705500,2021-142963,COUNTY SHERIFF'S OFFICE,07 SEVENTH,HILLSBOROUGH,"March 31, 2021",1425,THURSDAY,1050 TAMPA,0350,Y,GANDY BLVD W,MANHATTAN AVE,0.012,E,27.893734,-82.518213,27.8935028,-82.5182242,10130000,4.271,01550,SR 600,US 92,L LEFT,S SIDE OF ROAD,E EAST,20 URBAN 4-5LN 2WY DIVD RASD,05 LOCAL,01 NON-JUNCTION,02 OFF ROADWAY,01 NOT AT INTERSECTION,03 CURB,38,"September 13, 2015",14 URBAN PRIN ART OTHER,20,CURB&GUTTER,2,,0,,0,35,34000,RCI,4.9,2D00,45,1 NO INJURY,31 Q/C COMPLETED - LOC VERIFIED,0 NO,01 NOT AT INTERSECTION/RRX/BRIDGE,01 DAYLIGHT,01 CLEAR,01 DRY,01 LEVEL,1 STRAIGHT,UNKNOWN,,NO CONTROLS,NOT CODED,4,NONE,NOT CODED,NOT CODED,NONE,NOT CODED,NOT CODED,"36 OTHER POST, POLE, OR SUPPORT",00 NOT CODED,04 BACKING,IMPROPER BACKING,NOT CODED,00 NOT CODED,00 NOT CODED,00 NOT CODED,00 NOT CODED,01 NO,0,0,0,0,1,0,1,1,N,N,N,N,Y,N,N,N,N,N,N,N,N,N,N,N,N,N,N,N,N,N,N,N,N,N,27.893643507,-82.518404595,350550.39689,3086347.393035,L,,ARBM15Q1R2,"January 7, 2023",3291313,-9185907.160976596,3235571.9240975636