Crash Id,Calendar Year,FDOT Crash Number,Reporting Agency Case Number,Reporting Agency Type,FDOT Managing District,County Name,Crash Date,Crash Time,Day,DHSMV City,Crash Report City Code,In Town,On Roadway Name,Int Roadway Name,Reference Distance (Miles),Reference Direction,Officer Latitude,Officer Longitude,FDOT Latitude,FDOT Longitude,FDOT Roadway,Nearest Inventory MP,Nearest Node From Crash,State Road #,US Highway,Crash Side of Road,Accident Lane Number,Travel Direction Vehicle 1,FDOT Road Category,DHSMV Road System Id,Relation to Junction,Crash Harmful Event Location,Intersection Type,Shoulder Type,FDOT Roadway SKID Test Result,FDOT Roadway SKID Test Date,Functional Class,RCI Surface Width,RCI Shoulder Type First,RCI Shoulder Width First,RCI Shoulder Type Second,RCI Shoulder Width Second,RCI Shoulder Type Third,RCI Shoulder Width Third,RCI Median Width,Avg Daily Traffic,AADT Source,RCI Avg Per Truck Traffic,RCI Horiz Curve Condition,Posted Speed Limit,Highest Injury in Crash,CAR Status Code,Alcohols/Drug Involved,Site Location,Lighting,Weather,Road Surface,Roadway Grade,Roadway Alignment,Traffic Way Vehicle 1,Traffic Way Vehicle 2,Traffic Control Vehicle 1,Traffic Control Vehicle 2,Count of Lanes,Road Condition 1,Road Condition 2,Road Condition 3,Environment Condition 1,Environment Condition 2,Environment Condition 3,Crash Harmful Event,Manner of Collision,Vehicle Movement,Driver Action Vehicle 1,Driver Action Vehicle 2,Location Within Workzone,Type of Workzone,Workers Present in Workzone,Law Enforcement Present in Workzone,School Bus Related,Count of Nonfatal Injuries,Count of Traffic Fatalities,Count of Serious Injuries,Count of Pedestrians,Count of Drivers,Count of Bicyclists,Count of Vehicles,Count of Persons,Wrong Way,Workzone Inv,Commercial Vehicle Inv,Intersection Inv,Lane Departure,Speeding,Agressive Driving,Impaired Driver,Impaired Pedestrian,Impaired Bicyclist,Distracted Driver,Speeding or Aggressive Driving,Pedestrian Related,Bicyclist Related,Pedestrian or Bicyclist Related,Motorcycle Inv,No Belt,No Belt - Ages 1-4,No Belt - Ages 5-12,No Belt - Ages 13-17,Driver - Ages Teen,Driver - Ages 65 plus,Driver - Ages 65-69,Driver - Ages 70-74,Driver - Ages 75-79,Driver - Ages 80 plus,ARBM Latitude,ARBM Longitude,UTM Zone 17N X,UTM Zone 17N Y,ARBM Side of Road,Urban Rural Indicator,GIS Street Source,Extract Date,OBJECTID,x,y
2021899699960,2021,899699960,2021-126155,COUNTY SHERIFF'S OFFICE,07 SEVENTH,HILLSBOROUGH,"March 21, 2021",0055,MONDAY,1050 TAMPA,0350,Y,CROSSTOWN EXP,BAY TO BAY BLVD,0.025,S,27.919377,-82.49531,27.9196479,-82.4953273,10002008,0.152,01867,SR 618,,L LEFT,X RAMP,N NORTH,08 RAMP RURAL,05 LOCAL,14 ENTRANCE/EXIT RAMP,02 OFF ROADWAY,77 OTHER (SEE NARRATIVE),03 CURB,0,"December 31, 2000",,23,VALLEY GUTR,4,,0,,0,,4300,RCI,8.3,,,1 NO INJURY,31 Q/C COMPLETED - LOC VERIFIED,0 NO,08 EXIT RAMP,04 DARK-LIGHTED,01 CLEAR,01 DRY,01 LEVEL,2 CURVE RIGHT,ONE-WAY TRAFFICWAY,,NO CONTROLS,NOT CODED,2,UNKNOWN,NOT CODED,NOT CODED,NONE,NOT CODED,NOT CODED,37 FENCE,00 NOT CODED,01 STRAIGHT AHEAD,RAN OFF ROADWAY,NOT CODED,00 NOT CODED,00 NOT CODED,00 NOT CODED,00 NOT CODED,01 NO,0,0,0,0,1,0,1,1,N,N,N,N,Y,N,N,N,N,N,N,N,N,N,N,N,N,N,N,N,N,N,N,N,N,N,27.919649294,-82.495336588,352856.3724,3089200.7576,O,,ARBM15Q1R2,"January 7, 2023",3291316,-9183339.241614668,3238847.8263053033
2021899699980,2021,899699980,2021-126258,COUNTY SHERIFF'S OFFICE,08 TURNPIKE,HILLSBOROUGH,"March 21, 2021",0359,MONDAY,1050 TAMPA,0350,Y,VETERANS EXPY,MEMORIAL HWY,0.334,N,27.976915,-82.546595,27.98698,-82.5459058,10470000,1.421,05022,SR 589,,L LEFT,S SIDE OF ROAD,N NORTH,03 TOLL ROAD URBAN,05 LOCAL,14 ENTRANCE/EXIT RAMP,02 OFF ROADWAY,01 NOT AT INTERSECTION,01 PAVED,36,"May 10, 2020",12 URBAN PRIN ART EXPR.,36,PAVED WARN,12,,0,,0,30,76500,RCI,9.2,,60,0 UNKNOWN/NOT CODED,31 Q/C COMPLETED - LOC VERIFIED,0 NO,01 NOT AT INTERSECTION/RRX/BRIDGE,04 DARK-LIGHTED,01 CLEAR,01 DRY,01 LEVEL,3 CURVE LEFT,"TWO-WAY, DIVIDED, POSITIVE MED",,NO CONTROLS,NOT CODED,8,NONE,NOT CODED,NOT CODED,NONE,NOT CODED,NOT CODED,"39 OTHER FIXED OBJECT (WALL, BUIL",00 NOT CODED,01 STRAIGHT AHEAD,OPERATED MV IN CARLESS OR NEGL,NOT CODED,00 NOT CODED,00 NOT CODED,00 NOT CODED,00 NOT CODED,01 NO,0,0,0,0,1,0,1,1,N,N,N,N,Y,N,N,N,N,N,N,N,N,N,N,N,N,N,N,N,N,N,N,N,N,N,27.996734667,-82.546054767,347973.019092,3097803.647747,L,,ARBM15Q1R2,"January 7, 2023",3291317,-9188985.165282873,3248562.765430124
2021899687400,2021,899687400,2021-83481,COUNTY SHERIFF'S OFFICE,07 SEVENTH,HILLSBOROUGH,"February 22, 2021",0817,TUESDAY,1050 TAMPA,0350,Y,GANDY BLVD W,MANHATTAN AVE,0,,27.893625,-82.518429,27.8934738,-82.5184179,10130000,4.259,01550,SR 600,US 92,R RIGHT,2 THRU LANE 2,W WEST,20 URBAN 4-5LN 2WY DIVD RASD,05 LOCAL,02 INTERSECTION,01 ON ROADWAY,02 FOUR-WAY INTERSECTION,03 CURB,38,"September 13, 2015",14 URBAN PRIN ART OTHER,20,CURB&GUTTER,2,,0,,0,35,37000,RCI,4.9,2D00,45,4 INCAPACITATING INJURY,31 Q/C COMPLETED - LOC VERIFIED,0 NO,02 AT INTERSECTION,01 DAYLIGHT,01 CLEAR,01 DRY,01 LEVEL,1 STRAIGHT,"TWO-WAY, DIVIDED, POSITIVE MED","TWO-WAY, DIVIDED, POSITIVE MED",TRAFFIC CONTROL SIGNAL,TRAFFIC CONTROL SIGNAL,4,NONE,NOT CODED,NOT CODED,NONE,NOT CODED,NOT CODED,14 MOTOR VEHICLE IN TRANSPORT,03 ANGLE,03 TURNING LEFT,FAILED TO YIELD RIGHT-OF-WAY,NO CONTRIBUTING ACTION,00 NOT CODED,00 NOT CODED,00 NOT CODED,00 NOT CODED,01 NO,2,0,1,0,2,0,2,2,N,N,N,Y,N,N,N,N,N,N,N,N,N,N,N,N,N,N,N,N,N,N,N,N,N,N,27.893480531,-82.518420721,350548.585574,3086329.355805,R,,ARBM15Q1R2,"January 7, 2023",3291318,-9185908.956064513,3235551.396915228
2021899688130,2021,899688130,2021-85993,COUNTY SHERIFF'S OFFICE,07 SEVENTH,HILLSBOROUGH,"February 23, 2021",1824,WEDNESDAY,1050 TAMPA,0350,Y,21ST ST N,14TH AVE,0,,27.965635,-82.435534,27.9658572,-82.4355001,10250101,0.401,02064,SR 585,,R RIGHT,2 THRU LANE 2,W WEST,40 URBAN ONE WAY,05 LOCAL,02 INTERSECTION,01 ON ROADWAY,02 FOUR-WAY INTERSECTION,03 CURB,49,"September 13, 2016",16 URBAN MINOR ART,20,PAVED,4,RAISED CURB,0,,0,,3800,RCI,4.3,,30,4 INCAPACITATING INJURY,31 Q/C COMPLETED - LOC VERIFIED,0 NO,02 AT INTERSECTION,04 DARK-LIGHTED,01 CLEAR,01 DRY,01 LEVEL,1 STRAIGHT,ONE-WAY TRAFFICWAY,ONE-WAY TRAFFICWAY,TRAFFIC CONTROL SIGNAL,TRAFFIC CONTROL SIGNAL,2,NONE,NOT CODED,NOT CODED,NONE,NOT CODED,NOT CODED,14 MOTOR VEHICLE IN TRANSPORT,03 ANGLE,01 STRAIGHT AHEAD,FAILED TO YIELD RIGHT-OF-WAY,NO CONTRIBUTING ACTION,00 NOT CODED,00 NOT CODED,00 NOT CODED,00 NOT CODED,01 NO,2,0,1,0,2,0,2,2,N,N,N,Y,N,N,N,N,N,N,N,N,N,N,N,N,N,N,N,N,N,N,N,N,N,N,27.966056552,-82.43549771,358805.70612,3094271.85622,O,,ARBM15Q1R2,"January 7, 2023",3291322,-9176678.006381655,3244695.6235891
2021899669960,2021,899669960,2021-22584,COUNTY SHERIFF'S OFFICE,07 SEVENTH,HILLSBOROUGH,"January 14, 2021",1051,FRIDAY,1050 TAMPA,0350,Y,22ND ST N,HILLSBOROUGH AVE,0.005,N,27.996176,-82.434659,27.9960223,-82.4347462,10030000,1.002,01756,SR 600,US 41,T SIDE RD LEFT,S SIDE OF ROAD,W WEST,30 URBAN 6+LN 2WY DIVD RASD,05 LOCAL,02 INTERSECTION,01 ON ROADWAY,02 FOUR-WAY INTERSECTION,03 CURB,42,"February 15, 2021",14 URBAN PRIN ART OTHER,33,CURB&GUTTER,2,,0,,0,14,41000,RCI,3.8,,40,1 NO INJURY,31 Q/C COMPLETED - LOC VERIFIED,0 NO,03 INFLUENCED BY INTERSECTION,01 DAYLIGHT,01 CLEAR,01 DRY,01 LEVEL,1 STRAIGHT,"TWO-WAY, NOT DIVIDED",,TRAFFIC CONTROL SIGNAL,NOT CODED,6,NONE,NOT CODED,NOT CODED,NONE,NOT CODED,NOT CODED,"39 OTHER FIXED OBJECT (WALL, BUIL",00 NOT CODED,05 TURNING RIGHT,OVER-CORRECTING/OVERSTEERING,NOT CODED,00 NOT CODED,00 NOT CODED,00 NOT CODED,00 NOT CODED,01 NO,0,0,0,0,1,0,1,1,N,N,Y,Y,N,N,N,N,N,N,N,N,N,N,N,N,N,N,N,N,N,N,N,N,N,N,27.996084641,-82.434749675,358918.386638,3097597.935808,C,,ARBM15Q1R2,"January 7, 2023",3291327,-9176594.735656245,3248480.81504063
2021899704040,2021,899704040,2021-138629,COUNTY SHERIFF'S OFFICE,07 SEVENTH,HILLSBOROUGH,"March 29, 2021",2335,TUESDAY,1050 TAMPA,0350,Y,SR 574,MUNRO ST,0.028,W,27.981699,-82.468952,27.9815592,-82.4690764,10340000,2.216,03098,SR 574,,L LEFT,S SIDE OF ROAD,E EAST,22 URBAN 4-5LN 2WY UNDIVD,09 PARKING LOT,77 OTHER (SEE NARRATIVE),02 OFF ROADWAY,01 NOT AT INTERSECTION,03 CURB,38,"February 15, 2021",14 URBAN PRIN ART OTHER,40,CURB&GUTTER,2,,0,,0,,30500,RCI,2.4,,35,2 POSSIBLE INJURY,31 Q/C COMPLETED - LOC VERIFIED,0 NO,03 INFLUENCED BY INTERSECTION,04 DARK-LIGHTED,03 RAIN,02 WET,01 LEVEL,1 STRAIGHT,"TWO-WAY, NOT DIVIDED",,NO CONTROLS,NOT CODED,4,"RD SURFC (WET, ICY, SNOW, ETC)",NOT CODED,NOT CODED,NONE,NOT CODED,NOT CODED,"39 OTHER FIXED OBJECT (WALL, BUIL",00 NOT CODED,01 STRAIGHT AHEAD,DROVE TOO FAST FOR CONDITIONS,NOT CODED,00 NOT CODED,00 NOT CODED,00 NOT CODED,00 NOT CODED,01 NO,1,0,0,0,1,0,1,2,N,N,N,Y,N,Y,N,N,N,N,N,Y,N,N,N,N,N,N,N,N,N,N,N,N,N,N,27.981574819,-82.46907456,355523.396109,3096030.476007,C,,ARBM15Q1R2,"January 7, 2023",3291339,-9180415.765399247,3246651.647494616
2021895879170,2021,895879170,FHP21ON0016453,FLORIDA HIGHWAY PATROL,07 SEVENTH,HILLSBOROUGH,"December 1, 2021",0807,THURSDAY,1050 TAMPA,0350,N,SR 580,LAGOON ST,0,,27.9968499,-82.5834799,27.9966971,-82.5835323,10150000,4.752,01684,SR 580,,R RIGHT,3 THRU LANE 3,E EAST,30 URBAN 6+LN 2WY DIVD RASD,03 STATE,02 INTERSECTION,01 ON ROADWAY,02 FOUR-WAY INTERSECTION,03 CURB,43,"February 15, 2021",14 URBAN PRIN ART OTHER,36,CURB&GUTTER,2,,0,,0,18,57000,RCI,3.8,,45,4 INCAPACITATING INJURY,31 Q/C COMPLETED - LOC VERIFIED,0 NO,02 AT INTERSECTION,01 DAYLIGHT,01 CLEAR,01 DRY,01 LEVEL,1 STRAIGHT,"TWO-WAY, DIVIDED, POSITIVE MED","TWO-WAY, NOT DIVIDED",TRAFFIC CONTROL SIGNAL,TRAFFIC CONTROL SIGNAL,6,NONE,NOT CODED,NOT CODED,NONE,NOT CODED,NOT CODED,14 MOTOR VEHICLE IN TRANSPORT,03 ANGLE,01 STRAIGHT AHEAD,RAN RED LIGHT,NO CONTRIBUTING ACTION,00 NOT CODED,00 NOT CODED,00 NOT CODED,00 NOT CODED,01 NO,2,0,1,0,2,0,2,2,N,N,N,Y,N,N,N,N,N,N,Y,N,N,N,N,N,N,N,N,N,N,N,N,N,N,N,27.996687967,-82.583549986,344285.441561,3097845.760485,R,,ARBM15Q1R2,"January 7, 2023",3291341,-9193159.115205273,3248556.877754462
2021895789300,2021,895789300,FHP21ON0054595,FLORIDA HIGHWAY PATROL,07 SEVENTH,HILLSBOROUGH,"December 20, 2021",2003,TUESDAY,1050 TAMPA,0350,N,I 75,MILE MARKER #270.5,0.5,N,28.1300938,-82.3768614,28.1389556,-82.380014,10075000,37.384,01971,SR 93A,I 75,R RIGHT,2 THRU LANE 2,N NORTH,01 INTERSTATE URBAN,01 INTERSTATE,01 NON-JUNCTION,01 ON ROADWAY,01 NOT AT INTERSECTION,01 PAVED,39,"March 17, 2020",11 URBAN PRIN ART INT.,36,PAVED WARN,10,LAWN,12,,0,63,84500,RCI,17.3,1D00,70,4 INCAPACITATING INJURY,31 Q/C COMPLETED - LOC VERIFIED,0 NO,01 NOT AT INTERSECTION/RRX/BRIDGE,05 DARK-NOT LIGHTED,03 RAIN,02 WET,01 LEVEL,1 STRAIGHT,"TWO-WAY, DIVIDED, POSITIVE MED","TWO-WAY, DIVIDED, POSITIVE MED",NO CONTROLS,NO CONTROLS,6,NONE,NOT CODED,NOT CODED,NONE,NOT CODED,NOT CODED,15 PARKED MOTOR VEHICLE,01 FRONT TO REAR,08 PARKED,NO CONTRIBUTING ACTION,NO CONTRIBUTING ACTION,00 NOT CODED,00 NOT CODED,00 NOT CODED,00 NOT CODED,01 NO,3,0,1,0,2,0,2,3,N,N,N,N,Y,N,N,N,N,N,N,N,N,N,N,N,N,N,N,N,N,N,N,N,N,N,28.138987514,-82.380024421,364479.685187,3113368.685069,R,,ARBM15Q1R2,"January 7, 2023",3291355,-9170502.746873891,3266508.9221995557
2021895636520,2021,895636520,FHPC21OFF112619,FLORIDA HIGHWAY PATROL,07 SEVENTH,HILLSBOROUGH,"October 28, 2021",1644,FRIDAY,1050 TAMPA,0350,N,US 41,PALM RIVER RD,0.009,N,27.9430093,-82.4018716,27.9430032,-82.4018584,10060000,24.933,02471,SR 599,US 41,L LEFT,L LEFT TURN,S SOUTH,30 URBAN 6+LN 2WY DIVD RASD,02 U.S.,02 INTERSECTION,01 ON ROADWAY,02 FOUR-WAY INTERSECTION,03 CURB,39,"October 1, 2019",14 URBAN PRIN ART OTHER,24,PAVED,8,CURB&GUTTER,2,,0,14,39000,RCI,14.5,,50,4 INCAPACITATING INJURY,31 Q/C COMPLETED - LOC VERIFIED,0 NO,03 INFLUENCED BY INTERSECTION,01 DAYLIGHT,01 CLEAR,01 DRY,01 LEVEL,1 STRAIGHT,"TWO-WAY, DIVIDED, POSITIVE MED","TWO-WAY, DIVIDED, POSITIVE MED",NO CONTROLS,NO CONTROLS,5,NONE,NOT CODED,NOT CODED,NONE,NOT CODED,NOT CODED,14 MOTOR VEHICLE IN TRANSPORT,01 FRONT TO REAR,01 STRAIGHT AHEAD,OPERATED MV IN CARLESS OR NEGL,NO CONTRIBUTING ACTION,00 NOT CODED,00 NOT CODED,00 NOT CODED,00 NOT CODED,01 NO,2,0,1,0,3,0,3,3,N,N,N,Y,N,N,N,N,N,N,N,N,N,N,N,N,N,N,N,N,N,N,N,N,N,N,27.943012494,-82.401864781,362084.899437,3091680.309047,C,,ARBM15Q1R2,"January 7, 2023",3291447,-9172934.004760075,3241791.5187021964
2021895636540,2021,895636540,FHPC21OFF112778,FLORIDA HIGHWAY PATROL,07 SEVENTH,HILLSBOROUGH,"October 29, 2021",0305,SATURDAY,1050 TAMPA,0350,N,I 275,BIRD ST E,0.4,S,28.0186547,-82.4549644,28.0166753,-82.4547926,10320000,3.887,02829,SR 93,I 275,R RIGHT,S SIDE OF ROAD,N NORTH,01 INTERSTATE URBAN,01 INTERSTATE,01 NON-JUNCTION,01 ON ROADWAY,01 NOT AT INTERSECTION,01 PAVED,26,"February 14, 2021",11 URBAN PRIN ART INT.,36,PAVED WARN,19,VALLEY GUTR,4,,0,46,163000,RCI,6.2,,55,2 POSSIBLE INJURY,31 Q/C COMPLETED - LOC VERIFIED,0 NO,01 NOT AT INTERSECTION/RRX/BRIDGE,04 DARK-LIGHTED,02 CLOUDY,02 WET,05 SAG (BOTTOM),1 STRAIGHT,"TWO-WAY, DIVIDED, POSITIVE MED",,NO CONTROLS,NOT CODED,6,NONE,NOT CODED,NOT CODED,NONE,NOT CODED,NOT CODED,27 GUARDRAIL FACE,77 OTHER (SEE NARRATIVE),01 STRAIGHT AHEAD,OPERATED MV IN CARLESS OR NEGL,NOT CODED,00 NOT CODED,00 NOT CODED,00 NOT CODED,00 NOT CODED,01 NO,1,0,0,0,1,0,1,1,N,N,N,N,Y,N,N,N,N,N,N,N,N,N,N,N,N,N,N,N,N,N,N,N,N,N,28.016645961,-82.454790729,356974.642656,3099899.3682,R,,ARBM15Q1R2,"January 7, 2023",3291449,-9178825.69620424,3251073.2810180457
2021884360780,2021,884360780,FHPC21OFF002202,FLORIDA HIGHWAY PATROL,07 SEVENTH,HILLSBOROUGH,"January 6, 2021",2241,THURSDAY,1050 TAMPA,0350,N,I 75,SR 574,1,S,27.9630971,-82.3261961,27.9674412,-82.3261452,10075000,24.663,05875,SR 93A,I 75,M MEDIAN,M MIDDLE,N NORTH,01 INTERSTATE URBAN,01 INTERSTATE,01 NON-JUNCTION,04 MEDIAN,01 NOT AT INTERSECTION,01 PAVED,23,"March 17, 2020",11 URBAN PRIN ART INT.,36,PAVED WARN,10,LAWN,12,,0,88,143500,RCI,6.4,,70,1 NO INJURY,31 Q/C COMPLETED - LOC VERIFIED,0 NO,01 NOT AT INTERSECTION/RRX/BRIDGE,05 DARK-NOT LIGHTED,03 RAIN,02 WET,01 LEVEL,3 CURVE LEFT,"TWO-WAY, DIVIDED, POSITIVE MED",,NO CONTROLS,NOT CODED,6,NONE,NOT CODED,NOT CODED,NONE,NOT CODED,NOT CODED,27 GUARDRAIL FACE,77 OTHER (SEE NARRATIVE),01 STRAIGHT AHEAD,OPERATED MV IN CARLESS OR NEGL,NOT CODED,00 NOT CODED,00 NOT CODED,00 NOT CODED,00 NOT CODED,01 NO,0,0,0,0,1,0,1,1,N,N,N,N,Y,N,N,N,N,N,N,N,N,N,N,N,N,N,N,N,N,N,N,N,N,N,27.96712833,-82.326146636,369563.799258,3094269.006874,R,,ARBM15Q1R2,"January 7, 2023",3291536,-9164505.09689466,3244830.708864076
2021884360810,2021,884360810,FHPC21OFF019842,FLORIDA HIGHWAY PATROL,07 SEVENTH,HILLSBOROUGH,"February 25, 2021",2132,FRIDAY,1050 TAMPA,0350,Y,I 275,SR 60,0.3,E,27.9498557,-82.5257424,27.9493966,-82.5264482,10190000,2.469,02696,SR 93,I 275,L LEFT,2 THRU LANE 2,S SOUTH,01 INTERSTATE URBAN,01 INTERSTATE,01 NON-JUNCTION,01 ON ROADWAY,01 NOT AT INTERSECTION,01 PAVED,36,"September 17, 2018",11 URBAN PRIN ART INT.,60,PAVED WARN,12,,0,,0,22,190500,RCI,6.8,,55,2 POSSIBLE INJURY,31 Q/C COMPLETED - LOC VERIFIED,0 NO,01 NOT AT INTERSECTION/RRX/BRIDGE,04 DARK-LIGHTED,01 CLEAR,01 DRY,04 DOWNHILL,1 STRAIGHT,"TWO-WAY, DIVIDED, POSITIVE MED",,NO CONTROLS,NOT CODED,8,NONE,NOT CODED,NOT CODED,NONE,NOT CODED,NOT CODED,18 OTHER NON-FIXED OBJECT,77 OTHER (SEE NARRATIVE),01 STRAIGHT AHEAD,NO CONTRIBUTING ACTION,NOT CODED,00 NOT CODED,00 NOT CODED,00 NOT CODED,00 NOT CODED,01 NO,5,0,0,0,1,0,1,5,N,N,N,N,Y,N,N,N,N,N,N,N,N,N,N,N,N,N,N,N,Y,N,N,N,N,N,27.949523614,-82.52660209,349820.71138,3092548.724977,L,,ARBM15Q1R2,"January 7, 2023",3291537,-9186819.702462826,3242612.0131851537
2021899734760,2021,899734760,2021-238342,COUNTY SHERIFF'S OFFICE,07 SEVENTH,HILLSBOROUGH,"June 1, 2021",0010,WEDNESDAY,1050 TAMPA,0350,Y,SR 589,SR 60,0.112,N,27.959375,-82.540137,27.9590697,-82.5389406,10270118,0.112,06633,SR 60,,R RIGHT,X RAMP,W WEST,08 RAMP RURAL,05 LOCAL,01 NON-JUNCTION,03 SHOULDER,01 NOT AT INTERSECTION,01 PAVED,0,"December 31, 2000",,23,PAVED WARN,13,VALLEY GUTR,4,,0,,27500,RCI,8.9,,,1 NO INJURY,31 Q/C COMPLETED - LOC VERIFIED,1 ALC,07 ENTRANCE RAMP,04 DARK-LIGHTED,01 CLEAR,01 DRY,01 LEVEL,3 CURVE LEFT,ONE-WAY TRAFFICWAY,,NO CONTROLS,NOT CODED,2,NONE,NOT CODED,NOT CODED,NONE,NOT CODED,NOT CODED,27 GUARDRAIL FACE,00 NOT CODED,15 NEGOTIATING A CURVE,OPERATED MV IN CARLESS OR NEGL,NOT CODED,00 NOT CODED,00 NOT CODED,00 NOT CODED,00 NOT CODED,01 NO,0,0,0,0,1,0,1,1,N,N,N,N,Y,N,N,Y,N,N,N,N,N,N,N,N,N,N,N,N,N,N,N,N,N,N,27.959069175,-82.538941792,348619.950196,3093621.570304,O,,ARBM15Q1R2,"January 7, 2023",3291603,-9188193.352224821,3243814.9804061037
2021899740840,2021,899740840,2021-257979,COUNTY SHERIFF'S OFFICE,07 SEVENTH,HILLSBOROUGH,"June 14, 2021",0057,TUESDAY,1050 TAMPA,0350,Y,HIGHLAND AVE N,OSBORNE AVE,0.014,S,27.988602,-82.462072,27.988718,-82.4620454,10020101,0.299,02503,SR 685,USB 41,L LEFT,S SIDE OF ROAD,W WEST,40 URBAN ONE WAY,05 LOCAL,18 THROUGH ROADWAY,01 ON ROADWAY,01 NOT AT INTERSECTION,03 CURB,41,"February 14, 2021",16 URBAN MINOR ART,22,PAVED WARN,11,RAISED CURB,0,,0,,8000,RCI,4.7,,35,1 NO INJURY,31 Q/C COMPLETED - LOC VERIFIED,0 NO,01 NOT AT INTERSECTION/RRX/BRIDGE,04 DARK-LIGHTED,01 CLEAR,01 DRY,01 LEVEL,1 STRAIGHT,"TWO-WAY, NOT DIVIDED","TWO-WAY, NOT DIVIDED",NO CONTROLS,NO CONTROLS,2,NONE,NOT CODED,NOT CODED,NONE,NOT CODED,NOT CODED,09 OTHER NON-COLLISION,00 NOT CODED,01 STRAIGHT AHEAD,OPERATED MV IN CARLESS OR NEGL,NOT CODED,00 NOT CODED,00 NOT CODED,00 NOT CODED,00 NOT CODED,01 NO,0,0,0,0,1,0,2,1,N,N,N,N,Y,N,N,N,N,N,Y,N,N,N,N,N,N,N,N,N,N,N,N,N,N,N,27.988819586,-82.462056596,356223.278174,3096824.875494,O,,ARBM15Q1R2,"January 7, 2023",3291604,-9179634.528950294,3247564.9216637705
2021899740910,2021,899740910,2021-258117,COUNTY SHERIFF'S OFFICE,07 SEVENTH,HILLSBOROUGH,"June 14, 2021",0506,TUESDAY,1050 TAMPA,0350,Y,SR 589,INDEPENDENCE PKWY,0.102,S,27.976512,-82.546751,27.9764839,-82.5468118,10589116,0.102,06615,SR 589,,L LEFT,X RAMP,E EAST,08 RAMP RURAL,05 LOCAL,14 ENTRANCE/EXIT RAMP,02 OFF ROADWAY,01 NOT AT INTERSECTION,01 PAVED,0,"December 31, 2000",,30,PAVED,12,,0,,0,,6000,RCI,9.2,,,1 NO INJURY,31 Q/C COMPLETED - LOC VERIFIED,0 NO,07 ENTRANCE RAMP,04 DARK-LIGHTED,03 RAIN,02 WET,01 LEVEL,2 CURVE RIGHT,ONE-WAY TRAFFICWAY,,NO CONTROLS,NOT CODED,2,"RD SURFC (WET, ICY, SNOW, ETC)",NOT CODED,NOT CODED,NONE,NOT CODED,NOT CODED,"39 OTHER FIXED OBJECT (WALL, BUIL",00 NOT CODED,15 NEGOTIATING A CURVE,DROVE TOO FAST FOR CONDITIONS,NOT CODED,00 NOT CODED,00 NOT CODED,00 NOT CODED,00 NOT CODED,01 NO,0,0,0,0,1,0,1,1,N,N,N,N,Y,Y,N,N,N,N,N,Y,N,N,N,N,N,N,N,N,N,N,N,N,N,N,27.976499198,-82.546787822,347872.515913,3095562.5187,O,,ARBM15Q1R2,"January 7, 2023",3291605,-9189066.768571705,3246011.8517519827
2021899741130,2021,899741130,2021-258554,COUNTY SHERIFF'S OFFICE,07 SEVENTH,HILLSBOROUGH,"June 14, 2021",0045,TUESDAY,1050 TAMPA,0350,Y,BUSCH BLVD W,OAKLEAF AVE N,0.057,E,28.033563,-82.478023,28.0334301,-82.4783452,10310000,1.674,00052,SR 580,,L LEFT,S SIDE OF ROAD,E EAST,20 URBAN 4-5LN 2WY DIVD RASD,09 PARKING LOT,01 NON-JUNCTION,02 OFF ROADWAY,01 NOT AT INTERSECTION,03 CURB,50,"November 19, 2019",14 URBAN PRIN ART OTHER,22,CURB&GUTTER,2,,0,,0,11,43000,RCI,5.1,,40,1 NO INJURY,31 Q/C COMPLETED - LOC VERIFIED,0 NO,01 NOT AT INTERSECTION/RRX/BRIDGE,04 DARK-LIGHTED,01 CLEAR,01 DRY,01 LEVEL,1 STRAIGHT,"TWO-WAY, DIVIDED, POSITIVE MED",,NO CONTROLS,NOT CODED,4,NONE,NOT CODED,NOT CODED,NONE,NOT CODED,NOT CODED,"36 OTHER POST, POLE, OR SUPPORT",00 NOT CODED,88 UNKNOWN,RAN OFF ROADWAY,NOT CODED,00 NOT CODED,00 NOT CODED,00 NOT CODED,00 NOT CODED,01 NO,0,0,0,0,1,0,1,1,N,N,N,N,Y,N,N,N,N,N,N,N,N,N,N,N,N,N,N,N,N,N,N,N,N,N,28.03344244,-82.478338374,354681.87407,3101788.199613,C,,ARBM15Q1R2,"January 7, 2023",3291606,-9181447.008871365,3253191.425729935