Crash Id,Calendar Year,FDOT Crash Number,Reporting Agency Case Number,Reporting Agency Type,FDOT Managing District,County Name,Crash Date,Crash Time,Day,DHSMV City,Crash Report City Code,In Town,On Roadway Name,Int Roadway Name,Reference Distance (Miles),Reference Direction,Officer Latitude,Officer Longitude,FDOT Latitude,FDOT Longitude,FDOT Roadway,Nearest Inventory MP,Nearest Node From Crash,State Road #,US Highway,Crash Side of Road,Accident Lane Number,Travel Direction Vehicle 1,FDOT Road Category,DHSMV Road System Id,Relation to Junction,Crash Harmful Event Location,Intersection Type,Shoulder Type,FDOT Roadway SKID Test Result,FDOT Roadway SKID Test Date,Functional Class,RCI Surface Width,RCI Shoulder Type First,RCI Shoulder Width First,RCI Shoulder Type Second,RCI Shoulder Width Second,RCI Shoulder Type Third,RCI Shoulder Width Third,RCI Median Width,Avg Daily Traffic,AADT Source,RCI Avg Per Truck Traffic,RCI Horiz Curve Condition,Posted Speed Limit,Highest Injury in Crash,CAR Status Code,Alcohols/Drug Involved,Site Location,Lighting,Weather,Road Surface,Roadway Grade,Roadway Alignment,Traffic Way Vehicle 1,Traffic Way Vehicle 2,Traffic Control Vehicle 1,Traffic Control Vehicle 2,Count of Lanes,Road Condition 1,Road Condition 2,Road Condition 3,Environment Condition 1,Environment Condition 2,Environment Condition 3,Crash Harmful Event,Manner of Collision,Vehicle Movement,Driver Action Vehicle 1,Driver Action Vehicle 2,Location Within Workzone,Type of Workzone,Workers Present in Workzone,Law Enforcement Present in Workzone,School Bus Related,Count of Nonfatal Injuries,Count of Traffic Fatalities,Count of Serious Injuries,Count of Pedestrians,Count of Drivers,Count of Bicyclists,Count of Vehicles,Count of Persons,Wrong Way,Workzone Inv,Commercial Vehicle Inv,Intersection Inv,Lane Departure,Speeding,Agressive Driving,Impaired Driver,Impaired Pedestrian,Impaired Bicyclist,Distracted Driver,Speeding or Aggressive Driving,Pedestrian Related,Bicyclist Related,Pedestrian or Bicyclist Related,Motorcycle Inv,No Belt,No Belt - Ages 1-4,No Belt - Ages 5-12,No Belt - Ages 13-17,Driver - Ages Teen,Driver - Ages 65 plus,Driver - Ages 65-69,Driver - Ages 70-74,Driver - Ages 75-79,Driver - Ages 80 plus,ARBM Latitude,ARBM Longitude,UTM Zone 17N X,UTM Zone 17N Y,ARBM Side of Road,Urban Rural Indicator,GIS Street Source,Extract Date,OBJECTID,x,y
2021899737930,2021,899737930,2021-246568,COUNTY SHERIFF'S OFFICE,07 SEVENTH,HILLSBOROUGH,"June 6, 2021",1543,MONDAY,1050 TAMPA,0350,Y,I 4,COLUMBUS DR E,0.151,E,27.964677,-82.411752,27.9665028,-82.4030769,10190446,0.384,05976,SR 400,I 4,R RIGHT,X RAMP,E EAST,08 RAMP RURAL,05 LOCAL,14 ENTRANCE/EXIT RAMP,01 ON ROADWAY,01 NOT AT INTERSECTION,03 CURB,0,"December 31, 2000",,29,CURB&GUTTER,2,,0,,0,,14000,RCI,11.2,,,2 POSSIBLE INJURY,31 Q/C COMPLETED - LOC VERIFIED,0 NO,08 EXIT RAMP,01 DAYLIGHT,01 CLEAR,01 DRY,01 LEVEL,1 STRAIGHT,ONE-WAY TRAFFICWAY,ONE-WAY TRAFFICWAY,NO CONTROLS,NO CONTROLS,2,NONE,NOT CODED,NOT CODED,NONE,NOT CODED,NOT CODED,14 MOTOR VEHICLE IN TRANSPORT,"04 SIDESWIPE, SAME DIRECTION",06 CHANGING LANES,FAILED TO KEEP IN PROPER LANE,NO CONTRIBUTING ACTION,00 NOT CODED,00 NOT CODED,00 NOT CODED,00 NOT CODED,01 NO,1,0,0,0,2,0,2,2,N,N,N,N,Y,N,N,N,N,N,N,N,N,N,N,N,N,N,N,N,N,N,N,N,N,N,27.966500206,-82.403080921,361995.121342,3094283.959331,O,,ARBM15Q1R2,"January 7, 2023",3291620,-9173069.384968063,3244751.5408299593
2021899741940,2021,899741940,2021-260929,COUNTY SHERIFF'S OFFICE,07 SEVENTH,HILLSBOROUGH,"June 15, 2021",2224,WEDNESDAY,1050 TAMPA,0350,Y,SR 618,HIMES AVE S,0.028,E,27.905236,-82.50207,27.905028,-82.5021678,10002000,0.967,04780,SR 618,,R RIGHT,1 THRU LANE 1,E EAST,03 TOLL ROAD URBAN,06 TURNPIKE/TOLL,01 NON-JUNCTION,01 ON ROADWAY,01 NOT AT INTERSECTION,03 CURB,34,"September 17, 2018",12 URBAN PRIN ART EXPR.,24,PAVED WARN,6,VALLEY GUTR,4,,0,39,38500,RCI,9.9,1D30,55,1 NO INJURY,31 Q/C COMPLETED - LOC VERIFIED,0 NO,01 NOT AT INTERSECTION/RRX/BRIDGE,04 DARK-LIGHTED,03 RAIN,02 WET,01 LEVEL,1 STRAIGHT,ONE-WAY TRAFFICWAY,,NO CONTROLS,NOT CODED,4,"RD SURFC (WET, ICY, SNOW, ETC)",NOT CODED,NOT CODED,NONE,NOT CODED,NOT CODED,30 CONCRETE TRAFFIC BARRIER,00 NOT CODED,01 STRAIGHT AHEAD,DROVE TOO FAST FOR CONDITIONS,NOT CODED,00 NOT CODED,00 NOT CODED,00 NOT CODED,00 NOT CODED,01 NO,0,0,0,0,1,0,1,1,N,N,N,N,N,Y,N,N,N,N,N,Y,N,N,N,N,N,N,N,N,N,N,N,N,N,N,27.905250598,-82.50204144,352176.936209,3087613.534,R,,ARBM15Q1R2,"January 7, 2023",3291621,-9184085.622430628,3237033.951276276
2021899727120,2021,899727120,2021-215118,COUNTY SHERIFF'S OFFICE,07 SEVENTH,HILLSBOROUGH,"May 17, 2021",0108,TUESDAY,1050 TAMPA,0350,Y,40TH ST N,CONOVER ST E,0.009,N,27.993545,-82.414273,27.9935335,-82.4140082,10005000,2.669,02290,SR 599,US 41,L LEFT,S SIDE OF ROAD,N NORTH,20 URBAN 4-5LN 2WY DIVD RASD,09 PARKING LOT,01 NON-JUNCTION,02 OFF ROADWAY,01 NOT AT INTERSECTION,03 CURB,43,"October 1, 2019",14 URBAN PRIN ART OTHER,26,PAVED,15,CURB&GUTTER,2,,0,32,26500,RCI,5.4,,45,1 NO INJURY,31 Q/C COMPLETED - LOC VERIFIED,0 NO,03 INFLUENCED BY INTERSECTION,04 DARK-LIGHTED,01 CLEAR,01 DRY,01 LEVEL,1 STRAIGHT,"TWO-WAY, DIVIDED, POSITIVE MED",,NO CONTROLS,NOT CODED,4,NONE,NOT CODED,NOT CODED,NONE,NOT CODED,NOT CODED,"39 OTHER FIXED OBJECT (WALL, BUIL",00 NOT CODED,03 TURNING LEFT,OPERATED MV IN CARLESS OR NEGL,NOT CODED,00 NOT CODED,00 NOT CODED,00 NOT CODED,00 NOT CODED,01 NO,0,0,0,0,1,0,1,1,N,N,N,Y,N,N,N,N,N,N,N,N,N,N,N,Y,N,N,N,N,N,N,N,N,N,N,27.993537968,-82.414146609,360941.288468,3097292.128966,L,,ARBM15Q1R2,"January 7, 2023",3291623,-9174301.212111292,3248159.753420489
2021245770430,2021,245770430,2021-388276,COUNTY SHERIFF'S OFFICE,07 SEVENTH,HILLSBOROUGH,"September 10, 2021",1445,SATURDAY,1050 TAMPA,0350,Y,BUSCH BLVD E,50TH ST N,0,,28.032608,-82.401734,28.0325698,-82.4017403,10310000,6.358,00898,SR 580,,R RIGHT,1 THRU LANE 1,E EAST,30 URBAN 6+LN 2WY DIVD RASD,05 LOCAL,02 INTERSECTION,01 ON ROADWAY,02 FOUR-WAY INTERSECTION,01 PAVED,35,"October 2, 2019",14 URBAN PRIN ART OTHER,36,CURB&GUTTER,2,,0,,0,16,39500,RCI,3.4,,45,4 INCAPACITATING INJURY,31 Q/C COMPLETED - LOC VERIFIED,0 NO,02 AT INTERSECTION,01 DAYLIGHT,01 CLEAR,01 DRY,01 LEVEL,1 STRAIGHT,"TWO-WAY, DIVIDED, POSITIVE MED","TWO-WAY, NOT DIVIDED",TRAFFIC CONTROL SIGNAL,TRAFFIC CONTROL SIGNAL,6,NONE,NOT CODED,NOT CODED,NONE,NOT CODED,NOT CODED,14 MOTOR VEHICLE IN TRANSPORT,03 ANGLE,14 SLOWING,RAN RED LIGHT,NO CONTRIBUTING ACTION,00 NOT CODED,00 NOT CODED,00 NOT CODED,00 NOT CODED,01 NO,8,0,1,0,3,0,3,8,N,N,N,Y,N,N,N,N,N,N,N,N,N,N,N,N,N,N,N,N,N,N,N,N,N,N,28.032634805,-82.401731674,362212.020046,3101609.738484,C,,ARBM15Q1R2,"January 7, 2023",3291756,-9172919.18763105,3253089.570494576
2021899688250,2021,899688250,2021-86306,COUNTY SHERIFF'S OFFICE,07 SEVENTH,HILLSBOROUGH,"February 23, 2021",2208,WEDNESDAY,1050 TAMPA,0350,Y,FLORIDA AVE N,SCOTT ST E *,0.005,S,27.956284,-82.459546,27.9562721,-82.4594991,10020000,0.599,01110,SR 685,USB 41,L LEFT,S SIDE OF ROAD,0,40 URBAN ONE WAY,05 LOCAL,18 THROUGH ROADWAY,01 ON ROADWAY,01 NOT AT INTERSECTION,03 CURB,39,"February 14, 2021",16 URBAN MINOR ART,30,RAISED CURB,5,RAISED CURB,0,,0,,20500,RCI,3,,35,2 POSSIBLE INJURY,31 Q/C COMPLETED - LOC VERIFIED,0 NO,01 NOT AT INTERSECTION/RRX/BRIDGE,04 DARK-LIGHTED,01 CLEAR,01 DRY,01 LEVEL,1 STRAIGHT,ONE-WAY TRAFFICWAY,ONE-WAY TRAFFICWAY,NOT CODED,TRAFFIC CONTROL SIGNAL,3,NONE,NOT CODED,NOT CODED,NONE,NOT CODED,NOT CODED,14 MOTOR VEHICLE IN TRANSPORT,77 OTHER (SEE NARRATIVE),88 UNKNOWN,NOT CODED,NO CONTRIBUTING ACTION,00 NOT CODED,00 NOT CODED,00 NOT CODED,00 NOT CODED,01 NO,1,0,0,0,2,0,2,2,N,N,N,N,N,N,N,N,N,N,N,N,N,N,N,N,N,N,N,N,N,N,N,N,N,N,27.956324351,-82.459497151,356431.975068,3093221.554905,O,,ARBM15Q1R2,"January 7, 2023",3291826,-9179349.61265464,3243469.0567623493
2021899684160,2021,899684160,2021-70450,COUNTY SHERIFF'S OFFICE,07 SEVENTH,HILLSBOROUGH,"February 14, 2021",1617,MONDAY,1050 TAMPA,0350,Y,I 275,DOYLE CARLTON EXIT,0,,27.958205,-82.462993,27.9573238,-82.4620773,10190068,0.071,02676,SR 93,I 275,L LEFT,X RAMP,W WEST,08 RAMP RURAL,05 LOCAL,14 ENTRANCE/EXIT RAMP,02 OFF ROADWAY,01 NOT AT INTERSECTION,03 CURB,0,"December 31, 2000",,15,PAVED,4,VALLEY GUTR,4,,0,,13000,RCI,6.2,,,3 NO-INCAPACITATING INJURY,31 Q/C COMPLETED - LOC VERIFIED,0 NO,08 EXIT RAMP,01 DAYLIGHT,01 CLEAR,01 DRY,01 LEVEL,1 STRAIGHT,ONE-WAY TRAFFICWAY,,STOP SIGN,NOT CODED,1,NONE,NOT CODED,NOT CODED,NONE,NOT CODED,NOT CODED,10 PEDESTRIAN,00 NOT CODED,01 STRAIGHT AHEAD,RAN STOP SIGN,NOT CODED,00 NOT CODED,00 NOT CODED,00 NOT CODED,00 NOT CODED,01 NO,1,0,0,0,1,0,1,2,N,N,N,N,N,N,N,N,N,N,N,N,N,N,N,N,N,N,N,N,N,N,N,N,N,N,27.957321536,-82.462084098,356178.7928,3093335.0804,O,,ARBM15Q1R2,"January 7, 2023",3291830,-9179637.59034007,3243594.7287078034
2021899684370,2021,899684370,2021-71229,COUNTY SHERIFF'S OFFICE,07 SEVENTH,HILLSBOROUGH,"February 15, 2021",0110,TUESDAY,1050 TAMPA,0350,Y,COURTNEY CAMPBELL TRL,ROCKY POINT DR,0.05,E,27.967295,-82.567168,27.9674042,-82.5672411,10140000,5.062,08000,SR 60,,R RIGHT,S SIDE OF ROAD,E EAST,30 URBAN 6+LN 2WY DIVD RASD,09 PARKING LOT,01 NON-JUNCTION,02 OFF ROADWAY,01 NOT AT INTERSECTION,02 UNPAVED,36,"February 17, 2020",14 URBAN PRIN ART OTHER,36,PAVED,5,CURB&GUTTER,2,,0,28,69000,RCI,5.2,,50,0 UNKNOWN/NOT CODED,31 Q/C COMPLETED - LOC VERIFIED,0 NO,01 NOT AT INTERSECTION/RRX/BRIDGE,04 DARK-LIGHTED,03 RAIN,02 WET,01 LEVEL,1 STRAIGHT,"TWO-WAY, DIVIDED, POSITIVE MED",,UNKNOWN,NOT CODED,6,UNKNOWN,NOT CODED,NOT CODED,NONE,NOT CODED,NOT CODED,"39 OTHER FIXED OBJECT (WALL, BUIL",00 NOT CODED,88 UNKNOWN,NOT CODED,NOT CODED,00 NOT CODED,00 NOT CODED,00 NOT CODED,00 NOT CODED,01 NO,0,0,0,0,1,0,1,1,N,N,N,N,N,N,N,N,N,N,N,N,N,N,N,N,N,N,N,N,N,N,N,N,N,N,27.967408711,-82.567330077,345838.96449,3094581.076688,R,,ARBM15Q1R2,"January 7, 2023",3291831,-9191353.522524513,3244866.0470392574
2021899693280,2021,899693280,2021-104367,COUNTY SHERIFF'S OFFICE,07 SEVENTH,HILLSBOROUGH,"March 6, 2021",1110,SUNDAY,1050 TAMPA,0350,Y,40TH ST N,SR 574,0.028,S,27.981379,-82.414419,27.9810469,-82.4140286,10005000,1.809,00322,SR 599,US 41,L LEFT,S SIDE OF ROAD,S SOUTH,20 URBAN 4-5LN 2WY DIVD RASD,09 PARKING LOT,01 NON-JUNCTION,02 OFF ROADWAY,01 NOT AT INTERSECTION,03 CURB,43,"October 1, 2019",14 URBAN PRIN ART OTHER,26,PAVED,7,CURB&GUTTER,2,,0,24,23500,RCI,9.4,,45,1 NO INJURY,31 Q/C COMPLETED - LOC VERIFIED,0 NO,01 NOT AT INTERSECTION/RRX/BRIDGE,01 DAYLIGHT,01 CLEAR,01 DRY,01 LEVEL,1 STRAIGHT,"TWO-WAY, NOT DIVIDED",,TRAFFIC CONTROL SIGNAL,NOT CODED,4,NONE,NOT CODED,NOT CODED,NONE,NOT CODED,NOT CODED,"36 OTHER POST, POLE, OR SUPPORT",00 NOT CODED,77 OTHER (SEE NARRATIVE),NOT CODED,NOT CODED,00 NOT CODED,00 NOT CODED,00 NOT CODED,00 NOT CODED,01 NO,0,0,0,0,1,0,1,1,N,N,N,N,Y,N,N,N,N,N,N,N,N,N,N,N,N,N,N,N,N,N,N,N,N,N,27.981046292,-82.414163504,360923.593323,3095908.146215,L,,ARBM15Q1R2,"January 7, 2023",3291834,-9174303.09287145,3246585.0239733728
2021899713140,2021,899713140,2021-167837,COUNTY SHERIFF'S OFFICE,07 SEVENTH,HILLSBOROUGH,"April 16, 2021",0221,SATURDAY,1050 TAMPA,0350,Y,20TH ST S,HEMLOCK ST,0.047,S,27.937641,-82.436303,27.9376458,-82.4359944,10250001,0.268,05695,SR 45,USB 41,L LEFT,S SIDE OF ROAD,S SOUTH,30 URBAN 6+LN 2WY DIVD RASD,09 PARKING LOT,18 THROUGH ROADWAY,03 SHOULDER,01 NOT AT INTERSECTION,03 CURB,26,"October 2, 2019",14 URBAN PRIN ART OTHER,36,CURB&GUTTER,2,CURB&GUTTER,2,,0,22,36500,RCI,12.8,,45,3 NO-INCAPACITATING INJURY,31 Q/C COMPLETED - LOC VERIFIED,3 A/D,01 NOT AT INTERSECTION/RRX/BRIDGE,04 DARK-LIGHTED,01 CLEAR,01 DRY,01 LEVEL,3 CURVE LEFT,"TWO-WAY, DIVIDED, POSITIVE MED",,NO CONTROLS,NOT CODED,6,NONE,NOT CODED,NOT CODED,NONE,NOT CODED,NOT CODED,24 CURB,00 NOT CODED,15 NEGOTIATING A CURVE,"OPER MV AGRSIVE, ERATIC, RCKLS",NOT CODED,00 NOT CODED,00 NOT CODED,00 NOT CODED,00 NOT CODED,01 NO,2,0,0,0,1,0,1,2,N,N,N,N,Y,Y,Y,N,N,N,N,Y,N,N,N,N,N,N,N,N,N,N,N,N,N,N,27.937537021,-82.436102221,358709.109023,3091112.762436,L,,ARBM15Q1R2,"January 7, 2023",3291843,-9176745.300223308,3241101.56859707
2021895879300,2021,895879300,FHP21ON0026590,FLORIDA HIGHWAY PATROL,07 SEVENTH,HILLSBOROUGH,"December 6, 2021",1526,TUESDAY,1050 TAMPA,0350,N,US 41,4TH AVE SE,0,,28.14761,-82.4618799,28.1476384,-82.4618918,10040000,13.758,07860,SR 45,US 41,L LEFT,3 THRU LANE 3,S SOUTH,30 URBAN 6+LN 2WY DIVD RASD,02 U.S.,02 INTERSECTION,01 ON ROADWAY,03 T-INTERSECTION,03 CURB,39,"October 2, 2019",14 URBAN PRIN ART OTHER,36,PAVED,4,CURB&GUTTER,2,,0,22,37000,RCI,4.8,,45,4 INCAPACITATING INJURY,31 Q/C COMPLETED - LOC VERIFIED,0 NO,02 AT INTERSECTION,01 DAYLIGHT,01 CLEAR,01 DRY,01 LEVEL,1 STRAIGHT,"TWO-WAY, DIVIDED, POSITIVE MED","TWO-WAY, DIVIDED, POSITIVE MED",TRAFFIC CONTROL SIGNAL,TRAFFIC CONTROL SIGNAL,6,NONE,NOT CODED,NOT CODED,NONE,NOT CODED,NOT CODED,14 MOTOR VEHICLE IN TRANSPORT,01 FRONT TO REAR,01 STRAIGHT AHEAD,OPERATED MV IN CARLESS OR NEGL,NO CONTRIBUTING ACTION,00 NOT CODED,00 NOT CODED,00 NOT CODED,00 NOT CODED,01 NO,2,0,1,0,3,0,3,5,N,N,N,Y,N,N,N,N,N,N,Y,N,N,N,N,N,N,N,N,N,N,Y,N,Y,N,N,28.147626466,-82.462044181,356435.803769,3114420.102191,L,,ARBM15Q1R2,"January 7, 2023",3291845,-9179633.147469927,3267599.550231947
2021899702630,2021,899702630,2021-133336,COUNTY SHERIFF'S OFFICE,07 SEVENTH,HILLSBOROUGH,"March 25, 2021",1720,FRIDAY,1050 TAMPA,0350,Y,HILLSBOROUGH AVE E,15TH ST N,0.018,W,27.996036,-82.443238,27.9960218,-82.4432509,10030000,0.482,01752,SR 600,US 41,R RIGHT,2 THRU LANE 2,E EAST,30 URBAN 6+LN 2WY DIVD RASD,05 LOCAL,01 NON-JUNCTION,01 ON ROADWAY,01 NOT AT INTERSECTION,03 CURB,42,"February 15, 2021",14 URBAN PRIN ART OTHER,33,CURB&GUTTER,2,,0,,0,14,41000,RCI,3.8,,40,4 INCAPACITATING INJURY,31 Q/C COMPLETED - LOC VERIFIED,0 NO,03 INFLUENCED BY INTERSECTION,01 DAYLIGHT,01 CLEAR,01 DRY,01 LEVEL,1 STRAIGHT,"TWO-WAY, DIVIDED, POSITIVE MED","TWO-WAY, DIVIDED, POSITIVE MED",TRAFFIC CONTROL SIGNAL,TRAFFIC CONTROL SIGNAL,6,NONE,NOT CODED,NOT CODED,NONE,NOT CODED,NOT CODED,14 MOTOR VEHICLE IN TRANSPORT,01 FRONT TO REAR,01 STRAIGHT AHEAD,OPERATED MV IN CARLESS OR NEGL,NO CONTRIBUTING ACTION,00 NOT CODED,00 NOT CODED,00 NOT CODED,00 NOT CODED,01 NO,2,0,1,0,2,0,2,2,N,N,N,Y,N,N,N,N,N,N,N,N,N,N,N,N,N,N,N,N,N,Y,N,N,N,Y,27.996084817,-82.443253929,358082.048334,3097607.81736,C,,ARBM15Q1R2,"January 7, 2023",3291858,-9177541.425171278,3248480.83727093
2021895757820,2021,895757820,FHPC21OFF121049,FLORIDA HIGHWAY PATROL,07 SEVENTH,HILLSBOROUGH,"November 20, 2021",0048,SUNDAY,1050 TAMPA,0350,Y,I 75,CR 581,0.5,N,28.1286863,-82.3763073,28.1302373,-82.3769333,10075000,36.755,04290,SR 93A,I 75,M MEDIAN,M MIDDLE,N NORTH,01 INTERSTATE URBAN,01 INTERSTATE,01 NON-JUNCTION,04 MEDIAN,01 NOT AT INTERSECTION,01 PAVED,39,"March 17, 2020",11 URBAN PRIN ART INT.,36,PAVED WARN,10,LAWN,12,,0,63,84500,RCI,17.3,,70,1 NO INJURY,31 Q/C COMPLETED - LOC VERIFIED,0 NO,01 NOT AT INTERSECTION/RRX/BRIDGE,05 DARK-NOT LIGHTED,01 CLEAR,01 DRY,01 LEVEL,1 STRAIGHT,"TWO-WAY, DIVIDED, POSITIVE MED",,NO CONTROLS,NOT CODED,6,NONE,NOT CODED,NOT CODED,NONE,NOT CODED,NOT CODED,27 GUARDRAIL FACE,77 OTHER (SEE NARRATIVE),01 STRAIGHT AHEAD,OPERATED MV IN CARLESS OR NEGL,NOT CODED,00 NOT CODED,00 NOT CODED,00 NOT CODED,00 NOT CODED,01 NO,0,0,0,0,1,0,1,1,N,N,N,N,Y,N,N,N,N,N,N,N,N,N,N,N,N,N,N,N,N,N,N,N,N,N,28.130254766,-82.376932888,364772.344166,3112397.692843,R,,ARBM15Q1R2,"January 7, 2023",3291914,-9170158.598879198,3265406.5418467047
2021884422040,2021,884422040,FHPC21OFF004956,FLORIDA HIGHWAY PATROL,07 SEVENTH,HILLSBOROUGH,"January 15, 2021",0210,SATURDAY,1050 TAMPA,0350,N,I 275,FLETCHER AVE E,0,,28.06924,-82.4536399,28.0691332,-82.4555007,10320146,0,04578,SR 93,I 275,L LEFT,X RAMP,W WEST,08 RAMP RURAL,03 STATE,18 THROUGH ROADWAY,02 OFF ROADWAY,01 NOT AT INTERSECTION,03 CURB,0,"December 31, 2000",,15,CURB&GUTTER,2,RAISED CURB,0,,0,,13500,RCI,6.2,,,1 NO INJURY,31 Q/C COMPLETED - LOC VERIFIED,0 NO,07 ENTRANCE RAMP,04 DARK-LIGHTED,01 CLEAR,01 DRY,01 LEVEL,1 STRAIGHT,"TWO-WAY, DIVIDED, POSITIVE MED",,TRAFFIC CONTROL SIGNAL,NOT CODED,1,NONE,NOT CODED,NOT CODED,NONE,NOT CODED,NOT CODED,34 TRAFFIC SIGN SUPPORT,77 OTHER (SEE NARRATIVE),03 TURNING LEFT,OPERATED MV IN CARLESS OR NEGL,NOT CODED,00 NOT CODED,00 NOT CODED,00 NOT CODED,00 NOT CODED,01 NO,0,0,0,0,1,0,1,6,N,N,N,N,Y,N,N,N,N,N,Y,N,N,N,N,N,Y,N,N,Y,Y,N,N,N,N,N,28.069129271,-82.455507171,356973.661,3105715.1445,O,,ARBM15Q1R2,"January 7, 2023",3292116,-9178905.450384572,3257692.8643450392
2021884422220,2021,884422220,FHPC21OFF009581,FLORIDA HIGHWAY PATROL,07 SEVENTH,HILLSBOROUGH,"January 29, 2021",0214,SATURDAY,1050 TAMPA,0350,Y,I 275,ORANGE AVE N,0.038,S,27.9651229,-82.4472127,27.9579041,-82.4558805,10190072,0.118,01928,SR 93,I 275,R RIGHT,X RAMP,W WEST,08 RAMP RURAL,01 INTERSTATE,01 NON-JUNCTION,02 OFF ROADWAY,01 NOT AT INTERSECTION,01 PAVED,0,"December 31, 2000",,12,CURB&GUTTER,2,,0,,0,,9800,RCI,6.2,,,2 POSSIBLE INJURY,31 Q/C COMPLETED - LOC VERIFIED,0 NO,07 ENTRANCE RAMP,04 DARK-LIGHTED,01 CLEAR,01 DRY,01 LEVEL,1 STRAIGHT,"TWO-WAY, DIVIDED, POSITIVE MED",,NO CONTROLS,NOT CODED,1,NONE,NOT CODED,NOT CODED,NONE,NOT CODED,NOT CODED,19 IMPACT ATTENUATOR/CRASH CUSION,77 OTHER (SEE NARRATIVE),01 STRAIGHT AHEAD,OPERATED MV IN CARLESS OR NEGL,NOT CODED,00 NOT CODED,00 NOT CODED,00 NOT CODED,00 NOT CODED,01 NO,2,0,0,0,1,0,1,2,N,N,N,N,Y,N,N,N,N,N,Y,N,N,N,N,N,N,N,N,N,N,N,N,N,N,N,27.957874142,-82.455918245,356786.114195,3093389.063112,O,,ARBM15Q1R2,"January 7, 2023",3292118,-9178951.21058665,3243664.372371836
2021885193690,2021,885193690,FHPC21OFF070263,FLORIDA HIGHWAY PATROL,07 SEVENTH,HILLSBOROUGH,"July 4, 2021",1800,MONDAY,1050 TAMPA,0350,Y,US 41,131ST AVE E,0.1,N,28.06561,-82.4511399,28.0670986,-82.4511005,10040000,8.057,03794,SR 45,US 41,L LEFT,S SIDE OF ROAD,S SOUTH,20 URBAN 4-5LN 2WY DIVD RASD,02 U.S.,01 NON-JUNCTION,01 ON ROADWAY,01 NOT AT INTERSECTION,03 CURB,37,"October 2, 2019",14 URBAN PRIN ART OTHER,21,PAVED,4,CURB&GUTTER,2,,0,19,25000,RCI,5.1,,45,3 NO-INCAPACITATING INJURY,31 Q/C COMPLETED - LOC VERIFIED,0 NO,01 NOT AT INTERSECTION/RRX/BRIDGE,01 DAYLIGHT,02 CLOUDY,02 WET,01 LEVEL,1 STRAIGHT,"TWO-WAY, DIVIDED, POSITIVE MED",,TRAFFIC CONTROL SIGNAL,NOT CODED,4,"RD SURFC (WET, ICY, SNOW, ETC)",NOT CODED,NOT CODED,WEATHER CONDITIONS,NOT CODED,NOT CODED,33 UTILITY POLE/LIGHT SUPPORT,88 UNKNOWN,01 STRAIGHT AHEAD,FAILED TO KEEP IN PROPER LANE,NOT CODED,00 NOT CODED,00 NOT CODED,00 NOT CODED,00 NOT CODED,01 NO,2,0,0,0,1,0,1,2,N,N,N,N,Y,N,N,N,N,N,N,N,N,N,N,N,N,N,N,N,N,N,N,N,N,N,28.067139499,-82.451146596,357399.579376,3105489.569476,C,,ARBM15Q1R2,"January 7, 2023",3292124,-9178420.033241471,3257441.84072319
2021899742320,2021,899742320,2021-262063,COUNTY SHERIFF'S OFFICE,07 SEVENTH,HILLSBOROUGH,"June 16, 2021",1752,THURSDAY,1050 TAMPA,0350,Y,TAMPA ST N,VIRGINIA AVE,0.047,N,27.980495,-82.461045,27.9807157,-82.4611215,10020101,0.872,01007,SR 685,USB 41,R RIGHT,S SIDE OF ROAD,S SOUTH,40 URBAN ONE WAY,09 PARKING LOT,01 NON-JUNCTION,02 OFF ROADWAY,01 NOT AT INTERSECTION,03 CURB,41,"February 14, 2021",16 URBAN MINOR ART,36,PAVED,5,RAISED CURB,0,,0,,4100,RCI,4.9,,40,0 UNKNOWN/NOT CODED,31 Q/C COMPLETED - LOC VERIFIED,0 NO,01 NOT AT INTERSECTION/RRX/BRIDGE,01 DAYLIGHT,02 CLOUDY,02 WET,01 LEVEL,1 STRAIGHT,ONE-WAY TRAFFICWAY,,NO CONTROLS,NOT CODED,3,NONE,NOT CODED,NOT CODED,NONE,NOT CODED,NOT CODED,"36 OTHER POST, POLE, OR SUPPORT",00 NOT CODED,88 UNKNOWN,NOT CODED,NOT CODED,00 NOT CODED,00 NOT CODED,00 NOT CODED,00 NOT CODED,01 NO,0,0,0,0,0,0,1,0,N,N,N,N,Y,N,N,N,N,N,N,N,N,N,N,N,N,N,N,N,N,N,N,N,N,N,27.980804978,-82.461182946,356298.573778,3095935.866616,O,,ARBM15Q1R2,"January 7, 2023",3292185,-9179537.27457693,3246554.6050010044