Crash Id,Calendar Year,FDOT Crash Number,Reporting Agency Case Number,Reporting Agency Type,FDOT Managing District,County Name,Crash Date,Crash Time,Day,DHSMV City,Crash Report City Code,In Town,On Roadway Name,Int Roadway Name,Reference Distance (Miles),Reference Direction,Officer Latitude,Officer Longitude,FDOT Latitude,FDOT Longitude,FDOT Roadway,Nearest Inventory MP,Nearest Node From Crash,State Road #,US Highway,Crash Side of Road,Accident Lane Number,Travel Direction Vehicle 1,FDOT Road Category,DHSMV Road System Id,Relation to Junction,Crash Harmful Event Location,Intersection Type,Shoulder Type,FDOT Roadway SKID Test Result,FDOT Roadway SKID Test Date,Functional Class,RCI Surface Width,RCI Shoulder Type First,RCI Shoulder Width First,RCI Shoulder Type Second,RCI Shoulder Width Second,RCI Shoulder Type Third,RCI Shoulder Width Third,RCI Median Width,Avg Daily Traffic,AADT Source,RCI Avg Per Truck Traffic,RCI Horiz Curve Condition,Posted Speed Limit,Highest Injury in Crash,CAR Status Code,Alcohols/Drug Involved,Site Location,Lighting,Weather,Road Surface,Roadway Grade,Roadway Alignment,Traffic Way Vehicle 1,Traffic Way Vehicle 2,Traffic Control Vehicle 1,Traffic Control Vehicle 2,Count of Lanes,Road Condition 1,Road Condition 2,Road Condition 3,Environment Condition 1,Environment Condition 2,Environment Condition 3,Crash Harmful Event,Manner of Collision,Vehicle Movement,Driver Action Vehicle 1,Driver Action Vehicle 2,Location Within Workzone,Type of Workzone,Workers Present in Workzone,Law Enforcement Present in Workzone,School Bus Related,Count of Nonfatal Injuries,Count of Traffic Fatalities,Count of Serious Injuries,Count of Pedestrians,Count of Drivers,Count of Bicyclists,Count of Vehicles,Count of Persons,Wrong Way,Workzone Inv,Commercial Vehicle Inv,Intersection Inv,Lane Departure,Speeding,Agressive Driving,Impaired Driver,Impaired Pedestrian,Impaired Bicyclist,Distracted Driver,Speeding or Aggressive Driving,Pedestrian Related,Bicyclist Related,Pedestrian or Bicyclist Related,Motorcycle Inv,No Belt,No Belt - Ages 1-4,No Belt - Ages 5-12,No Belt - Ages 13-17,Driver - Ages Teen,Driver - Ages 65 plus,Driver - Ages 65-69,Driver - Ages 70-74,Driver - Ages 75-79,Driver - Ages 80 plus,ARBM Latitude,ARBM Longitude,UTM Zone 17N X,UTM Zone 17N Y,ARBM Side of Road,Urban Rural Indicator,GIS Street Source,Extract Date,OBJECTID,x,y
2021899721560,2021,899721560,2021-194841,COUNTY SHERIFF'S OFFICE,07 SEVENTH,HILLSBOROUGH,"May 4, 2021",2321,WEDNESDAY,1050 TAMPA,0350,Y,20TH ST S,HEMLOCK ST,0.009,N,27.9383,-82.436555,27.9383859,-82.4363648,10250001,0.324,05693,SR 45,USB 41,L LEFT,S SIDE OF ROAD,S SOUTH,30 URBAN 6+LN 2WY DIVD RASD,05 LOCAL,77 OTHER (SEE NARRATIVE),03 SHOULDER,02 FOUR-WAY INTERSECTION,03 CURB,26,"October 2, 2019",14 URBAN PRIN ART OTHER,36,CURB&GUTTER,2,,0,,0,22,36500,RCI,12.8,,45,5 FATAL(WITHIN 30 DAYS) INJURY,31 Q/C COMPLETED - LOC VERIFIED,3 A/D,03 INFLUENCED BY INTERSECTION,04 DARK-LIGHTED,01 CLEAR,01 DRY,01 LEVEL,3 CURVE LEFT,"TWO-WAY, DIVIDED, POSITIVE MED",,NO CONTROLS,NOT CODED,6,NONE,NOT CODED,NOT CODED,NONE,NOT CODED,NOT CODED,24 CURB,00 NOT CODED,15 NEGOTIATING A CURVE,EXCEEDED POSTED SPEED,NOT CODED,00 NOT CODED,00 NOT CODED,00 NOT CODED,00 NOT CODED,01 NO,0,1,0,0,1,0,1,1,N,N,N,Y,N,Y,N,Y,N,N,N,Y,N,N,N,Y,N,N,N,N,N,N,N,N,N,N,27.938278803,-82.436493869,358671.537768,3091195.400012,L,,ARBM15Q1R2,"January 7, 2023",3292186,-9176788.89822343,3241195.0366264614
2021899724680,2021,899724680,2021-206454,COUNTY SHERIFF'S OFFICE,07 SEVENTH,HILLSBOROUGH,"May 11, 2021",1052,WEDNESDAY,1050 TAMPA,0350,Y,SR 574,TALIFERRO AVE N,0.046,E,27.981532,-82.452502,27.9814241,-82.4523886,10340000,3.235,03118,SR 574,,L LEFT,1 THRU LANE 1,W WEST,20 URBAN 4-5LN 2WY DIVD RASD,03 STATE,01 NON-JUNCTION,01 ON ROADWAY,01 NOT AT INTERSECTION,03 CURB,36,"February 15, 2021",14 URBAN PRIN ART OTHER,24,CURB&GUTTER,2,,0,,0,18,29000,RCI,3.7,,35,4 INCAPACITATING INJURY,31 Q/C COMPLETED - LOC VERIFIED,0 NO,03 INFLUENCED BY INTERSECTION,01 DAYLIGHT,01 CLEAR,01 DRY,01 LEVEL,1 STRAIGHT,"TWO-WAY, DIVIDED, UNPROTECTED","TWO-WAY, NOT DIV, W/CONT LTURN",NO CONTROLS,NO CONTROLS,4,NONE,NOT CODED,NOT CODED,NONE,NOT CODED,NOT CODED,14 MOTOR VEHICLE IN TRANSPORT,01 FRONT TO REAR,01 STRAIGHT AHEAD,FOLLOWED TOO CLOSELY,NO CONTRIBUTING ACTION,00 NOT CODED,00 NOT CODED,00 NOT CODED,00 NOT CODED,01 NO,2,0,1,0,2,0,2,3,N,N,N,Y,N,N,N,N,N,N,N,N,N,N,N,N,N,N,N,N,N,N,N,N,N,N,27.981464819,-82.45237846,357165.433829,3095998.640907,C,,ARBM15Q1R2,"January 7, 2023",3292191,-9178557.163503028,3246637.7813698356
2021899724440,2021,899724440,2021-205076,COUNTY SHERIFF'S OFFICE,07 SEVENTH,HILLSBOROUGH,"May 10, 2021",1210,TUESDAY,1050 TAMPA,0350,Y,SR 574,TO N MARGUERITE ST,0,,27.981462,-82.454195,27.9814321,-82.4542573,10340000,3.121,00361,SR 574,,R RIGHT,1 THRU LANE 1,S SOUTH,20 URBAN 4-5LN 2WY DIVD RASD,05 LOCAL,03 INTERSECTION-RELATED,01 ON ROADWAY,02 FOUR-WAY INTERSECTION,03 CURB,38,"February 15, 2021",14 URBAN PRIN ART OTHER,24,CURB&GUTTER,2,,0,,0,17,32000,RCI,3.3,,35,4 INCAPACITATING INJURY,31 Q/C COMPLETED - LOC VERIFIED,0 NO,02 AT INTERSECTION,01 DAYLIGHT,01 CLEAR,01 DRY,01 LEVEL,1 STRAIGHT,"TWO-WAY, NOT DIVIDED","TWO-WAY, NOT DIVIDED",TRAFFIC CONTROL SIGNAL,TRAFFIC CONTROL SIGNAL,4,NONE,NOT CODED,NOT CODED,NONE,NOT CODED,NOT CODED,14 MOTOR VEHICLE IN TRANSPORT,03 ANGLE,03 TURNING LEFT,FAILED TO YIELD RIGHT-OF-WAY,NO CONTRIBUTING ACTION,00 NOT CODED,00 NOT CODED,00 NOT CODED,00 NOT CODED,01 NO,3,0,1,0,2,0,2,5,N,N,Y,Y,N,N,N,N,N,N,N,N,N,N,N,N,N,N,N,N,N,N,N,N,N,N,27.981476582,-82.45424709,356981.656146,3096002.131943,C,,ARBM15Q1R2,"January 7, 2023",3292197,-9178765.178557424,3246639.2640762585
2021245809840,2021,245809840,2021-504187,COUNTY SHERIFF'S OFFICE,07 SEVENTH,HILLSBOROUGH,"December 2, 2021",0928,FRIDAY,1050 TAMPA,0350,Y,TAMPA ST N,VIRGINIA AVE,0.03,S,27.979557,-82.461021,27.9795988,-82.4610874,10020101,0.949,02514,SR 685,USB 41,R RIGHT,1 THRU LANE 1,S SOUTH,40 URBAN ONE WAY,03 STATE,01 NON-JUNCTION,02 OFF ROADWAY,01 NOT AT INTERSECTION,03 CURB,41,"February 14, 2021",16 URBAN MINOR ART,36,PAVED,5,RAISED CURB,0,,0,,4100,RCI,4.9,,40,1 NO INJURY,31 Q/C COMPLETED - LOC VERIFIED,0 NO,01 NOT AT INTERSECTION/RRX/BRIDGE,01 DAYLIGHT,01 CLEAR,01 DRY,01 LEVEL,1 STRAIGHT,ONE-WAY TRAFFICWAY,,NO CONTROLS,NOT CODED,3,NONE,NOT CODED,NOT CODED,NONE,NOT CODED,NOT CODED,33 UTILITY POLE/LIGHT SUPPORT,00 NOT CODED,01 STRAIGHT AHEAD,RAN OFF ROADWAY,NOT CODED,00 NOT CODED,00 NOT CODED,00 NOT CODED,00 NOT CODED,01 NO,0,0,0,0,1,0,1,1,N,N,N,N,Y,N,N,N,N,N,N,N,N,N,N,N,N,N,N,N,N,N,N,N,N,N,27.97969607,-82.461089542,356306.29046,3095812.895091,O,,ARBM15Q1R2,"January 7, 2023",3292319,-9179526.876964796,3246414.8226791727
2021245813970,2021,245813970,2021-516093,COUNTY SHERIFF'S OFFICE,07 SEVENTH,HILLSBOROUGH,"December 10, 2021",2141,SATURDAY,1050 TAMPA,0350,Y,FLORIDA AVE N,GENESEE ST W *,0,,27.984413,-82.459456,27.9845019,-82.462047,10020101,0.589,02509,SR 685,USB 41,R RIGHT,1 THRU LANE 1,W WEST,40 URBAN ONE WAY,03 STATE,03 INTERSECTION-RELATED,01 ON ROADWAY,03 T-INTERSECTION,01 PAVED,41,"February 14, 2021",16 URBAN MINOR ART,22,PAVED WARN,11,RAISED CURB,0,,0,,8000,RCI,4.7,,35,2 POSSIBLE INJURY,31 Q/C COMPLETED - LOC VERIFIED,0 NO,02 AT INTERSECTION,04 DARK-LIGHTED,01 CLEAR,01 DRY,01 LEVEL,1 STRAIGHT,ONE-WAY TRAFFICWAY,ONE-WAY TRAFFICWAY,NO CONTROLS,NO CONTROLS,2,NONE,NOT CODED,NOT CODED,NONE,NOT CODED,NOT CODED,14 MOTOR VEHICLE IN TRANSPORT,03 ANGLE,03 TURNING LEFT,IMPROPER TURN,NO CONTRIBUTING ACTION,00 NOT CODED,00 NOT CODED,00 NOT CODED,00 NOT CODED,01 NO,1,0,0,0,2,0,2,2,N,N,N,Y,N,N,N,N,N,N,N,N,N,N,N,N,N,N,N,N,N,N,N,N,N,N,27.984592025,-82.462044552,356218.852735,3096356.46767,O,,ARBM15Q1R2,"January 7, 2023",3292320,-9179633.188225335,3247031.9885382173
2021245777080,2021,245777080,2021-408392,COUNTY SHERIFF'S OFFICE,07 SEVENTH,HILLSBOROUGH,"September 24, 2021",1138,SATURDAY,1050 TAMPA,0350,Y,GANDY BLVD W,TRASK ST,0,,27.893292,-82.522732,27.8932684,-82.5226864,10130000,3.997,01548,SR 600,US 92,R RIGHT,2 THRU LANE 2,S SOUTH,20 URBAN 4-5LN 2WY DIVD RASD,05 LOCAL,02 INTERSECTION,01 ON ROADWAY,02 FOUR-WAY INTERSECTION,03 CURB,38,"September 13, 2015",14 URBAN PRIN ART OTHER,20,CURB&GUTTER,2,,0,,0,35,37000,RCI,4.9,,45,1 NO INJURY,31 Q/C COMPLETED - LOC VERIFIED,0 NO,02 AT INTERSECTION,01 DAYLIGHT,01 CLEAR,01 DRY,01 LEVEL,1 STRAIGHT,"TWO-WAY, NOT DIVIDED","TWO-WAY, NOT DIVIDED",STOP SIGN,NO CONTROLS,4,NONE,NOT CODED,NOT CODED,NONE,NOT CODED,NOT CODED,14 MOTOR VEHICLE IN TRANSPORT,03 ANGLE,01 STRAIGHT AHEAD,FAILED TO YIELD RIGHT-OF-WAY,NO CONTRIBUTING ACTION,00 NOT CODED,00 NOT CODED,00 NOT CODED,00 NOT CODED,01 NO,0,0,0,0,2,0,2,2,N,N,N,Y,N,N,N,N,N,N,N,N,N,N,N,N,N,N,N,N,N,N,N,N,N,N,27.893264686,-82.522696894,350127.3474,3086310.668597,R,,ARBM15Q1R2,"January 7, 2023",3292325,-9186384.977627197,3235524.2106202813
2021899704660,2021,899704660,2021-140763,COUNTY SHERIFF'S OFFICE,07 SEVENTH,HILLSBOROUGH,"March 30, 2021",0739,WEDNESDAY,1050 TAMPA,0350,Y,SR 574,HIMES AVE N,0.17,E,27.98138,-82.498536,27.9812837,-82.4985719,10340000,0.415,04560,SR 574,,L LEFT,2 THRU LANE 2,E EAST,20 URBAN 4-5LN 2WY DIVD RASD,05 LOCAL,02 INTERSECTION,01 ON ROADWAY,01 NOT AT INTERSECTION,03 CURB,36,"February 15, 2021",14 URBAN PRIN ART OTHER,24,CURB&GUTTER,2,,0,,0,16,23500,RCI,3.6,,35,1 NO INJURY,31 Q/C COMPLETED - LOC VERIFIED,0 NO,04 DRIVEWAY ACCESS,01 DAYLIGHT,01 CLEAR,01 DRY,01 LEVEL,1 STRAIGHT,"TWO-WAY, DIVIDED, POSITIVE MED","TWO-WAY, NOT DIVIDED",TRAFFIC CONTROL SIGNAL,TRAFFIC CONTROL SIGNAL,4,NONE,NOT CODED,NOT CODED,NONE,NOT CODED,NOT CODED,14 MOTOR VEHICLE IN TRANSPORT,01 FRONT TO REAR,03 TURNING LEFT,FAILED TO YIELD RIGHT-OF-WAY,NO CONTRIBUTING ACTION,00 NOT CODED,00 NOT CODED,00 NOT CODED,00 NOT CODED,01 NO,0,0,0,0,2,0,2,2,N,N,N,N,N,N,N,N,N,N,N,N,N,N,N,N,N,N,N,N,N,N,N,N,N,N,27.98133482,-82.498578404,352621.1355,3096039.153973,C,,ARBM15Q1R2,"January 7, 2023",3292351,-9183700.119182648,3246621.3942065816
2021899667670,2021,899667670,2021-13060,COUNTY SHERIFF'S OFFICE,07 SEVENTH,HILLSBOROUGH,"January 7, 2021",1233,FRIDAY,1050 TAMPA,0350,Y,DALE MABRY HWY N,ALVA ST W,0,,27.983811,-82.50556,27.9840111,-82.5052622,10130000,11.219,01619,SR 600,US 92,L LEFT,1 THRU LANE 1,0,33 SUBURBAN 6+LN 2WY DIVD RASD,05 LOCAL,01 NON-JUNCTION,02 OFF ROADWAY,01 NOT AT INTERSECTION,03 CURB,36,"February 15, 2021",14 URBAN PRIN ART OTHER,36,PAVED,6,LAWN,12,,0,17,61000,RCI,2.5,,45,2 POSSIBLE INJURY,31 Q/C COMPLETED - LOC VERIFIED,0 NO,02 AT INTERSECTION,01 DAYLIGHT,01 CLEAR,01 DRY,01 LEVEL,1 STRAIGHT,"TWO-WAY, DIVIDED, UNPROTECTED","TWO-WAY, DIVIDED, UNPROTECTED",NOT CODED,NO CONTROLS,6,NONE,NOT CODED,NOT CODED,NONE,NOT CODED,NOT CODED,14 MOTOR VEHICLE IN TRANSPORT,77 OTHER (SEE NARRATIVE),88 UNKNOWN,NOT CODED,NO CONTRIBUTING ACTION,00 NOT CODED,00 NOT CODED,00 NOT CODED,00 NOT CODED,01 NO,1,0,0,0,2,0,2,2,N,N,N,Y,N,N,N,N,N,N,N,N,N,N,N,N,N,N,N,N,N,Y,N,Y,N,N,27.983997324,-82.50530583,351963.073161,3096342.290048,C,,ARBM15Q1R2,"January 7, 2023",3292375,-9184449.01306398,3246957.02108426
2021895669510,2021,895669510,FHPC21OFF118628,FLORIDA HIGHWAY PATROL,07 SEVENTH,HILLSBOROUGH,"November 13, 2021",1620,SUNDAY,1050 TAMPA,0350,Y,I 75,FLETCHER AVE,0.2,S,28.0698499,-82.35402,28.0676846,-82.352916,10075000,32.046,04279,SR 93A,I 75,R RIGHT,S SIDE OF ROAD,N NORTH,01 INTERSTATE URBAN,01 INTERSTATE,01 NON-JUNCTION,03 SHOULDER,01 NOT AT INTERSECTION,01 PAVED,39,"March 17, 2020",11 URBAN PRIN ART INT.,48,PAVED WARN,8,VALLEY GUTR,4,,0,428,135500,RCI,10.5,,70,1 NO INJURY,31 Q/C COMPLETED - LOC VERIFIED,0 NO,01 NOT AT INTERSECTION/RRX/BRIDGE,01 DAYLIGHT,02 CLOUDY,01 DRY,01 LEVEL,1 STRAIGHT,"TWO-WAY, DIVIDED, POSITIVE MED",,NO CONTROLS,NOT CODED,8,NONE,NOT CODED,NOT CODED,NONE,NOT CODED,NOT CODED,14 MOTOR VEHICLE IN TRANSPORT,77 OTHER (SEE NARRATIVE),01 STRAIGHT AHEAD,FAILED TO KEEP IN PROPER LANE,NOT CODED,00 NOT CODED,00 NOT CODED,00 NOT CODED,00 NOT CODED,01 NO,0,0,0,0,1,0,1,1,N,N,N,N,Y,N,N,N,N,N,N,N,N,N,N,N,N,N,N,N,N,N,N,N,N,N,28.06757631,-82.352928918,367052.757626,3105426.808418,R,,ARBM15Q1R2,"January 7, 2023",3292388,-9167486.488245333,3257496.9473026465
2021899729930,2021,899729930,2021-222896,COUNTY SHERIFF'S OFFICE,07 SEVENTH,HILLSBOROUGH,"May 21, 2021",2356,SATURDAY,1050 TAMPA,0350,Y,HILLSBOROUGH AVE W,ST VINCENT ST N,0.009,E,27.995917,-82.494283,27.9960499,-82.4959028,10150000,10.111,01709,SR 600,US 92,R RIGHT,S SIDE OF ROAD,E EAST,30 URBAN 6+LN 2WY DIVD RASD,09 PARKING LOT,01 NON-JUNCTION,10 ROADSIDE,01 NOT AT INTERSECTION,03 CURB,40,"February 15, 2021",14 URBAN PRIN ART OTHER,36,PAVED,4,CURB&GUTTER,2,,0,31,60500,RCI,4.6,1D2719,45,3 NO-INCAPACITATING INJURY,31 Q/C COMPLETED - LOC VERIFIED,0 NO,03 INFLUENCED BY INTERSECTION,04 DARK-LIGHTED,01 CLEAR,01 DRY,01 LEVEL,1 STRAIGHT,"TWO-WAY, DIVIDED, POSITIVE MED",,NO CONTROLS,NOT CODED,6,NONE,NOT CODED,NOT CODED,NONE,NOT CODED,NOT CODED,24 CURB,00 NOT CODED,01 STRAIGHT AHEAD,EXCEEDED POSTED SPEED,NOT CODED,00 NOT CODED,00 NOT CODED,00 NOT CODED,00 NOT CODED,01 NO,2,0,0,0,1,0,1,2,N,N,N,Y,N,Y,N,N,N,N,N,Y,N,N,N,N,N,N,N,N,N,N,N,N,N,N,27.996037557,-82.495896438,352904.893465,3097664.926668,R,,ARBM15Q1R2,"January 7, 2023",3292747,-9183401.564025544,3248474.87898795
2021899724570,2021,899724570,2021-205841,COUNTY SHERIFF'S OFFICE,07 SEVENTH,HILLSBOROUGH,"May 10, 2021",2242,TUESDAY,1050 TAMPA,0350,Y,FOWLER AVE E,15TH ST,0,,28.054611,-82.44285,28.0544225,-82.4428589,10290000,1.013,00818,SR 582,,L LEFT,3 THRU LANE 3,E EAST,30 URBAN 6+LN 2WY DIVD RASD,05 LOCAL,02 INTERSECTION,01 ON ROADWAY,02 FOUR-WAY INTERSECTION,03 CURB,36,"February 14, 2021",14 URBAN PRIN ART OTHER,44,PAVED,7,CURB&GUTTER,2,,0,28,51521,RCI,2.5,,45,2 POSSIBLE INJURY,31 Q/C COMPLETED - LOC VERIFIED,0 NO,02 AT INTERSECTION,04 DARK-LIGHTED,01 CLEAR,01 DRY,01 LEVEL,1 STRAIGHT,"TWO-WAY, DIVIDED, POSITIVE MED","TWO-WAY, DIVIDED, POSITIVE MED",TRAFFIC CONTROL SIGNAL,TRAFFIC CONTROL SIGNAL,8,NONE,NOT CODED,NOT CODED,NONE,NOT CODED,NOT CODED,14 MOTOR VEHICLE IN TRANSPORT,02 FRONT TO FRONT,03 TURNING LEFT,FAILED TO YIELD RIGHT-OF-WAY,NO CONTRIBUTING ACTION,00 NOT CODED,00 NOT CODED,00 NOT CODED,00 NOT CODED,01 NO,1,0,0,0,2,0,2,2,N,N,N,Y,N,N,N,N,N,N,N,N,N,N,N,N,N,N,N,N,N,N,N,N,N,N,28.054614753,-82.442856751,358197.855661,3104092.196844,L,,ARBM15Q1R2,"January 7, 2023",3292754,-9177497.211576259,3255861.862834304
2021899722880,2021,899722880,2021-198465,COUNTY SHERIFF'S OFFICE,07 SEVENTH,HILLSBOROUGH,"May 6, 2021",0508,FRIDAY,1050 TAMPA,0350,Y,DALE MABRY HWY S,GANDY BLVD,0.135,W,27.895753,-82.506352,27.8936451,-82.5085132,10130000,4.865,01081,SR 600,US 92,M MEDIAN,M MIDDLE,N NORTH,30 URBAN 6+LN 2WY DIVD RASD,05 LOCAL,18 THROUGH ROADWAY,01 ON ROADWAY,01 NOT AT INTERSECTION,01 PAVED,38,"September 13, 2015",14 URBAN PRIN ART OTHER,30,CURB&GUTTER,2,,0,,0,35,34000,RCI,4.9,,45,1 NO INJURY,31 Q/C COMPLETED - LOC VERIFIED,0 NO,01 NOT AT INTERSECTION/RRX/BRIDGE,04 DARK-LIGHTED,01 CLEAR,01 DRY,01 LEVEL,1 STRAIGHT,"TWO-WAY, DIVIDED, POSITIVE MED",,NO CONTROLS,NOT CODED,5,NONE,NOT CODED,NOT CODED,NONE,NOT CODED,NOT CODED,27 GUARDRAIL FACE,00 NOT CODED,01 STRAIGHT AHEAD,OPERATED MV IN CARLESS OR NEGL,NOT CODED,00 NOT CODED,00 NOT CODED,00 NOT CODED,00 NOT CODED,01 NO,0,0,0,0,1,0,1,2,N,N,N,N,N,N,N,N,N,N,N,N,N,N,N,N,N,N,N,N,Y,N,N,N,N,N,27.893644842,-82.508498177,351525.570018,3086335.48731,R,,ARBM15Q1R2,"January 7, 2023",3292755,-9184804.383298658,3235572.092325102
2021899742510,2021,899742510,2021-262579,COUNTY SHERIFF'S OFFICE,07 SEVENTH,HILLSBOROUGH,"June 17, 2021",0040,FRIDAY,1050 TAMPA,0350,Y,FLORIDA AVE N,CASS ST *,0,,27.951674,-82.458762,27.9511322,-82.4604041,10020101,2.914,02546,SR 685,USB 41,R RIGHT,1 THRU LANE 1,E EAST,40 URBAN ONE WAY,05 LOCAL,02 INTERSECTION,01 ON ROADWAY,02 FOUR-WAY INTERSECTION,03 CURB,41,"February 14, 2021",16 URBAN MINOR ART,33,PAVED,8,RAISED CURB,0,,0,,19000,RCI,3.6,,30,1 NO INJURY,31 Q/C COMPLETED - LOC VERIFIED,0 NO,02 AT INTERSECTION,04 DARK-LIGHTED,02 CLOUDY,02 WET,01 LEVEL,1 STRAIGHT,"TWO-WAY, DIVIDED, UNPROTECTED","TWO-WAY, DIVIDED, UNPROTECTED",TRAFFIC CONTROL SIGNAL,TRAFFIC CONTROL SIGNAL,3,NONE,NOT CODED,NOT CODED,NONE,NOT CODED,NOT CODED,14 MOTOR VEHICLE IN TRANSPORT,03 ANGLE,01 STRAIGHT AHEAD,RAN RED LIGHT,NO CONTRIBUTING ACTION,00 NOT CODED,00 NOT CODED,00 NOT CODED,00 NOT CODED,01 NO,0,0,0,0,2,0,2,2,N,N,Y,Y,N,N,N,N,N,N,N,N,N,N,N,N,N,N,N,N,N,N,N,N,N,N,27.951155104,-82.460405764,356335.741092,3092649.897847,O,,ARBM15Q1R2,"January 7, 2023",3292763,-9179450.75900793,3242817.612260819
2021899736280,2021,899736280,2021-243228,COUNTY SHERIFF'S OFFICE,07 SEVENTH,HILLSBOROUGH,"June 4, 2021",0416,SATURDAY,1050 TAMPA,0350,Y,26TH AVE E,40TH ST N,0.01,E,27.974162,-82.413765,27.974107,-82.4139542,10005000,1.331,02274,SR 569,,S SIDE RD RIGHT,S SIDE OF ROAD,W WEST,20 URBAN 4-5LN 2WY DIVD RASD,05 LOCAL,01 NON-JUNCTION,02 OFF ROADWAY,01 NOT AT INTERSECTION,03 CURB,43,"October 1, 2019",16 URBAN MINOR ART,26,PAVED,7,CURB&GUTTER,2,,0,42,19700,RCI,8.3,,45,4 INCAPACITATING INJURY,31 Q/C COMPLETED - LOC VERIFIED,1 ALC,03 INFLUENCED BY INTERSECTION,04 DARK-LIGHTED,01 CLEAR,01 DRY,01 LEVEL,1 STRAIGHT,"TWO-WAY, NOT DIVIDED",,NO CONTROLS,NOT CODED,4,NONE,NOT CODED,NOT CODED,NONE,NOT CODED,NOT CODED,33 UTILITY POLE/LIGHT SUPPORT,00 NOT CODED,15 NEGOTIATING A CURVE,DROVE TOO FAST FOR CONDITIONS,NOT CODED,00 NOT CODED,00 NOT CODED,00 NOT CODED,00 NOT CODED,01 NO,2,0,2,0,1,0,1,4,N,N,N,Y,N,Y,N,N,N,N,N,Y,N,N,N,N,N,N,N,N,N,N,N,N,N,N,27.974102382,-82.413937197,360936.943675,3095138.546332,R,,ARBM15Q1R2,"January 7, 2023",3292764,-9174277.900307527,3245709.7375781774
2021245739620,2021,245739620,2021-294330,COUNTY SHERIFF'S OFFICE,07 SEVENTH,HILLSBOROUGH,"July 8, 2021",0117,FRIDAY,1050 TAMPA,0350,Y,BIRD ST EXIT,I 275,0,,28.022575,-82.455319,28.0224273,-82.4551275,10320172,0.075,02785,SR 93,I 275,S SIDE RD RIGHT,C CROSSWALK,N NORTH,08 RAMP RURAL,05 LOCAL,14 ENTRANCE/EXIT RAMP,01 ON ROADWAY,02 FOUR-WAY INTERSECTION,03 CURB,0,"December 31, 2000",,15,PAVED,5,CURB&GUTTER,2,,0,,7300,RCI,6.2,,,2 POSSIBLE INJURY,31 Q/C COMPLETED - LOC VERIFIED,0 NO,08 EXIT RAMP,04 DARK-LIGHTED,01 CLEAR,01 DRY,01 LEVEL,1 STRAIGHT,"TWO-WAY, NOT DIVIDED",,TRAFFIC CONTROL SIGNAL,NOT CODED,1,NONE,NOT CODED,NOT CODED,NONE,NOT CODED,NOT CODED,34 TRAFFIC SIGN SUPPORT,00 NOT CODED,01 STRAIGHT AHEAD,RAN OFF ROADWAY,NOT CODED,00 NOT CODED,00 NOT CODED,00 NOT CODED,00 NOT CODED,01 NO,1,0,0,0,1,0,1,1,N,N,N,N,Y,N,N,N,N,N,N,N,N,N,N,N,N,N,N,N,N,N,N,N,N,N,28.022425257,-82.455126149,356949.3035,3100540.0819,O,,ARBM15Q1R2,"January 7, 2023",3292875,-9178863.03510142,3251802.0503853
2021895758180,2021,895758180,FHP21ON0049107,FLORIDA HIGHWAY PATROL,07 SEVENTH,HILLSBOROUGH,"December 18, 2021",0001,SUNDAY,1050 TAMPA,0350,Y,I 275,HILLSBOROUGH AVE,0,,27.9981133,-82.4540308,27.9982486,-82.4539894,10320165,0,02833,SR 93,I 275,L LEFT,X RAMP,S SOUTH,08 RAMP RURAL,01 INTERSTATE,14 ENTRANCE/EXIT RAMP,03 SHOULDER,01 NOT AT INTERSECTION,03 CURB,0,"December 31, 2000",,16,CURB&GUTTER,2,,0,,0,,11000,RCI,6.2,,,2 POSSIBLE INJURY,31 Q/C COMPLETED - LOC VERIFIED,0 NO,08 EXIT RAMP,04 DARK-LIGHTED,01 CLEAR,01 DRY,04 DOWNHILL,1 STRAIGHT,ONE-WAY TRAFFICWAY,,NO CONTROLS,NOT CODED,1,NONE,NOT CODED,NOT CODED,NONE,NOT CODED,NOT CODED,34 TRAFFIC SIGN SUPPORT,77 OTHER (SEE NARRATIVE),01 STRAIGHT AHEAD,FAILED TO KEEP IN PROPER LANE,NOT CODED,00 NOT CODED,00 NOT CODED,00 NOT CODED,00 NOT CODED,01 NO,1,0,0,0,1,0,1,1,N,N,N,N,Y,N,N,N,N,N,Y,N,N,N,N,N,N,N,N,N,N,Y,Y,N,N,N,27.998249829,-82.453988101,357029.2674,3097860.2215,O,,ARBM15Q1R2,"January 7, 2023",3292930,-9178736.348033257,3248753.788578457
2021884712520,2021,884712520,FHPC21OFF032635,FLORIDA HIGHWAY PATROL,07 SEVENTH,HILLSBOROUGH,"March 30, 2021",1315,WEDNESDAY,1050 TAMPA,0350,N,I 275,HILLSBOROUGH AVE E,0.061,S,27.9989671,-82.4538622,27.9973673,-82.454087,10320165,0.061,03534,SR 93,I 275,L LEFT,X RAMP,S SOUTH,08 RAMP RURAL,01 INTERSTATE,14 ENTRANCE/EXIT RAMP,01 ON ROADWAY,01 NOT AT INTERSECTION,03 CURB,0,"December 31, 2000",,16,CURB&GUTTER,2,,0,,0,,11000,RCI,6.2,,,2 POSSIBLE INJURY,31 Q/C COMPLETED - LOC VERIFIED,0 NO,08 EXIT RAMP,01 DAYLIGHT,02 CLOUDY,01 DRY,04 DOWNHILL,1 STRAIGHT,ONE-WAY TRAFFICWAY,ONE-WAY TRAFFICWAY,NO CONTROLS,NO CONTROLS,1,NONE,NOT CODED,NOT CODED,NONE,NOT CODED,NOT CODED,14 MOTOR VEHICLE IN TRANSPORT,01 FRONT TO REAR,01 STRAIGHT AHEAD,OPERATED MV IN CARLESS OR NEGL,NO CONTRIBUTING ACTION,00 NOT CODED,00 NOT CODED,00 NOT CODED,00 NOT CODED,01 NO,1,0,0,0,2,0,2,3,N,N,N,N,Y,N,N,N,N,N,Y,N,N,N,N,N,N,N,N,N,N,N,N,N,N,N,27.997372521,-82.454084763,357018.603222,3097763.133351,O,,ARBM15Q1R2,"January 7, 2023",3293136,-9178747.10839195,3248643.1824721233