Crash Id,Calendar Year,FDOT Crash Number,Reporting Agency Case Number,Reporting Agency Type,FDOT Managing District,County Name,Crash Date,Crash Time,Day,DHSMV City,Crash Report City Code,In Town,On Roadway Name,Int Roadway Name,Reference Distance (Miles),Reference Direction,Officer Latitude,Officer Longitude,FDOT Latitude,FDOT Longitude,FDOT Roadway,Nearest Inventory MP,Nearest Node From Crash,State Road #,US Highway,Crash Side of Road,Accident Lane Number,Travel Direction Vehicle 1,FDOT Road Category,DHSMV Road System Id,Relation to Junction,Crash Harmful Event Location,Intersection Type,Shoulder Type,FDOT Roadway SKID Test Result,FDOT Roadway SKID Test Date,Functional Class,RCI Surface Width,RCI Shoulder Type First,RCI Shoulder Width First,RCI Shoulder Type Second,RCI Shoulder Width Second,RCI Shoulder Type Third,RCI Shoulder Width Third,RCI Median Width,Avg Daily Traffic,AADT Source,RCI Avg Per Truck Traffic,RCI Horiz Curve Condition,Posted Speed Limit,Highest Injury in Crash,CAR Status Code,Alcohols/Drug Involved,Site Location,Lighting,Weather,Road Surface,Roadway Grade,Roadway Alignment,Traffic Way Vehicle 1,Traffic Way Vehicle 2,Traffic Control Vehicle 1,Traffic Control Vehicle 2,Count of Lanes,Road Condition 1,Road Condition 2,Road Condition 3,Environment Condition 1,Environment Condition 2,Environment Condition 3,Crash Harmful Event,Manner of Collision,Vehicle Movement,Driver Action Vehicle 1,Driver Action Vehicle 2,Location Within Workzone,Type of Workzone,Workers Present in Workzone,Law Enforcement Present in Workzone,School Bus Related,Count of Nonfatal Injuries,Count of Traffic Fatalities,Count of Serious Injuries,Count of Pedestrians,Count of Drivers,Count of Bicyclists,Count of Vehicles,Count of Persons,Wrong Way,Workzone Inv,Commercial Vehicle Inv,Intersection Inv,Lane Departure,Speeding,Agressive Driving,Impaired Driver,Impaired Pedestrian,Impaired Bicyclist,Distracted Driver,Speeding or Aggressive Driving,Pedestrian Related,Bicyclist Related,Pedestrian or Bicyclist Related,Motorcycle Inv,No Belt,No Belt - Ages 1-4,No Belt - Ages 5-12,No Belt - Ages 13-17,Driver - Ages Teen,Driver - Ages 65 plus,Driver - Ages 65-69,Driver - Ages 70-74,Driver - Ages 75-79,Driver - Ages 80 plus,ARBM Latitude,ARBM Longitude,UTM Zone 17N X,UTM Zone 17N Y,ARBM Side of Road,Urban Rural Indicator,GIS Street Source,Extract Date,OBJECTID,x,y
2021884556360,2021,884556360,FHPC21OFF006855,FLORIDA HIGHWAY PATROL,07 SEVENTH,HILLSBOROUGH,"January 21, 2021",0454,FRIDAY,1050 TAMPA,0350,Y,SR 580,HIMES AVE,0,,28.0363,-82.5006599,28.0363054,-82.5007432,10310000,0.267,04588,SR 580,,L LEFT,S SIDE OF ROAD,W WEST,21 URBAN 4-5LN 2WY DIVD PAVD,03 STATE,02 INTERSECTION,02 OFF ROADWAY,03 T-INTERSECTION,03 CURB,43,"October 2, 2019",14 URBAN PRIN ART OTHER,24,CURB&GUTTER,2,,0,,0,11,50000,RCI,4.4,,45,1 NO INJURY,31 Q/C COMPLETED - LOC VERIFIED,0 NO,02 AT INTERSECTION,04 DARK-LIGHTED,01 CLEAR,01 DRY,01 LEVEL,1 STRAIGHT,"TWO-WAY, DIVIDED, POSITIVE MED","TWO-WAY, DIVIDED, POSITIVE MED",TRAFFIC CONTROL SIGNAL,TRAFFIC CONTROL SIGNAL,4,NONE,NOT CODED,NOT CODED,NONE,NOT CODED,NOT CODED,24 CURB,77 OTHER (SEE NARRATIVE),03 TURNING LEFT,FAILED TO KEEP IN PROPER LANE,NO CONTRIBUTING ACTION,00 NOT CODED,00 NOT CODED,00 NOT CODED,00 NOT CODED,01 NO,0,0,0,0,2,0,2,2,N,N,N,Y,N,N,N,N,N,N,N,N,N,N,N,N,N,N,N,N,N,N,N,N,N,N,28.03629829,-82.500728562,352484.572408,3102131.520541,C,,ARBM15Q1R2,"January 7, 2023",3293177,-9183939.473943945,3253551.5996715007
2021884658680,2021,884658680,FHPC21OFF020342,FLORIDA HIGHWAY PATROL,07 SEVENTH,HILLSBOROUGH,"February 27, 2021",0200,SUNDAY,1050 TAMPA,0350,Y,I 275,I 4,0.019,N,27.9644588,-82.4508493,27.9632378,-82.4522822,10190007,0.019,02712,SR 93,I 275,R RIGHT,X RAMP,E EAST,08 RAMP RURAL,01 INTERSTATE,14 ENTRANCE/EXIT RAMP,03 SHOULDER,01 NOT AT INTERSECTION,01 PAVED,0,"December 31, 2000",,36,PAVED,12,,0,,0,,76500,RCI,6.8,,,2 POSSIBLE INJURY,31 Q/C COMPLETED - LOC VERIFIED,0 NO,07 ENTRANCE RAMP,04 DARK-LIGHTED,01 CLEAR,01 DRY,01 LEVEL,2 CURVE RIGHT,ONE-WAY TRAFFICWAY,ONE-WAY TRAFFICWAY,NO CONTROLS,NO CONTROLS,3,NONE,NOT CODED,NOT CODED,NONE,NOT CODED,NOT CODED,30 CONCRETE TRAFFIC BARRIER,77 OTHER (SEE NARRATIVE),15 NEGOTIATING A CURVE,OPERATED MV IN CARLESS OR NEGL,NO CONTRIBUTING ACTION,00 NOT CODED,00 NOT CODED,00 NOT CODED,00 NOT CODED,01 NO,1,0,0,0,2,0,2,3,N,N,N,N,Y,N,N,N,N,N,N,N,N,N,N,N,N,N,N,N,N,N,N,N,N,N,27.963268395,-82.452293743,357149.792071,3093982.473554,O,,ARBM15Q1R2,"January 7, 2023",3293180,-9178547.732668513,3244344.2159328116
2021884659090,2021,884659090,FHPC21OFF035121,FLORIDA HIGHWAY PATROL,07 SEVENTH,HILLSBOROUGH,"April 5, 2021",2225,TUESDAY,1050 TAMPA,0350,Y,I 275,ARMENIA AVE,1,E,27.95599,-82.48386,27.9557691,-82.4688129,10190000,6.101,01430,SR 93,I 275,M MEDIAN,M MIDDLE,N NORTH,01 INTERSTATE URBAN,01 INTERSTATE,01 NON-JUNCTION,02 OFF ROADWAY,01 NOT AT INTERSECTION,01 PAVED,35,"May 11, 2020",11 URBAN PRIN ART INT.,48,PAVED WARN,12,,0,,0,200,226000,RCI,6.8,,55,1 NO INJURY,31 Q/C COMPLETED - LOC VERIFIED,0 NO,01 NOT AT INTERSECTION/RRX/BRIDGE,04 DARK-LIGHTED,01 CLEAR,01 DRY,01 LEVEL,1 STRAIGHT,"TWO-WAY, DIVIDED, POSITIVE MED",,NO CONTROLS,NOT CODED,8,NONE,NOT CODED,NOT CODED,NONE,NOT CODED,NOT CODED,27 GUARDRAIL FACE,77 OTHER (SEE NARRATIVE),01 STRAIGHT AHEAD,OPERATED MV IN CARLESS OR NEGL,NOT CODED,00 NOT CODED,00 NOT CODED,00 NOT CODED,00 NOT CODED,01 NO,0,0,0,0,1,0,1,1,N,N,N,N,Y,N,N,N,N,N,N,N,N,N,N,N,N,N,N,N,N,N,N,N,N,N,27.955741581,-82.468776125,355518.331004,3093167.925204,R,,ARBM15Q1R2,"January 7, 2023",3293184,-9180382.54363679,3243395.612701058
2021899722920,2021,899722920,2021-199208,COUNTY SHERIFF'S OFFICE,07 SEVENTH,HILLSBOROUGH,"May 6, 2021",1502,FRIDAY,1050 TAMPA,0350,Y,HIGHLAND AVE N,HILDA ST W *,0,,27.987349,-82.462051,27.9874095,-82.4620459,10020101,0.389,02505,SR 685,USB 41,I INTERSECTION,M MIDDLE,S SOUTH,40 URBAN ONE WAY,05 LOCAL,18 THROUGH ROADWAY,02 OFF ROADWAY,02 FOUR-WAY INTERSECTION,03 CURB,41,"February 14, 2021",16 URBAN MINOR ART,22,PAVED WARN,11,RAISED CURB,0,,0,,8000,RCI,4.7,,35,2 POSSIBLE INJURY,31 Q/C COMPLETED - LOC VERIFIED,0 NO,02 AT INTERSECTION,01 DAYLIGHT,01 CLEAR,01 DRY,01 LEVEL,1 STRAIGHT,ONE-WAY TRAFFICWAY,ONE-WAY TRAFFICWAY,NO CONTROLS,NO CONTROLS,2,NONE,NOT CODED,NOT CODED,NONE,NOT CODED,NOT CODED,14 MOTOR VEHICLE IN TRANSPORT,77 OTHER (SEE NARRATIVE),01 STRAIGHT AHEAD,FAILED TO KEEP IN PROPER LANE,NO CONTRIBUTING ACTION,00 NOT CODED,00 NOT CODED,00 NOT CODED,00 NOT CODED,01 NO,1,0,0,0,2,0,2,3,N,N,N,Y,N,N,N,N,N,N,N,N,N,N,N,N,N,N,N,N,Y,N,N,N,N,N,27.987507488,-82.462046596,356222.520458,3096679.489435,O,,ARBM15Q1R2,"January 7, 2023",3293322,-9179633.415696822,3247399.514151144
2021899743490,2021,899743490,2021-265667,COUNTY SHERIFF'S OFFICE,07 SEVENTH,HILLSBOROUGH,"June 18, 2021",2325,SATURDAY,1050 TAMPA,0350,Y,GANDY BLVD W,CULBREATH KEY APTS,0.434,W,27.892378,-82.53719,27.8921275,-82.5371078,10130000,3.104,03667,SR 600,US 92,L LEFT,1 THRU LANE 1,W WEST,23 SUBURBAN 4-5LN 2WY DIVD RASD,05 LOCAL,01 NON-JUNCTION,01 ON ROADWAY,01 NOT AT INTERSECTION,03 CURB,36,"October 1, 2001",14 URBAN PRIN ART OTHER,24,PAVED,10,LAWN,10,,0,48,35500,RCI,4.9,0D30,55,4 INCAPACITATING INJURY,31 Q/C COMPLETED - LOC VERIFIED,0 NO,01 NOT AT INTERSECTION/RRX/BRIDGE,04 DARK-LIGHTED,01 CLEAR,01 DRY,01 LEVEL,1 STRAIGHT,"TWO-WAY, NOT DIVIDED","TWO-WAY, NOT DIVIDED",NO CONTROLS,NO CONTROLS,4,NONE,NOT CODED,NOT CODED,NONE,NOT CODED,NOT CODED,14 MOTOR VEHICLE IN TRANSPORT,01 FRONT TO REAR,06 CHANGING LANES,FAILED TO YIELD RIGHT-OF-WAY,NO CONTRIBUTING ACTION,00 NOT CODED,00 NOT CODED,00 NOT CODED,00 NOT CODED,01 NO,1,0,1,0,2,0,2,2,N,N,N,N,N,N,N,N,N,N,N,N,N,N,N,N,N,N,N,N,N,N,N,N,N,N,27.892288141,-82.537246412,348693.747407,3086220.367773,L,,ARBM15Q1R2,"January 7, 2023",3293324,-9188004.623090183,3235401.212788213
2021899736590,2021,899736590,2021-244087,COUNTY SHERIFF'S OFFICE,07 SEVENTH,HILLSBOROUGH,"June 4, 2021",2140,SATURDAY,1050 TAMPA,0350,Y,DALE MABRY HWY N,I 275,0.014,N,27.955933,-82.50544,27.955914,-82.505535,10130000,9.287,01522,SR 600,US 92,M MEDIAN,M MIDDLE,W WEST,30 URBAN 6+LN 2WY DIVD RASD,05 LOCAL,02 INTERSECTION,01 ON ROADWAY,02 FOUR-WAY INTERSECTION,03 CURB,36,"February 15, 2021",14 URBAN PRIN ART OTHER,48,PAVED,4,CURB&GUTTER,2,,0,52,54000,RCI,4.9,,40,2 POSSIBLE INJURY,31 Q/C COMPLETED - LOC VERIFIED,0 NO,01 NOT AT INTERSECTION/RRX/BRIDGE,04 DARK-LIGHTED,01 CLEAR,01 DRY,01 LEVEL,1 STRAIGHT,"TWO-WAY, DIVIDED, POSITIVE MED","TWO-WAY, DIVIDED, POSITIVE MED",NO CONTROLS,NO CONTROLS,8,NONE,NOT CODED,NOT CODED,NONE,NOT CODED,NOT CODED,14 MOTOR VEHICLE IN TRANSPORT,77 OTHER (SEE NARRATIVE),77 OTHER (SEE NARRATIVE),OTHER CONTRIBUTING ACTION,NO CONTRIBUTING ACTION,00 NOT CODED,00 NOT CODED,00 NOT CODED,00 NOT CODED,01 NO,2,0,0,0,3,0,3,4,N,N,N,N,N,N,N,N,N,N,N,N,N,N,N,N,N,N,N,N,Y,Y,Y,N,N,N,27.955924927,-82.505583134,351897.457182,3093232.310978,C,,ARBM15Q1R2,"January 7, 2023",3293327,-9184479.882297484,3243418.718861406
2021899743070,2021,899743070,2021-264189,COUNTY SHERIFF'S OFFICE,07 SEVENTH,HILLSBOROUGH,"June 18, 2021",0018,SATURDAY,1050 TAMPA,0350,Y,HILLSBOROUGH AVE,30TH ST N,0.223,W,27.996214,-82.430065,27.9960211,-82.4300692,10030000,1.288,01757,SR 600,US 41,L LEFT,S SIDE OF ROAD,W WEST,30 URBAN 6+LN 2WY DIVD RASD,09 PARKING LOT,18 THROUGH ROADWAY,01 ON ROADWAY,01 NOT AT INTERSECTION,03 CURB,42,"February 15, 2021",14 URBAN PRIN ART OTHER,33,CURB&GUTTER,2,,0,,0,14,45000,RCI,4.7,,40,3 NO-INCAPACITATING INJURY,31 Q/C COMPLETED - LOC VERIFIED,0 NO,01 NOT AT INTERSECTION/RRX/BRIDGE,04 DARK-LIGHTED,01 CLEAR,01 DRY,01 LEVEL,1 STRAIGHT,"TWO-WAY, NOT DIVIDED",,NO CONTROLS,NOT CODED,6,NONE,NOT CODED,NOT CODED,NONE,NOT CODED,NOT CODED,"39 OTHER FIXED OBJECT (WALL, BUIL",00 NOT CODED,01 STRAIGHT AHEAD,DROVE TOO FAST FOR CONDITIONS,NOT CODED,00 NOT CODED,00 NOT CODED,00 NOT CODED,00 NOT CODED,01 NO,1,0,0,0,1,0,1,3,N,N,N,N,N,Y,N,N,N,N,N,Y,N,N,N,N,N,N,N,N,N,N,N,N,N,N,27.996084815,-82.430070853,359378.518092,3097592.554205,C,,ARBM15Q1R2,"January 7, 2023",3293342,-9176073.891353477,3248480.8370947586
2021899743090,2021,899743090,2021-264382,COUNTY SHERIFF'S OFFICE,07 SEVENTH,HILLSBOROUGH,"June 18, 2021",0245,SATURDAY,1050 TAMPA,0350,Y,ADAMO DR,39TH ST N,0,,27.955477,-82.415643,27.9552856,-82.4156332,10110000,1.2,00286,SR 60,,L LEFT,1 THRU LANE 1,W WEST,20 URBAN 4-5LN 2WY DIVD RASD,05 LOCAL,03 INTERSECTION-RELATED,01 ON ROADWAY,03 T-INTERSECTION,03 CURB,34,"May 19, 2020",14 URBAN PRIN ART OTHER,22,PAVED,4,CURB&GUTTER,2,,0,38,25500,RCI,12.3,3D00,50,4 INCAPACITATING INJURY,31 Q/C COMPLETED - LOC VERIFIED,0 NO,02 AT INTERSECTION,05 DARK-NOT LIGHTED,01 CLEAR,01 DRY,01 LEVEL,1 STRAIGHT,"TWO-WAY, DIVIDED, POSITIVE MED","TWO-WAY, DIVIDED, POSITIVE MED",TRAFFIC CONTROL SIGNAL,TRAFFIC CONTROL SIGNAL,4,NONE,NOT CODED,NOT CODED,NONE,NOT CODED,NOT CODED,14 MOTOR VEHICLE IN TRANSPORT,03 ANGLE,01 STRAIGHT AHEAD,RAN RED LIGHT,NO CONTRIBUTING ACTION,00 NOT CODED,00 NOT CODED,00 NOT CODED,00 NOT CODED,01 NO,2,0,1,0,3,0,3,3,N,N,N,Y,N,N,N,N,N,N,N,N,N,N,N,N,N,N,N,N,N,N,N,N,N,N,27.955443212,-82.41553032,360756.284171,3093073.044434,L,,ARBM15Q1R2,"January 7, 2023",3293343,-9174455.245990027,3243358.0107666366
2021895636590,2021,895636590,FHPC21OFF113349,FLORIDA HIGHWAY PATROL,07 SEVENTH,HILLSBOROUGH,"October 30, 2021",2252,SUNDAY,1050 TAMPA,0350,N,HILLSBOROUGH AVE W,BENJAMIN RD,0,,27.9964419,-82.5420524,27.9962551,-82.5421323,10150000,7.284,08519,SR 580,,L LEFT,2 THRU LANE 2,W WEST,33 SUBURBAN 6+LN 2WY DIVD RASD,03 STATE,02 INTERSECTION,01 ON ROADWAY,03 T-INTERSECTION,03 CURB,38,"February 15, 2021",14 URBAN PRIN ART OTHER,36,PAVED,5,LAWN,12,,0,41,57884,RCI,4.9,,45,4 INCAPACITATING INJURY,31 Q/C COMPLETED - LOC VERIFIED,0 NO,02 AT INTERSECTION,04 DARK-LIGHTED,01 CLEAR,01 DRY,01 LEVEL,1 STRAIGHT,"TWO-WAY, DIVIDED, POSITIVE MED","TWO-WAY, DIVIDED, POSITIVE MED",TRAFFIC CONTROL SIGNAL,TRAFFIC CONTROL SIGNAL,6,NONE,NOT CODED,NOT CODED,NONE,NOT CODED,NOT CODED,14 MOTOR VEHICLE IN TRANSPORT,03 ANGLE,01 STRAIGHT AHEAD,RAN RED LIGHT,NO CONTRIBUTING ACTION,00 NOT CODED,00 NOT CODED,00 NOT CODED,00 NOT CODED,01 NO,1,0,1,0,2,0,2,2,N,N,N,Y,N,N,N,N,N,N,N,N,N,N,N,N,N,N,N,N,N,N,N,N,N,N,27.996446645,-82.542108688,348360.695284,3097766.824911,L,,ARBM15Q1R2,"January 7, 2023",3293459,-9188545.88968313,3248526.4535976104
2021895636690,2021,895636690,FHPC21OFF118434,FLORIDA HIGHWAY PATROL,07 SEVENTH,HILLSBOROUGH,"November 13, 2021",0110,SUNDAY,1050 TAMPA,0350,N,I 275,ASHELY DR,0.019,N,27.9577209,-82.4630549,27.9553989,-82.4623013,10190457,0.019,01925,SR 93,I 275,L LEFT,X RAMP,S SOUTH,08 RAMP RURAL,01 INTERSTATE,14 ENTRANCE/EXIT RAMP,01 ON ROADWAY,01 NOT AT INTERSECTION,03 CURB,0,"December 31, 2000",,16,CURB&GUTTER,4,LAWN,5,,0,,7800,RCI,6.2,,,1 NO INJURY,31 Q/C COMPLETED - LOC VERIFIED,0 NO,07 ENTRANCE RAMP,04 DARK-LIGHTED,01 CLEAR,01 DRY,03 UPHILL,2 CURVE RIGHT,ONE-WAY TRAFFICWAY,ONE-WAY TRAFFICWAY,NO CONTROLS,NO CONTROLS,1,NONE,NOT CODED,NOT CODED,NONE,NOT CODED,NOT CODED,14 MOTOR VEHICLE IN TRANSPORT,01 FRONT TO REAR,01 STRAIGHT AHEAD,OPERATED MV IN CARLESS OR NEGL,NOT CODED,00 NOT CODED,00 NOT CODED,00 NOT CODED,00 NOT CODED,01 NO,0,0,0,0,1,0,2,2,N,N,N,N,N,N,N,N,N,N,N,N,N,N,N,N,N,N,N,N,N,N,N,N,N,N,27.955400172,-82.462306696,356154.346155,3093122.465341,O,,ARBM15Q1R2,"January 7, 2023",3293460,-9179662.369820366,3243352.5865351446
2021899715170,2021,899715170,2021-174369,COUNTY SHERIFF'S OFFICE,07 SEVENTH,HILLSBOROUGH,"April 20, 2021",1315,WEDNESDAY,1050 TAMPA,0350,Y,NEBRASKA AVE N,114TH ST E,0.009,S,28.052003,-82.451606,28.0520174,-82.4511089,10040000,7.018,01050,SR 45,US 41,L LEFT,S SIDE OF ROAD,S SOUTH,20 URBAN 4-5LN 2WY DIVD RASD,09 PARKING LOT,77 OTHER (SEE NARRATIVE),02 OFF ROADWAY,01 NOT AT INTERSECTION,02 UNPAVED,35,"October 2, 2019",14 URBAN PRIN ART OTHER,24,CURB&GUTTER,2,,0,,0,20,21500,RCI,4.4,,45,1 NO INJURY,31 Q/C COMPLETED - LOC VERIFIED,0 NO,01 NOT AT INTERSECTION/RRX/BRIDGE,01 DAYLIGHT,01 CLEAR,01 DRY,01 LEVEL,1 STRAIGHT,"TWO-WAY, DIVIDED, POSITIVE MED",UNKNOWN,NO CONTROLS,NO CONTROLS,4,NONE,NOT CODED,NOT CODED,NONE,NOT CODED,NOT CODED,15 PARKED MOTOR VEHICLE,00 NOT CODED,01 STRAIGHT AHEAD,RAN OFF ROADWAY,NOT CODED,00 NOT CODED,00 NOT CODED,00 NOT CODED,00 NOT CODED,01 NO,0,0,0,0,1,0,2,2,N,N,N,N,Y,N,N,N,N,N,N,N,N,N,N,N,N,N,N,N,N,N,N,N,N,N,28.052053752,-82.451157162,357378.623453,3103818.140898,C,,ARBM15Q1R2,"January 7, 2023",3293756,-9178421.209374877,3255538.819087752
2021899667560,2021,899667560,2021-13414,COUNTY SHERIFF'S OFFICE,07 SEVENTH,HILLSBOROUGH,"January 7, 2021",1736,FRIDAY,1050 TAMPA,0350,Y,SR 574,40TH ST N,0.009,E,27.981494,-82.413893,27.9814602,-82.4138782,10340000,5.587,00322,SR 574,,R RIGHT,1 THRU LANE 1,S SOUTH,10 URBAN 2-3LN 2WY DIVD RASD,02 U.S.,02 INTERSECTION,01 ON ROADWAY,02 FOUR-WAY INTERSECTION,02 UNPAVED,36,"February 15, 2021",14 URBAN PRIN ART OTHER,12,CURB&GUTTER,2,,0,,0,17,13100,RCI,6.6,,40,4 INCAPACITATING INJURY,31 Q/C COMPLETED - LOC VERIFIED,0 NO,03 INFLUENCED BY INTERSECTION,02 DUSK,01 CLEAR,01 DRY,01 LEVEL,1 STRAIGHT,"TWO-WAY, DIVIDED, POSITIVE MED","TWO-WAY, DIVIDED, POSITIVE MED",TRAFFIC CONTROL SIGNAL,TRAFFIC CONTROL SIGNAL,3,NONE,NOT CODED,NOT CODED,NONE,NOT CODED,NOT CODED,14 MOTOR VEHICLE IN TRANSPORT,03 ANGLE,03 TURNING LEFT,FAILED TO YIELD RIGHT-OF-WAY,OVER-CORRECTING/OVERSTEERING,00 NOT CODED,00 NOT CODED,00 NOT CODED,00 NOT CODED,01 NO,3,0,1,0,2,0,2,3,N,N,N,Y,N,N,N,N,N,N,N,N,N,N,N,N,N,N,N,N,N,N,N,N,N,N,27.981464818,-82.413839974,360955.951613,3095954.147787,C,,ARBM15Q1R2,"January 7, 2023",3293763,-9174267.07764451,3246637.781402344
2021899689940,2021,899689940,2021-92900,COUNTY SHERIFF'S OFFICE,07 SEVENTH,HILLSBOROUGH,"February 27, 2021",2040,SUNDAY,1050 TAMPA,0350,Y,US 92,W CLEVELAND ST,0.01,S,27.942811,-82.505662,27.9427546,-82.5057114,10130000,8.381,01595,SR 600,US 92,R RIGHT,2 THRU LANE 2,N NORTH,31 URBAN 6+LN 2WY DIVD PAVD,05 LOCAL,18 THROUGH ROADWAY,01 ON ROADWAY,02 FOUR-WAY INTERSECTION,03 CURB,36,"February 15, 2021",14 URBAN PRIN ART OTHER,33,CURB&GUTTER,2,,0,,0,5,37500,RCI,2.8,,40,2 POSSIBLE INJURY,31 Q/C COMPLETED - LOC VERIFIED,0 NO,01 NOT AT INTERSECTION/RRX/BRIDGE,04 DARK-LIGHTED,01 CLEAR,01 DRY,01 LEVEL,1 STRAIGHT,"TWO-WAY, NOT DIVIDED","TWO-WAY, NOT DIVIDED",NO CONTROLS,NO CONTROLS,5,NONE,NOT CODED,NOT CODED,NONE,NOT CODED,NOT CODED,14 MOTOR VEHICLE IN TRANSPORT,01 FRONT TO REAR,11 OVERTAKING/PASSING,DROVE TOO FAST FOR CONDITIONS,NO CONTRIBUTING ACTION,00 NOT CODED,00 NOT CODED,00 NOT CODED,00 NOT CODED,01 NO,3,0,0,0,2,0,2,3,N,N,N,N,N,Y,N,N,N,N,N,Y,N,N,N,N,N,N,N,N,Y,N,N,N,N,N,27.942761859,-82.505726585,351865.376608,3091774.07086,C,,ARBM15Q1R2,"January 7, 2023",3293768,-9184495.851117548,3241759.935908177
2021899676640,2021,899676640,2021-45175,COUNTY SHERIFF'S OFFICE,07 SEVENTH,HILLSBOROUGH,"January 29, 2021",1637,SATURDAY,1050 TAMPA,0350,Y,FLORIDA AVE N,ZACK ST E *,0,,27.950155,-82.458119,27.9502323,-82.4580689,10020000,0.167,01103,SR 685,USB 41,R RIGHT,1 THRU LANE 1,N NORTH,40 URBAN ONE WAY,05 LOCAL,02 INTERSECTION,01 ON ROADWAY,02 FOUR-WAY INTERSECTION,03 CURB,39,"February 14, 2021",16 URBAN MINOR ART,44,PAVED,13,RAISED CURB,0,,0,,8000,RCI,2.6,,35,1 NO INJURY,31 Q/C COMPLETED - LOC VERIFIED,0 NO,02 AT INTERSECTION,01 DAYLIGHT,01 CLEAR,01 DRY,01 LEVEL,1 STRAIGHT,ONE-WAY TRAFFICWAY,ONE-WAY TRAFFICWAY,TRAFFIC CONTROL SIGNAL,TRAFFIC CONTROL SIGNAL,4,NONE,NOT CODED,NOT CODED,NONE,NOT CODED,NOT CODED,14 MOTOR VEHICLE IN TRANSPORT,03 ANGLE,03 TURNING LEFT,FAILED TO KEEP IN PROPER LANE,NO CONTRIBUTING ACTION,00 NOT CODED,00 NOT CODED,00 NOT CODED,00 NOT CODED,01 NO,0,0,0,0,2,0,3,2,N,N,N,Y,N,N,N,N,N,N,N,N,N,N,N,N,N,N,N,N,N,N,N,N,N,N,27.950241062,-82.458094363,356561.939725,3092545.911599,O,,ARBM15Q1R2,"January 7, 2023",3293769,-9179193.454934442,3242702.4251149925
2021899730060,2021,899730060,2021-223332,COUNTY SHERIFF'S OFFICE,07 SEVENTH,HILLSBOROUGH,"May 22, 2021",0914,SUNDAY,1050 TAMPA,0350,Y,US 41,MELBURNE BLVD E,0,,27.970346,-82.40188,27.9688196,-82.401586,10060001,0.139,05891,SR 599,US 41,M MEDIAN,M MIDDLE,N NORTH,30 URBAN 6+LN 2WY DIVD RASD,05 LOCAL,18 THROUGH ROADWAY,01 ON ROADWAY,02 FOUR-WAY INTERSECTION,03 CURB,35,"August 4, 2020",14 URBAN PRIN ART OTHER,25,PAVED,4,CURB&GUTTER,2,,0,32,29000,RCI,13.4,00'0,40,5 FATAL(WITHIN 30 DAYS) INJURY,31 Q/C COMPLETED - LOC VERIFIED,0 NO,01 NOT AT INTERSECTION/RRX/BRIDGE,01 DAYLIGHT,01 CLEAR,01 DRY,01 LEVEL,1 STRAIGHT,"TWO-WAY, DIVIDED, POSITIVE MED",,NO CONTROLS,NOT CODED,5,NONE,NOT CODED,NOT CODED,NONE,NOT CODED,NOT CODED,"36 OTHER POST, POLE, OR SUPPORT",00 NOT CODED,01 STRAIGHT AHEAD,WRONG SIDE OF WRONG WAY,NOT CODED,00 NOT CODED,00 NOT CODED,00 NOT CODED,00 NOT CODED,01 NO,0,1,0,0,1,0,1,1,Y,N,N,N,Y,N,N,N,N,N,N,N,N,N,N,N,Y,N,N,N,N,N,N,N,N,N,27.968782358,-82.401602041,362143.499433,3094535.136452,R,,ARBM15Q1R2,"January 7, 2023",3293898,-9172904.756715517,3245039.181911342
2021899717460,2021,899717460,2021-181648,COUNTY SHERIFF'S OFFICE,07 SEVENTH,HILLSBOROUGH,"April 25, 2021",1049,MONDAY,1050 TAMPA,0350,Y,LOIS AVE N,BOY SCOUT BLVD W,0,,27.963723,-82.515426,27.9636251,-82.5153487,10140000,8.69,01426,SR 616,,R RIGHT,1 THRU LANE 1,E EAST,33 SUBURBAN 6+LN 2WY DIVD RASD,05 LOCAL,02 INTERSECTION,01 ON ROADWAY,02 FOUR-WAY INTERSECTION,03 CURB,45,"February 17, 2020",16 URBAN MINOR ART,46,PAVED,7,LAWN,12,,0,40,38500,RCI,2.6,,50,5 FATAL(WITHIN 30 DAYS) INJURY,31 Q/C COMPLETED - LOC VERIFIED,0 NO,02 AT INTERSECTION,01 DAYLIGHT,01 CLEAR,01 DRY,01 LEVEL,1 STRAIGHT,"TWO-WAY, DIVIDED, POSITIVE MED","TWO-WAY, DIVIDED, POSITIVE MED",TRAFFIC CONTROL SIGNAL,TRAFFIC CONTROL SIGNAL,7,NONE,NOT CODED,NOT CODED,NONE,NOT CODED,NOT CODED,14 MOTOR VEHICLE IN TRANSPORT,02 FRONT TO FRONT,01 STRAIGHT AHEAD,RAN RED LIGHT,NO CONTRIBUTING ACTION,00 NOT CODED,00 NOT CODED,00 NOT CODED,00 NOT CODED,01 NO,0,1,0,0,3,0,3,3,N,N,N,Y,N,N,N,N,N,N,N,N,N,N,N,N,N,N,N,N,N,Y,Y,N,N,N,27.963592329,-82.515347844,350947.324093,3094093.706379,R,,ARBM15Q1R2,"January 7, 2023",3293899,-9185566.885177976,3244385.0424524723