Crash Id,Calendar Year,FDOT Crash Number,Reporting Agency Case Number,Reporting Agency Type,FDOT Managing District,County Name,Crash Date,Crash Time,Day,DHSMV City,Crash Report City Code,In Town,On Roadway Name,Int Roadway Name,Reference Distance (Miles),Reference Direction,Officer Latitude,Officer Longitude,FDOT Latitude,FDOT Longitude,FDOT Roadway,Nearest Inventory MP,Nearest Node From Crash,State Road #,US Highway,Crash Side of Road,Accident Lane Number,Travel Direction Vehicle 1,FDOT Road Category,DHSMV Road System Id,Relation to Junction,Crash Harmful Event Location,Intersection Type,Shoulder Type,FDOT Roadway SKID Test Result,FDOT Roadway SKID Test Date,Functional Class,RCI Surface Width,RCI Shoulder Type First,RCI Shoulder Width First,RCI Shoulder Type Second,RCI Shoulder Width Second,RCI Shoulder Type Third,RCI Shoulder Width Third,RCI Median Width,Avg Daily Traffic,AADT Source,RCI Avg Per Truck Traffic,RCI Horiz Curve Condition,Posted Speed Limit,Highest Injury in Crash,CAR Status Code,Alcohols/Drug Involved,Site Location,Lighting,Weather,Road Surface,Roadway Grade,Roadway Alignment,Traffic Way Vehicle 1,Traffic Way Vehicle 2,Traffic Control Vehicle 1,Traffic Control Vehicle 2,Count of Lanes,Road Condition 1,Road Condition 2,Road Condition 3,Environment Condition 1,Environment Condition 2,Environment Condition 3,Crash Harmful Event,Manner of Collision,Vehicle Movement,Driver Action Vehicle 1,Driver Action Vehicle 2,Location Within Workzone,Type of Workzone,Workers Present in Workzone,Law Enforcement Present in Workzone,School Bus Related,Count of Nonfatal Injuries,Count of Traffic Fatalities,Count of Serious Injuries,Count of Pedestrians,Count of Drivers,Count of Bicyclists,Count of Vehicles,Count of Persons,Wrong Way,Workzone Inv,Commercial Vehicle Inv,Intersection Inv,Lane Departure,Speeding,Agressive Driving,Impaired Driver,Impaired Pedestrian,Impaired Bicyclist,Distracted Driver,Speeding or Aggressive Driving,Pedestrian Related,Bicyclist Related,Pedestrian or Bicyclist Related,Motorcycle Inv,No Belt,No Belt - Ages 1-4,No Belt - Ages 5-12,No Belt - Ages 13-17,Driver - Ages Teen,Driver - Ages 65 plus,Driver - Ages 65-69,Driver - Ages 70-74,Driver - Ages 75-79,Driver - Ages 80 plus,ARBM Latitude,ARBM Longitude,UTM Zone 17N X,UTM Zone 17N Y,ARBM Side of Road,Urban Rural Indicator,GIS Street Source,Extract Date,OBJECTID,x,y
2021899719520,2021,899719520,2021-188304,COUNTY SHERIFF'S OFFICE,07 SEVENTH,HILLSBOROUGH,"April 29, 2021",1604,FRIDAY,1050 TAMPA,0350,Y,SR 574,I 275,0,,27.981401,-82.454195,27.9814283,-82.4540443,10340000,3.134,03114,SR 574,,R RIGHT,2 THRU LANE 2,W WEST,20 URBAN 4-5LN 2WY DIVD RASD,05 LOCAL,02 INTERSECTION,01 ON ROADWAY,02 FOUR-WAY INTERSECTION,03 CURB,38,"February 15, 2021",14 URBAN PRIN ART OTHER,24,CURB&GUTTER,2,,0,,0,17,32000,RCI,3.3,,35,4 INCAPACITATING INJURY,31 Q/C COMPLETED - LOC VERIFIED,0 NO,02 AT INTERSECTION,01 DAYLIGHT,01 CLEAR,01 DRY,01 LEVEL,1 STRAIGHT,"TWO-WAY, NOT DIV, W/CONT LTURN","TWO-WAY, DIVIDED, UNPROTECTED",TRAFFIC CONTROL SIGNAL,NO CONTROLS,4,NONE,NOT CODED,NOT CODED,NONE,NOT CODED,NOT CODED,14 MOTOR VEHICLE IN TRANSPORT,03 ANGLE,03 TURNING LEFT,NO CONTRIBUTING ACTION,NO CONTRIBUTING ACTION,00 NOT CODED,00 NOT CODED,00 NOT CODED,00 NOT CODED,01 NO,1,0,1,0,2,0,2,2,N,N,N,Y,N,N,N,N,N,N,N,N,N,N,N,Y,N,N,N,N,N,N,N,N,N,N,27.981474819,-82.454033323,357002.679405,3096001.686262,C,,ARBM15Q1R2,"January 7, 2023",3293900,-9178741.381999958,3246639.042015469
2021899737470,2021,899737470,2021-246759,COUNTY SHERIFF'S OFFICE,07 SEVENTH,HILLSBOROUGH,"June 6, 2021",1851,MONDAY,1050 TAMPA,0350,Y,MARTIN LUTHER KING BLVD,26TH ST N,0,,0,0,27.9814585,-82.4305465,10340000,4.57,03132,SR 574,,R RIGHT,2 THRU LANE 2,S SOUTH,22 URBAN 4-5LN 2WY UNDIVD,05 LOCAL,02 INTERSECTION,01 ON ROADWAY,02 FOUR-WAY INTERSECTION,03 CURB,36,"February 15, 2021",14 URBAN PRIN ART OTHER,48,CURB&GUTTER,2,,0,,0,,23500,RCI,3.4,,40,4 INCAPACITATING INJURY,31 Q/C COMPLETED - LOC VERIFIED,0 NO,02 AT INTERSECTION,01 DAYLIGHT,01 CLEAR,01 DRY,01 LEVEL,1 STRAIGHT,"TWO-WAY, NOT DIVIDED","TWO-WAY, NOT DIVIDED",NO CONTROLS,NO CONTROLS,4,NONE,NOT CODED,NOT CODED,NONE,NOT CODED,NOT CODED,14 MOTOR VEHICLE IN TRANSPORT,03 ANGLE,03 TURNING LEFT,FAILED TO YIELD RIGHT-OF-WAY,NO CONTRIBUTING ACTION,00 NOT CODED,00 NOT CODED,00 NOT CODED,00 NOT CODED,01 NO,1,0,1,0,2,0,2,2,N,N,N,Y,N,N,N,N,N,N,N,N,N,N,N,Y,N,N,N,N,N,N,N,N,N,N,27.981460636,-82.430504393,359316.893529,3095972.776722,C,,ARBM15Q1R2,"January 7, 2023",3293910,-9176122.15285279,3246637.254144645
2021884363370,2021,884363370,FHPC21OFF003066,FLORIDA HIGHWAY PATROL,07 SEVENTH,HILLSBOROUGH,"January 9, 2021",1150,SUNDAY,1050 TAMPA,0350,N,I 4,50TH ST,0.189,E,27.9718011,-82.3964112,27.9700243,-82.3986852,10190000,10.795,06176,SR 400,I 4,R RIGHT,2 THRU LANE 2,E EAST,01 INTERSTATE URBAN,01 INTERSTATE,01 NON-JUNCTION,01 ON ROADWAY,01 NOT AT INTERSECTION,01 PAVED,39,"May 26, 2020",11 URBAN PRIN ART INT.,36,PAVED WARN,11,,0,,0,98,147000,RCI,10.8,,60,1 NO INJURY,31 Q/C COMPLETED - LOC VERIFIED,0 NO,01 NOT AT INTERSECTION/RRX/BRIDGE,01 DAYLIGHT,02 CLOUDY,01 DRY,01 LEVEL,1 STRAIGHT,"TWO-WAY, DIVIDED, POSITIVE MED","TWO-WAY, DIVIDED, POSITIVE MED",NO CONTROLS,NO CONTROLS,6,NONE,NOT CODED,NOT CODED,NONE,NOT CODED,NOT CODED,14 MOTOR VEHICLE IN TRANSPORT,"04 SIDESWIPE, SAME DIRECTION",06 CHANGING LANES,OTHER CONTRIBUTING ACTION,OTHER CONTRIBUTING ACTION,00 NOT CODED,00 NOT CODED,00 NOT CODED,00 NOT CODED,01 NO,0,0,0,0,2,0,2,2,N,N,N,N,Y,N,N,N,N,N,N,N,N,N,N,N,N,N,N,N,N,N,N,N,N,N,27.970033567,-82.398717107,362428.87043,3094670.508874,R,,ARBM15Q1R2,"January 7, 2023",3294159,-9172583.6072228,3245196.88599638
2021885149960,2021,885149960,FHPC21OFF075858,FLORIDA HIGHWAY PATROL,07 SEVENTH,HILLSBOROUGH,"July 20, 2021",0913,WEDNESDAY,1050 TAMPA,0350,N,I 275,FLETCHER AVE E,0.1,S,28.0674164,-82.45481,28.0677313,-82.4545851,10320000,7.41,02814,SR 93,I 275,M MEDIAN,M MIDDLE,S SOUTH,01 INTERSTATE URBAN,01 INTERSTATE,01 NON-JUNCTION,01 ON ROADWAY,01 NOT AT INTERSECTION,01 PAVED,26,"February 14, 2021",11 URBAN PRIN ART INT.,36,PAVED,8,VALLEY GUTR,4,,0,20,122500,RCI,6.2,,60,1 NO INJURY,31 Q/C COMPLETED - LOC VERIFIED,0 NO,01 NOT AT INTERSECTION/RRX/BRIDGE,01 DAYLIGHT,03 RAIN,02 WET,01 LEVEL,1 STRAIGHT,"TWO-WAY, DIVIDED, POSITIVE MED",,NO CONTROLS,NOT CODED,6,"RD SURFC (WET, ICY, SNOW, ETC)",NOT CODED,NOT CODED,WEATHER CONDITIONS,NOT CODED,NOT CODED,14 MOTOR VEHICLE IN TRANSPORT,77 OTHER (SEE NARRATIVE),01 STRAIGHT AHEAD,SWERVED OR AVOIDED:  DUE TO WI,NOT CODED,00 NOT CODED,00 NOT CODED,00 NOT CODED,00 NOT CODED,01 NO,0,0,0,0,1,0,1,1,N,N,N,N,Y,N,N,N,N,N,N,N,N,N,N,N,N,N,N,N,Y,N,N,N,N,N,28.067692302,-82.454606595,357060.265047,3105554.875914,R,,ARBM15Q1R2,"January 7, 2023",3294188,-9178805.198773362,3257511.580202277
2021899707520,2021,899707520,2021-148001,COUNTY SHERIFF'S OFFICE,07 SEVENTH,HILLSBOROUGH,"April 3, 2021",1747,SUNDAY,1050 TAMPA,0350,Y,SR 574,20TH ST N,0.018,E,27.981571,-82.437234,27.981383,-82.4371325,10340000,4.167,03128,SR 574,,L LEFT,S SIDE OF ROAD,W WEST,20 URBAN 4-5LN 2WY DIVD RASD,05 LOCAL,01 NON-JUNCTION,10 ROADSIDE,01 NOT AT INTERSECTION,03 CURB,36,"February 15, 2021",14 URBAN PRIN ART OTHER,24,CURB&GUTTER,2,,0,,0,26,22000,RCI,3.6,,40,3 NO-INCAPACITATING INJURY,31 Q/C COMPLETED - LOC VERIFIED,0 NO,01 NOT AT INTERSECTION/RRX/BRIDGE,01 DAYLIGHT,01 CLEAR,01 DRY,01 LEVEL,1 STRAIGHT,"TWO-WAY, DIVIDED, POSITIVE MED",,NO CONTROLS,NOT CODED,4,NONE,NOT CODED,NOT CODED,NONE,NOT CODED,NOT CODED,33 UTILITY POLE/LIGHT SUPPORT,00 NOT CODED,03 TURNING LEFT,OPERATED MV IN CARLESS OR NEGL,NOT CODED,00 NOT CODED,00 NOT CODED,00 NOT CODED,00 NOT CODED,01 NO,2,0,0,0,1,0,1,3,N,N,N,N,Y,N,N,N,N,N,N,N,N,N,N,N,Y,N,N,N,N,N,N,N,N,N,27.981534819,-82.437097095,358668.553866,3095988.610801,L,,ARBM15Q1R2,"January 7, 2023",3294273,-9176856.04916601,3246646.605332561
2021899687200,2021,899687200,2021-81892,COUNTY SHERIFF'S OFFICE,07 SEVENTH,HILLSBOROUGH,"February 21, 2021",1149,MONDAY,1050 TAMPA,0350,Y,NEBRASKA AVE N,HANNA AVE E,0.028,N,28.003758,-82.451321,28.0038019,-82.4513119,10040000,3.696,00990,SR 45,US 41,L LEFT,1 THRU LANE 1,S SOUTH,21 URBAN 4-5LN 2WY DIVD PAVD,05 LOCAL,02 INTERSECTION,01 ON ROADWAY,02 FOUR-WAY INTERSECTION,03 CURB,40,"October 2, 2019",14 URBAN PRIN ART OTHER,22,CURB&GUTTER,2,,0,,0,10,21500,RCI,3.6,,40,4 INCAPACITATING INJURY,31 Q/C COMPLETED - LOC VERIFIED,0 NO,03 INFLUENCED BY INTERSECTION,01 DAYLIGHT,01 CLEAR,01 DRY,01 LEVEL,1 STRAIGHT,"TWO-WAY, NOT DIVIDED","TWO-WAY, NOT DIVIDED",TRAFFIC CONTROL SIGNAL,TRAFFIC CONTROL SIGNAL,4,NONE,NOT CODED,NOT CODED,NONE,NOT CODED,NOT CODED,14 MOTOR VEHICLE IN TRANSPORT,"04 SIDESWIPE, SAME DIRECTION",16 LEAVING TRAFFIC LANE,FAILED TO KEEP IN PROPER LANE,NO CONTRIBUTING ACTION,00 NOT CODED,00 NOT CODED,00 NOT CODED,00 NOT CODED,01 NO,2,0,1,0,2,0,2,2,N,N,N,Y,N,N,N,N,N,N,N,N,N,N,N,N,N,N,N,N,N,N,N,N,N,N,28.003809942,-82.451297282,357301.215203,3098473.104876,C,,ARBM15Q1R2,"January 7, 2023",3294321,-9178436.807361584,3249454.7985444665
2021899673680,2021,899673680,2021-36319,COUNTY SHERIFF'S OFFICE,07 SEVENTH,HILLSBOROUGH,"January 23, 2021",2021,SUNDAY,1050 TAMPA,0350,Y,SR 589,SR 60,0,,27.959118,-82.539052,27.9639099,-82.5468334,10589000,0,06466,SR 589,,L LEFT,S SIDE OF ROAD,W WEST,03 TOLL ROAD URBAN,01 INTERSTATE,01 NON-JUNCTION,03 SHOULDER,01 NOT AT INTERSECTION,01 PAVED,38,"April 4, 2021",12 URBAN PRIN ART EXPR.,36,PAVED,19,,0,,0,153,17500,RCI,9.8,1D58,50,1 NO INJURY,31 Q/C COMPLETED - LOC VERIFIED,0 NO,01 NOT AT INTERSECTION/RRX/BRIDGE,04 DARK-LIGHTED,01 CLEAR,01 DRY,01 LEVEL,3 CURVE LEFT,ONE-WAY TRAFFICWAY,,NO CONTROLS,NOT CODED,8,NONE,NOT CODED,NOT CODED,NONE,NOT CODED,NOT CODED,27 GUARDRAIL FACE,00 NOT CODED,15 NEGOTIATING A CURVE,OPERATED MV IN CARLESS OR NEGL,NOT CODED,00 NOT CODED,00 NOT CODED,00 NOT CODED,00 NOT CODED,01 NO,0,0,0,0,1,0,1,1,N,N,N,N,Y,N,N,N,N,N,N,N,N,N,N,N,N,N,N,N,N,N,N,N,N,N,27.963354826,-82.546676572,347865.0158,3094106.0177,L,,ARBM15Q1R2,"January 7, 2023",3294322,-9189054.384251364,3244355.108785205
2021899673860,2021,899673860,2021-37264,COUNTY SHERIFF'S OFFICE,07 SEVENTH,HILLSBOROUGH,"January 24, 2021",1209,MONDAY,1050 TAMPA,0350,Y,BUSCH BLVD W,OLA ST N,0,,28.032934,-82.463712,28.0329478,-82.4637991,10310000,2.565,00058,SR 580,,R RIGHT,1 THRU LANE 1,E EAST,20 URBAN 4-5LN 2WY DIVD RASD,05 LOCAL,02 INTERSECTION,01 ON ROADWAY,03 T-INTERSECTION,03 CURB,50,"November 19, 2019",14 URBAN PRIN ART OTHER,21,CURB&GUTTER,2,,0,,0,7,43000,RCI,5.1,,40,2 POSSIBLE INJURY,31 Q/C COMPLETED - LOC VERIFIED,0 NO,02 AT INTERSECTION,01 DAYLIGHT,02 CLOUDY,01 DRY,01 LEVEL,1 STRAIGHT,"TWO-WAY, DIVIDED, POSITIVE MED","TWO-WAY, DIVIDED, POSITIVE MED",NO CONTROLS,NO CONTROLS,4,NONE,NOT CODED,NOT CODED,NONE,NOT CODED,NOT CODED,14 MOTOR VEHICLE IN TRANSPORT,01 FRONT TO REAR,01 STRAIGHT AHEAD,FOLLOWED TOO CLOSELY,NO CONTRIBUTING ACTION,00 NOT CODED,00 NOT CODED,00 NOT CODED,00 NOT CODED,01 NO,1,0,0,0,2,0,2,2,N,N,N,Y,N,N,N,N,N,N,N,N,N,N,N,N,N,N,N,N,N,N,N,N,N,N,28.032946322,-82.463797558,356110.726893,3101715.978055,C,,ARBM15Q1R2,"January 7, 2023",3294323,-9179828.332212428,3253128.857362554
2021899703160,2021,899703160,2021-135183,COUNTY SHERIFF'S OFFICE,07 SEVENTH,HILLSBOROUGH,"March 26, 2021",2011,SATURDAY,1050 TAMPA,0350,Y,I 75,BRUCE B DOWNS BLVD,0.168,N,28.12042,-82.37486,28.1198861,-82.3724925,10075062,0.168,05274,SR 93A,I 75,R RIGHT,X RAMP,S SOUTH,08 RAMP RURAL,01 INTERSTATE,14 ENTRANCE/EXIT RAMP,02 OFF ROADWAY,01 NOT AT INTERSECTION,02 UNPAVED,0,"December 31, 2000",,24,PAVED,2,LAWN,10,,0,,18500,RCI,8.1,,,3 NO-INCAPACITATING INJURY,31 Q/C COMPLETED - LOC VERIFIED,0 NO,08 EXIT RAMP,04 DARK-LIGHTED,01 CLEAR,01 DRY,03 UPHILL,2 CURVE RIGHT,ONE-WAY TRAFFICWAY,,NO CONTROLS,NOT CODED,2,NONE,NOT CODED,NOT CODED,NONE,NOT CODED,NOT CODED,37 FENCE,00 NOT CODED,01 STRAIGHT AHEAD,FAILED TO KEEP IN PROPER LANE,NOT CODED,00 NOT CODED,00 NOT CODED,00 NOT CODED,00 NOT CODED,01 NO,1,0,0,0,1,0,1,1,N,N,N,N,Y,N,N,N,N,N,N,N,N,N,N,N,N,N,N,N,N,N,N,N,N,N,28.119886672,-82.372486568,365196.087031,3111244.019348,O,,ARBM15Q1R2,"January 7, 2023",3294336,-9169663.63667398,3264097.839897711
2021899703210,2021,899703210,2021-134756,COUNTY SHERIFF'S OFFICE,07 SEVENTH,HILLSBOROUGH,"March 26, 2021",1425,SATURDAY,1050 TAMPA,0350,Y,PAWNEE ST N,BUSCH BLVD E,0.033,S,28.032136,-82.406318,28.0325467,-82.4063875,10310000,6.074,00896,SR 580,,S SIDE RD RIGHT,1 THRU LANE 1,0,30 URBAN 6+LN 2WY DIVD RASD,05 LOCAL,01 NON-JUNCTION,01 ON ROADWAY,01 NOT AT INTERSECTION,02 UNPAVED,35,"October 2, 2019",14 URBAN PRIN ART OTHER,36,CURB&GUTTER,2,,0,,0,16,39500,RCI,3.4,,45,1 NO INJURY,31 Q/C COMPLETED - LOC VERIFIED,0 NO,01 NOT AT INTERSECTION/RRX/BRIDGE,01 DAYLIGHT,01 CLEAR,01 DRY,01 LEVEL,1 STRAIGHT,"TWO-WAY, NOT DIVIDED",,NO CONTROLS,NOT CODED,6,NONE,NOT CODED,NOT CODED,NONE,NOT CODED,NOT CODED,33 UTILITY POLE/LIGHT SUPPORT,00 NOT CODED,01 STRAIGHT AHEAD,OTHER CONTRIBUTING ACTION,NOT CODED,00 NOT CODED,00 NOT CODED,00 NOT CODED,00 NOT CODED,01 NO,0,0,0,0,1,0,1,1,N,N,Y,N,Y,N,N,N,N,N,N,N,N,N,N,N,N,N,N,N,N,N,N,N,N,N,28.032606019,-82.406377267,361755.277424,3101611.810021,C,,ARBM15Q1R2,"January 7, 2023",3294337,-9173436.332780614,3253085.9400406675
2021899703260,2021,899703260,2021-135778,COUNTY SHERIFF'S OFFICE,07 SEVENTH,HILLSBOROUGH,"March 27, 2021",0120,SUNDAY,1050 TAMPA,0350,Y,SR 60,ROCKY POINT DR,3.9,W,27.969358,-82.630062,27.9693229,-82.630499,10140000,1.112,08501,SR 60,,R RIGHT,S SIDE OF ROAD,E EAST,24 SUBURBAN 4-5LN 2WY DIVD PAVD,05 LOCAL,01 NON-JUNCTION,01 ON ROADWAY,01 NOT AT INTERSECTION,02 UNPAVED,38,"February 17, 2020",14 URBAN PRIN ART OTHER,23,PAVED,4,,0,,0,12,61500,RCI,5.2,0D30,60,3 NO-INCAPACITATING INJURY,31 Q/C COMPLETED - LOC VERIFIED,0 NO,01 NOT AT INTERSECTION/RRX/BRIDGE,04 DARK-LIGHTED,01 CLEAR,01 DRY,01 LEVEL,1 STRAIGHT,"TWO-WAY, DIVIDED, POSITIVE MED",,NO CONTROLS,NOT CODED,4,NONE,NOT CODED,NOT CODED,NONE,NOT CODED,NOT CODED,30 CONCRETE TRAFFIC BARRIER,00 NOT CODED,01 STRAIGHT AHEAD,OPERATED MV IN CARLESS OR NEGL,NOT CODED,00 NOT CODED,00 NOT CODED,00 NOT CODED,00 NOT CODED,01 NO,1,0,0,0,1,0,1,2,N,N,N,N,N,N,N,N,N,N,N,N,N,N,N,N,N,N,N,N,N,N,N,N,N,N,27.969362201,-82.63051844,339625.780848,3094878.896177,C,,ARBM15Q1R2,"January 7, 2023",3294338,-9198387.621104768,3245112.265136469
2021899690380,2021,899690380,2021-94760,COUNTY SHERIFF'S OFFICE,07 SEVENTH,HILLSBOROUGH,"March 1, 2021",2320,TUESDAY,1050 TAMPA,0350,Y,COURTNEY CAMPBELL CSWY,BAY HARBOR DR,0.117,W,27.96825,-82.571534,27.9682517,-82.5714228,10140000,4.797,00367,SR 60,,R RIGHT,3 THRU LANE 3,0,33 SUBURBAN 6+LN 2WY DIVD RASD,09 PARKING LOT,01 NON-JUNCTION,01 ON ROADWAY,01 NOT AT INTERSECTION,03 CURB,39,"February 17, 2020",14 URBAN PRIN ART OTHER,33,PAVED,6,LAWN,7,,0,16,61500,RCI,5.2,,50,1 NO INJURY,31 Q/C COMPLETED - LOC VERIFIED,0 NO,01 NOT AT INTERSECTION/RRX/BRIDGE,04 DARK-LIGHTED,01 CLEAR,01 DRY,01 LEVEL,1 STRAIGHT,"TWO-WAY, DIVIDED, POSITIVE MED","TWO-WAY, DIVIDED, POSITIVE MED",NOT CODED,NO CONTROLS,5,NONE,NOT CODED,NOT CODED,NONE,NOT CODED,NOT CODED,14 MOTOR VEHICLE IN TRANSPORT,"04 SIDESWIPE, SAME DIRECTION",88 UNKNOWN,NOT CODED,NO CONTRIBUTING ACTION,00 NOT CODED,00 NOT CODED,00 NOT CODED,00 NOT CODED,01 NO,0,0,0,0,2,0,2,2,N,N,N,N,Y,N,N,N,N,N,N,N,N,N,N,N,N,N,N,N,N,N,N,N,N,N,27.968344412,-82.571502928,345429.802822,3094690.025052,C,,ARBM15Q1R2,"January 7, 2023",3294339,-9191818.0424389,3244983.9824412083
2021895837440,2021,895837440,FHP21ON0058830,FLORIDA HIGHWAY PATROL,07 SEVENTH,HILLSBOROUGH,"December 23, 2021",0550,FRIDAY,1050 TAMPA,0350,Y,I 275,SLIGH AVE,0.038,S,28.01839,-82.45489,28.0118365,-82.4547015,10320170,0.038,02830,SR 93,I 275,L LEFT,X RAMP,S SOUTH,08 RAMP RURAL,01 INTERSTATE,14 ENTRANCE/EXIT RAMP,06 GORE,04 Y-INTERSECTION,01 PAVED,0,"December 31, 2000",,16,CURB&GUTTER,2,,0,,0,,6900,RCI,6.2,,,2 POSSIBLE INJURY,31 Q/C COMPLETED - LOC VERIFIED,0 NO,08 EXIT RAMP,04 DARK-LIGHTED,01 CLEAR,01 DRY,01 LEVEL,1 STRAIGHT,"TWO-WAY, DIVIDED, POSITIVE MED",,NO CONTROLS,NOT CODED,1,NONE,NOT CODED,NOT CODED,NONE,NOT CODED,NOT CODED,28 GUARDRAIL END,77 OTHER (SEE NARRATIVE),01 STRAIGHT AHEAD,OTHER CONTRIBUTING ACTION,NOT CODED,00 NOT CODED,00 NOT CODED,00 NOT CODED,00 NOT CODED,01 NO,1,0,0,0,1,0,1,1,N,N,N,N,Y,N,N,N,N,N,N,N,N,N,N,N,N,N,N,N,N,N,N,N,N,N,28.011860308,-82.454695066,356977.724381,3099369.027374,O,,ARBM15Q1R2,"January 7, 2023",3294341,-9178815.04701277,3250469.8396304483
2021855492750,2021,855492750,FHP21ON0030369,FLORIDA HIGHWAY PATROL,07 SEVENTH,HILLSBOROUGH,"December 8, 2021",1515,THURSDAY,1050 TAMPA,0350,N,I 4,MCINTOSH RD,0,,28.0186015,-82.2623465,28.0226338,-82.2479838,10190108,0.219,01938,SR 400,I 4,L LEFT,X RAMP,W WEST,08 RAMP RURAL,01 INTERSTATE,01 NON-JUNCTION,01 ON ROADWAY,01 NOT AT INTERSECTION,01 PAVED,0,"December 31, 2000",,16,PAVED,5,LAWN,12,,0,,5700,RCI,8.3,,,3 NO-INCAPACITATING INJURY,31 Q/C COMPLETED - LOC VERIFIED,0 NO,07 ENTRANCE RAMP,01 DAYLIGHT,01 CLEAR,01 DRY,01 LEVEL,1 STRAIGHT,ONE-WAY TRAFFICWAY,ONE-WAY TRAFFICWAY,NO CONTROLS,NO CONTROLS,1,NONE,NOT CODED,NOT CODED,NONE,NOT CODED,NOT CODED,14 MOTOR VEHICLE IN TRANSPORT,01 FRONT TO REAR,01 STRAIGHT AHEAD,OPERATED MV IN CARLESS OR NEGL,NO CONTRIBUTING ACTION,00 NOT CODED,00 NOT CODED,00 NOT CODED,00 NOT CODED,01 NO,1,0,0,0,2,0,2,2,N,N,Y,N,N,N,N,N,N,N,N,N,N,N,N,N,N,N,N,N,N,N,N,N,N,N,28.02264096,-82.247990494,377314.6243,3100338.2393,O,,ARBM15Q1R2,"January 7, 2023",3294367,-9155804.792738624,3251829.2519945544
2021885193700,2021,885193700,FHPC21OFF070303,FLORIDA HIGHWAY PATROL,07 SEVENTH,HILLSBOROUGH,"July 4, 2021",2030,MONDAY,1050 TAMPA,0350,Y,I 75,MM 261.5,0.1,N,27.9902599,-82.3261499,28.0148325,-82.3290378,10075000,27.941,04491,SR 93A,I 75,M MEDIAN,M MIDDLE,S SOUTH,01 INTERSTATE URBAN,01 INTERSTATE,01 NON-JUNCTION,04 MEDIAN,01 NOT AT INTERSECTION,01 PAVED,25,"March 17, 2020",11 URBAN PRIN ART INT.,36,PAVED WARN,12,,0,,0,88,148000,RCI,8.3,1D00,70,1 NO INJURY,31 Q/C COMPLETED - LOC VERIFIED,0 NO,01 NOT AT INTERSECTION/RRX/BRIDGE,02 DUSK,03 RAIN,02 WET,01 LEVEL,1 STRAIGHT,"TWO-WAY, DIVIDED, POSITIVE MED",,NO CONTROLS,NOT CODED,6,"RD SURFC (WET, ICY, SNOW, ETC)",NOT CODED,NOT CODED,WEATHER CONDITIONS,NOT CODED,NOT CODED,27 GUARDRAIL FACE,77 OTHER (SEE NARRATIVE),01 STRAIGHT AHEAD,FAILED TO KEEP IN PROPER LANE,NOT CODED,00 NOT CODED,00 NOT CODED,00 NOT CODED,00 NOT CODED,01 NO,0,0,0,0,1,0,1,1,N,N,N,N,Y,N,N,N,N,N,N,N,N,N,N,N,N,N,N,N,N,N,N,N,N,N,28.014624808,-82.328980269,369342.358336,3099534.255073,R,,ARBM15Q1R2,"January 7, 2023",3294397,-9164820.535910642,3250818.423243328
2021885193720,2021,885193720,FHPC21OFF070632,FLORIDA HIGHWAY PATROL,07 SEVENTH,HILLSBOROUGH,"July 5, 2021",2325,TUESDAY,1050 TAMPA,0350,Y,I 4,I 275,0.1,N,27.9645499,-82.4315699,27.9631486,-82.4534554,10190008,0.41,06592,SR 400,I 4,M MEDIAN,M MIDDLE,W WEST,08 RAMP RURAL,01 INTERSTATE,01 NON-JUNCTION,02 OFF ROADWAY,01 NOT AT INTERSECTION,01 PAVED,0,"December 31, 2000",,24,PAVED,8,VALLEY GUTR,4,,0,,57000,RCI,9.3,,,1 NO INJURY,31 Q/C COMPLETED - LOC VERIFIED,0 NO,01 NOT AT INTERSECTION/RRX/BRIDGE,02 DUSK,03 RAIN,02 WET,01 LEVEL,1 STRAIGHT,"TWO-WAY, DIVIDED, POSITIVE MED",,NO CONTROLS,NOT CODED,2,"RD SURFC (WET, ICY, SNOW, ETC)",NOT CODED,NOT CODED,WEATHER CONDITIONS,NOT CODED,NOT CODED,33 UTILITY POLE/LIGHT SUPPORT,77 OTHER (SEE NARRATIVE),01 STRAIGHT AHEAD,FAILED TO KEEP IN PROPER LANE,NOT CODED,00 NOT CODED,00 NOT CODED,00 NOT CODED,00 NOT CODED,01 NO,0,0,0,0,1,0,1,1,N,N,Y,N,Y,N,N,N,N,N,N,N,N,N,N,N,N,N,N,N,N,N,N,N,N,N,27.96317549,-82.45345371,357035.559322,3093973.537222,O,,ARBM15Q1R2,"January 7, 2023",3294398,-9178676.859754097,3244332.506591869