Crash Id,Calendar Year,FDOT Crash Number,Reporting Agency Case Number,Reporting Agency Type,FDOT Managing District,County Name,Crash Date,Crash Time,Day,DHSMV City,Crash Report City Code,In Town,On Roadway Name,Int Roadway Name,Reference Distance (Miles),Reference Direction,Officer Latitude,Officer Longitude,FDOT Latitude,FDOT Longitude,FDOT Roadway,Nearest Inventory MP,Nearest Node From Crash,State Road #,US Highway,Crash Side of Road,Accident Lane Number,Travel Direction Vehicle 1,FDOT Road Category,DHSMV Road System Id,Relation to Junction,Crash Harmful Event Location,Intersection Type,Shoulder Type,FDOT Roadway SKID Test Result,FDOT Roadway SKID Test Date,Functional Class,RCI Surface Width,RCI Shoulder Type First,RCI Shoulder Width First,RCI Shoulder Type Second,RCI Shoulder Width Second,RCI Shoulder Type Third,RCI Shoulder Width Third,RCI Median Width,Avg Daily Traffic,AADT Source,RCI Avg Per Truck Traffic,RCI Horiz Curve Condition,Posted Speed Limit,Highest Injury in Crash,CAR Status Code,Alcohols/Drug Involved,Site Location,Lighting,Weather,Road Surface,Roadway Grade,Roadway Alignment,Traffic Way Vehicle 1,Traffic Way Vehicle 2,Traffic Control Vehicle 1,Traffic Control Vehicle 2,Count of Lanes,Road Condition 1,Road Condition 2,Road Condition 3,Environment Condition 1,Environment Condition 2,Environment Condition 3,Crash Harmful Event,Manner of Collision,Vehicle Movement,Driver Action Vehicle 1,Driver Action Vehicle 2,Location Within Workzone,Type of Workzone,Workers Present in Workzone,Law Enforcement Present in Workzone,School Bus Related,Count of Nonfatal Injuries,Count of Traffic Fatalities,Count of Serious Injuries,Count of Pedestrians,Count of Drivers,Count of Bicyclists,Count of Vehicles,Count of Persons,Wrong Way,Workzone Inv,Commercial Vehicle Inv,Intersection Inv,Lane Departure,Speeding,Agressive Driving,Impaired Driver,Impaired Pedestrian,Impaired Bicyclist,Distracted Driver,Speeding or Aggressive Driving,Pedestrian Related,Bicyclist Related,Pedestrian or Bicyclist Related,Motorcycle Inv,No Belt,No Belt - Ages 1-4,No Belt - Ages 5-12,No Belt - Ages 13-17,Driver - Ages Teen,Driver - Ages 65 plus,Driver - Ages 65-69,Driver - Ages 70-74,Driver - Ages 75-79,Driver - Ages 80 plus,ARBM Latitude,ARBM Longitude,UTM Zone 17N X,UTM Zone 17N Y,ARBM Side of Road,Urban Rural Indicator,GIS Street Source,Extract Date,OBJECTID,x,y
2021895784900,2021,895784900,FHPC21OFF120408,FLORIDA HIGHWAY PATROL,07 SEVENTH,HILLSBOROUGH,"November 18, 2021",1414,FRIDAY,1050 TAMPA,0350,N,I 275,ASHLEY DR,0.1,W,27.956854,-82.4608145,27.9566014,-82.4640223,10190183,0.188,00688,SR 93,I 275,R RIGHT,X RAMP,S SOUTH,07 RAMP URBAN,01 INTERSTATE,14 ENTRANCE/EXIT RAMP,01 ON ROADWAY,01 NOT AT INTERSECTION,01 PAVED,0,"December 31, 2000",,26,PAVED,7,,0,,0,,15000,RCI,6.2,,,1 NO INJURY,31 Q/C COMPLETED - LOC VERIFIED,0 NO,07 ENTRANCE RAMP,01 DAYLIGHT,01 CLEAR,01 DRY,04 DOWNHILL,1 STRAIGHT,ONE-WAY TRAFFICWAY,ONE-WAY TRAFFICWAY,NO CONTROLS,NO CONTROLS,2,NONE,NOT CODED,NOT CODED,NONE,NOT CODED,NOT CODED,14 MOTOR VEHICLE IN TRANSPORT,01 FRONT TO REAR,01 STRAIGHT AHEAD,OPERATED MV IN CARLESS OR NEGL,NO CONTRIBUTING ACTION,00 NOT CODED,00 NOT CODED,00 NOT CODED,00 NOT CODED,01 NO,0,0,0,0,2,0,2,4,N,N,N,N,Y,N,N,N,N,N,N,N,N,N,N,N,N,N,N,N,N,N,N,N,N,N,27.956614128,-82.464029382,355986.4779,3093258.9948,O,,ARBM15Q1R2,"January 7, 2023",3294791,-9179854.13849092,3243505.5763468533
2021895785260,2021,895785260,FHP21ON0065027,FLORIDA HIGHWAY PATROL,07 SEVENTH,HILLSBOROUGH,"December 27, 2021",0903,TUESDAY,1050 TAMPA,0350,N,I 4,50TH ST,0.1,E,27.96883,-82.4001899,27.9691622,-82.3997712,10190000,10.706,02652,SR 400,I 4,R RIGHT,S SIDE OF ROAD,E EAST,01 INTERSTATE URBAN,01 INTERSTATE,01 NON-JUNCTION,03 SHOULDER,01 NOT AT INTERSECTION,01 PAVED,39,"May 26, 2020",11 URBAN PRIN ART INT.,36,PAVED WARN,11,,0,,0,98,147000,RCI,10.8,,60,1 NO INJURY,31 Q/C COMPLETED - LOC VERIFIED,0 NO,01 NOT AT INTERSECTION/RRX/BRIDGE,01 DAYLIGHT,01 CLEAR,01 DRY,01 LEVEL,1 STRAIGHT,"TWO-WAY, DIVIDED, POSITIVE MED",,NO CONTROLS,NOT CODED,6,NONE,NOT CODED,NOT CODED,NONE,NOT CODED,NOT CODED,27 GUARDRAIL FACE,77 OTHER (SEE NARRATIVE),16 LEAVING TRAFFIC LANE,OTHER CONTRIBUTING ACTION,NOT CODED,00 NOT CODED,00 NOT CODED,00 NOT CODED,00 NOT CODED,01 NO,0,0,0,0,1,0,1,2,N,N,N,N,Y,N,N,N,N,N,N,N,N,N,N,N,N,N,N,N,N,N,N,N,N,N,27.969164771,-82.399796329,362321.608247,3094575.468226,R,,ARBM15Q1R2,"January 7, 2023",3294792,-9172703.745716397,3245087.3813966126
2021899668000,2021,899668000,2021-15480,COUNTY SHERIFF'S OFFICE,07 SEVENTH,HILLSBOROUGH,"January 9, 2021",0323,SUNDAY,1050 TAMPA,0350,Y,I 275,SLIGH AVE E,0.031,N,28.008952,-82.453032,28.0095824,-82.4531651,10320169,0.031,02781,SR 93,I 275,R RIGHT,X RAMP,N NORTH,08 RAMP RURAL,01 INTERSTATE,14 ENTRANCE/EXIT RAMP,01 ON ROADWAY,77 OTHER (SEE NARRATIVE),03 CURB,0,"December 31, 2000",,16,CURB&GUTTER,2,,0,,0,,6100,RCI,6.2,,,1 NO INJURY,31 Q/C COMPLETED - LOC VERIFIED,0 NO,08 EXIT RAMP,04 DARK-LIGHTED,01 CLEAR,01 DRY,01 LEVEL,1 STRAIGHT,"TWO-WAY, NOT DIVIDED",,NO CONTROLS,NOT CODED,1,NONE,NOT CODED,NOT CODED,ANIMAL(S) IN ROADWAY,NOT CODED,NOT CODED,28 GUARDRAIL END,00 NOT CODED,16 LEAVING TRAFFIC LANE,NO CONTRIBUTING ACTION,NOT CODED,00 NOT CODED,00 NOT CODED,00 NOT CODED,00 NOT CODED,01 NO,0,0,0,0,1,0,1,1,N,N,N,N,Y,N,N,N,N,N,N,N,N,N,N,N,N,N,N,N,N,N,N,N,N,N,28.009588003,-82.453174211,357124.269969,3099115.483962,O,,ARBM15Q1R2,"January 7, 2023",3294793,-9178645.74614063,3250183.3254630286
2021899668200,2021,899668200,2021-16065,COUNTY SHERIFF'S OFFICE,07 SEVENTH,HILLSBOROUGH,"January 9, 2021",1656,SUNDAY,1050 TAMPA,0350,Y,SR 574,CENTRAL AVE,0,,27.981555,-82.455236,27.9814603,-82.4552235,10340000,3.062,03113,SR 574,,L LEFT,1 THRU LANE 1,N NORTH,20 URBAN 4-5LN 2WY DIVD RASD,03 STATE,02 INTERSECTION,01 ON ROADWAY,02 FOUR-WAY INTERSECTION,03 CURB,38,"February 15, 2021",14 URBAN PRIN ART OTHER,24,CURB&GUTTER,2,,0,,0,17,32000,RCI,3.3,,35,4 INCAPACITATING INJURY,31 Q/C COMPLETED - LOC VERIFIED,0 NO,02 AT INTERSECTION,02 DUSK,01 CLEAR,01 DRY,01 LEVEL,1 STRAIGHT,"TWO-WAY, NOT DIVIDED","TWO-WAY, NOT DIVIDED",TRAFFIC CONTROL SIGNAL,TRAFFIC CONTROL SIGNAL,4,NONE,NOT CODED,NOT CODED,NONE,NOT CODED,NOT CODED,14 MOTOR VEHICLE IN TRANSPORT,03 ANGLE,01 STRAIGHT AHEAD,RAN RED LIGHT,NO CONTRIBUTING ACTION,00 NOT CODED,00 NOT CODED,00 NOT CODED,00 NOT CODED,01 NO,2,0,1,0,2,0,2,2,N,N,N,Y,N,N,N,N,N,N,N,N,N,N,N,Y,N,N,N,N,N,N,N,N,N,N,27.981511853,-82.455212834,356886.71486,3096007.171669,C,,ARBM15Q1R2,"January 7, 2023",3294794,-9178872.684607362,3246643.7103563137
2021899677050,2021,899677050,2021-48158,COUNTY SHERIFF'S OFFICE,07 SEVENTH,HILLSBOROUGH,"January 31, 2021",1810,MONDAY,1050 TAMPA,0350,Y,FLORIDA AVE N,LINEBAUGH AVE W,0,,28.03996,-82.459502,28.0400542,-82.4593866,10020000,6.365,01207,SR 685,USB 41,L LEFT,1 THRU LANE 1,N NORTH,30 URBAN 6+LN 2WY DIVD RASD,02 U.S.,02 INTERSECTION,01 ON ROADWAY,02 FOUR-WAY INTERSECTION,03 CURB,40,"February 14, 2021",16 URBAN MINOR ART,33,PAVED,4,CURB&GUTTER,2,,0,18,25000,RCI,3.6,,45,3 NO-INCAPACITATING INJURY,31 Q/C COMPLETED - LOC VERIFIED,0 NO,02 AT INTERSECTION,04 DARK-LIGHTED,01 CLEAR,01 DRY,01 LEVEL,1 STRAIGHT,"TWO-WAY, DIVIDED, POSITIVE MED","TWO-WAY, DIVIDED, POSITIVE MED",FLASHING SIGNAL,NO CONTROLS,5,NONE,NOT CODED,NOT CODED,NONE,NOT CODED,NOT CODED,14 MOTOR VEHICLE IN TRANSPORT,02 FRONT TO FRONT,03 TURNING LEFT,FAILED TO YIELD RIGHT-OF-WAY,NO CONTRIBUTING ACTION,00 NOT CODED,00 NOT CODED,00 NOT CODED,00 NOT CODED,01 NO,4,0,0,0,2,0,2,4,N,N,N,Y,N,N,N,N,N,N,N,N,N,N,N,N,N,N,N,N,N,Y,N,Y,N,N,28.040618909,-82.459459347,356547.399385,3102560.954963,C,,ARBM15Q1R2,"January 7, 2023",3294799,-9179345.404589426,3254096.5258628293
2021899720220,2021,899720220,2021-190265,COUNTY SHERIFF'S OFFICE,07 SEVENTH,HILLSBOROUGH,"April 30, 2021",2147,SATURDAY,1050 TAMPA,0350,Y,FLORIDA AVE N,HENRY AVE,0,,27.999649,-82.459404,27.9997676,-82.4594346,10020000,3.592,01166,SR 685,USB 41,R RIGHT,2 THRU LANE 2,S SOUTH,22 URBAN 4-5LN 2WY UNDIVD,05 LOCAL,18 THROUGH ROADWAY,01 ON ROADWAY,03 T-INTERSECTION,03 CURB,41,"February 14, 2021",16 URBAN MINOR ART,40,RAISED CURB,0,,0,,0,,17500,RCI,4,,40,2 POSSIBLE INJURY,31 Q/C COMPLETED - LOC VERIFIED,0 NO,02 AT INTERSECTION,04 DARK-LIGHTED,01 CLEAR,01 DRY,01 LEVEL,1 STRAIGHT,"TWO-WAY, NOT DIVIDED","TWO-WAY, NOT DIVIDED",NO CONTROLS,NO CONTROLS,4,NONE,NOT CODED,NOT CODED,NONE,NOT CODED,NOT CODED,14 MOTOR VEHICLE IN TRANSPORT,02 FRONT TO FRONT,03 TURNING LEFT,FAILED TO YIELD RIGHT-OF-WAY,NO CONTRIBUTING ACTION,00 NOT CODED,00 NOT CODED,00 NOT CODED,00 NOT CODED,01 NO,1,0,0,0,2,0,2,3,N,N,N,Y,N,N,N,N,N,N,N,N,N,N,N,N,N,N,N,N,N,Y,N,Y,N,N,28.000080951,-82.459448202,356494.736708,3098069.511581,C,,ARBM15Q1R2,"January 7, 2023",3294810,-9179344.163841838,3248984.6495311926
2021899720270,2021,899720270,2021-190210,COUNTY SHERIFF'S OFFICE,07 SEVENTH,HILLSBOROUGH,"May 1, 2021",2112,SUNDAY,1050 TAMPA,0350,Y,I 4,COLUMBUS DR E,0,,27.965995,-82.405203,27.9658068,-82.4054074,10190446,0.233,05974,SR 400,I 4,R RIGHT,X RAMP,0,08 RAMP RURAL,05 LOCAL,03 INTERSECTION-RELATED,01 ON ROADWAY,77 OTHER (SEE NARRATIVE),03 CURB,0,"December 31, 2000",,24,CURB&GUTTER,2,,0,,0,,14000,RCI,11.2,,,3 NO-INCAPACITATING INJURY,31 Q/C COMPLETED - LOC VERIFIED,0 NO,08 EXIT RAMP,04 DARK-LIGHTED,01 CLEAR,01 DRY,01 LEVEL,1 STRAIGHT,"TWO-WAY, DIVIDED, POSITIVE MED","TWO-WAY, DIVIDED, POSITIVE MED",TRAFFIC CONTROL SIGNAL,TRAFFIC CONTROL SIGNAL,2,NONE,NOT CODED,NOT CODED,NONE,NOT CODED,NOT CODED,14 MOTOR VEHICLE IN TRANSPORT,03 ANGLE,01 STRAIGHT AHEAD,RAN RED LIGHT,NO CONTRIBUTING ACTION,00 NOT CODED,00 NOT CODED,00 NOT CODED,00 NOT CODED,01 NO,3,0,0,0,2,0,2,3,N,N,N,N,N,N,N,N,N,N,N,N,N,N,N,N,N,N,N,N,N,N,N,N,N,N,27.965804821,-82.405406613,361765.4576,3094209.5453,O,,ARBM15Q1R2,"January 7, 2023",3294811,-9173328.279828722,3244663.8962604073
2021899678300,2021,899678300,2021-51981,COUNTY SHERIFF'S OFFICE,07 SEVENTH,HILLSBOROUGH,"February 3, 2021",1830,THURSDAY,1050 TAMPA,0350,Y,BUSCH BLVD E,50TH ST N,0.122,E,28.032665,-82.400757,28.0325558,-82.3997432,10310000,6.48,00899,SR 580,,L LEFT,D DRIVEWAY,W WEST,30 URBAN 6+LN 2WY DIVD RASD,03 STATE,01 NON-JUNCTION,01 ON ROADWAY,01 NOT AT INTERSECTION,03 CURB,35,"October 2, 2019",14 URBAN PRIN ART OTHER,36,CURB&GUTTER,2,,0,,0,16,39500,RCI,3.4,,45,3 NO-INCAPACITATING INJURY,31 Q/C COMPLETED - LOC VERIFIED,0 NO,04 DRIVEWAY ACCESS,04 DARK-LIGHTED,01 CLEAR,01 DRY,01 LEVEL,1 STRAIGHT,"TWO-WAY, DIVIDED, POSITIVE MED","TWO-WAY, DIVIDED, POSITIVE MED",NO CONTROLS,NO CONTROLS,6,NONE,NOT CODED,NOT CODED,NONE,NOT CODED,NOT CODED,14 MOTOR VEHICLE IN TRANSPORT,01 FRONT TO REAR,01 STRAIGHT AHEAD,"OPER MV AGRSIVE, ERATIC, RCKLS",NO CONTRIBUTING ACTION,00 NOT CODED,00 NOT CODED,00 NOT CODED,00 NOT CODED,01 NO,1,0,0,0,3,0,3,5,N,N,N,N,Y,N,Y,N,N,N,N,Y,N,N,N,N,Y,N,N,N,N,N,N,N,N,N,28.032614806,-82.39973545,362408.242214,3101605.267351,C,,ARBM15Q1R2,"January 7, 2023",3294829,-9172696.968864946,3253087.0482598003
2021899683070,2021,899683070,2021-66707,COUNTY SHERIFF'S OFFICE,07 SEVENTH,HILLSBOROUGH,"February 12, 2021",1203,SATURDAY,1050 TAMPA,0350,Y,CROSSTOWN EXP,GANDY BLVD,0.019,N,27.896319,-82.506388,27.8935514,-82.509219,10002002,0.161,01100,SR 618,,L LEFT,X RAMP,S SOUTH,08 RAMP RURAL,06 TURNPIKE/TOLL,14 ENTRANCE/EXIT RAMP,01 ON ROADWAY,01 NOT AT INTERSECTION,01 PAVED,0,"December 31, 2000",,12,PAVED WARN,7,VALLEY GUTR,4,LAWN,12,,7000,RCI,8.3,,,4 INCAPACITATING INJURY,31 Q/C COMPLETED - LOC VERIFIED,0 NO,08 EXIT RAMP,01 DAYLIGHT,03 RAIN,02 WET,04 DOWNHILL,2 CURVE RIGHT,"TWO-WAY, DIVIDED, POSITIVE MED",,NO CONTROLS,NOT CODED,1,"RD SURFC (WET, ICY, SNOW, ETC)",NOT CODED,NOT CODED,NONE,NOT CODED,NOT CODED,01 OVERTURN/ROLLOVER,00 NOT CODED,14 SLOWING,DROVE TOO FAST FOR CONDITIONS,NOT CODED,00 NOT CODED,00 NOT CODED,00 NOT CODED,00 NOT CODED,01 NO,1,0,1,0,1,0,1,1,N,N,N,N,N,Y,N,N,N,N,N,Y,N,N,N,Y,N,N,N,N,N,Y,Y,N,N,N,27.893587252,-82.509147836,351461.540088,3086329.894671,O,,ARBM15Q1R2,"January 7, 2023",3294830,-9184876.703008113,3235564.838733416
2021899670290,2021,899670290,2021-23769,COUNTY SHERIFF'S OFFICE,07 SEVENTH,HILLSBOROUGH,"January 15, 2021",0250,SATURDAY,1050 TAMPA,0350,Y,GANDY BLVD W,CULBREATH KEY APTS,1.368,E,27.887716,-82.552136,27.8936419,-82.5078426,10130000,4.906,03671,SR 600,US 92,M MEDIAN,M MIDDLE,E EAST,30 URBAN 6+LN 2WY DIVD RASD,05 LOCAL,01 NON-JUNCTION,03 SHOULDER,01 NOT AT INTERSECTION,01 PAVED,38,"September 13, 2015",14 URBAN PRIN ART OTHER,30,CURB&GUTTER,2,,0,,0,35,34000,RCI,4.9,,45,1 NO INJURY,31 Q/C COMPLETED - LOC VERIFIED,1 ALC,01 NOT AT INTERSECTION/RRX/BRIDGE,04 DARK-LIGHTED,01 CLEAR,01 DRY,01 LEVEL,1 STRAIGHT,"TWO-WAY, NOT DIVIDED",,NO CONTROLS,NOT CODED,5,NONE,NOT CODED,NOT CODED,NONE,NOT CODED,NOT CODED,27 GUARDRAIL FACE,00 NOT CODED,01 STRAIGHT AHEAD,OPERATED MV IN CARLESS OR NEGL,NOT CODED,00 NOT CODED,00 NOT CODED,00 NOT CODED,00 NOT CODED,01 NO,0,0,0,0,1,0,1,1,N,N,N,N,Y,N,N,Y,N,N,N,N,N,N,N,N,N,N,N,N,N,N,N,N,N,N,27.893636485,-82.507825764,351591.74976,3086333.746174,R,,ARBM15Q1R2,"January 7, 2023",3294833,-9184729.530519374,3235571.0398670877
2021899670300,2021,899670300,2021-23756,COUNTY SHERIFF'S OFFICE,07 SEVENTH,HILLSBOROUGH,"January 15, 2021",0237,SATURDAY,1050 TAMPA,0350,Y,BUSCH BLVD E,HARTTS DR,0,E,28.032601,-82.409133,28.0325591,-82.4090069,10310000,5.914,00893,SR 580,,L LEFT,3 THRU LANE 3,E EAST,30 URBAN 6+LN 2WY DIVD RASD,03 STATE,18 THROUGH ROADWAY,04 MEDIAN,01 NOT AT INTERSECTION,03 CURB,35,"October 2, 2019",14 URBAN PRIN ART OTHER,36,CURB&GUTTER,2,,0,,0,16,39500,RCI,3.4,,45,4 INCAPACITATING INJURY,31 Q/C COMPLETED - LOC VERIFIED,1 ALC,02 AT INTERSECTION,04 DARK-LIGHTED,02 CLOUDY,01 DRY,01 LEVEL,1 STRAIGHT,"TWO-WAY, DIVIDED, POSITIVE MED","TWO-WAY, DIVIDED, POSITIVE MED",NO CONTROLS,NO CONTROLS,6,NONE,NOT CODED,NOT CODED,NONE,NOT CODED,NOT CODED,24 CURB,00 NOT CODED,16 LEAVING TRAFFIC LANE,OPERATED MV IN CARLESS OR NEGL,NO CONTRIBUTING ACTION,00 NOT CODED,00 NOT CODED,00 NOT CODED,00 NOT CODED,01 NO,2,0,2,0,2,0,2,2,N,N,N,Y,N,N,N,N,N,N,N,N,N,N,N,N,Y,N,N,N,N,N,N,N,N,N,28.032604806,-82.408995811,361497.847838,3101614.648676,C,,ARBM15Q1R2,"January 7, 2023",3294834,-9173727.827905247,3253085.7871099776
2021899708290,2021,899708290,2021-151829,COUNTY SHERIFF'S OFFICE,07 SEVENTH,HILLSBOROUGH,"April 6, 2021",0110,WEDNESDAY,1050 TAMPA,0350,Y,SR 60,BAY HARBOR DR,1.94,W,27.972962,-82.600606,27.9727812,-82.6002634,10140000,2.974,04710,SR 60,,L LEFT,S SIDE OF ROAD,W WEST,24 SUBURBAN 4-5LN 2WY DIVD PAVD,09 PARKING LOT,01 NON-JUNCTION,01 ON ROADWAY,01 NOT AT INTERSECTION,03 CURB,38,"February 17, 2020",14 URBAN PRIN ART OTHER,23,PAVED,5,LAWN,7,,0,16,61500,RCI,5.2,,60,1 NO INJURY,31 Q/C COMPLETED - LOC VERIFIED,0 NO,01 NOT AT INTERSECTION/RRX/BRIDGE,04 DARK-LIGHTED,01 CLEAR,01 DRY,01 LEVEL,1 STRAIGHT,"TWO-WAY, DIVIDED, POSITIVE MED",,NO CONTROLS,NOT CODED,4,NONE,NOT CODED,NOT CODED,NONE,NOT CODED,NOT CODED,27 GUARDRAIL FACE,00 NOT CODED,01 STRAIGHT AHEAD,OTHER CONTRIBUTING ACTION,NOT CODED,00 NOT CODED,00 NOT CODED,00 NOT CODED,00 NOT CODED,01 NO,0,0,0,0,1,0,1,1,N,N,N,N,Y,N,N,N,N,N,N,N,N,N,N,N,N,N,N,N,N,N,N,N,N,N,27.972830534,-82.600318671,342601.639386,3095223.889861,C,,ARBM15Q1R2,"January 7, 2023",3294838,-9195025.797179043,3245549.4255030476
2021899713060,2021,899713060,2021-165897,COUNTY SHERIFF'S OFFICE,07 SEVENTH,HILLSBOROUGH,"April 14, 2021",2320,THURSDAY,1050 TAMPA,0350,Y,HILLSBOROUGH AVE E,43RD ST N,0.04,E,27.996155,-82.40932,27.9960224,-82.4092987,10030000,2.558,01767,SR 600,US 92,L LEFT,3 THRU LANE 3,W WEST,30 URBAN 6+LN 2WY DIVD RASD,05 LOCAL,01 NON-JUNCTION,01 ON ROADWAY,01 NOT AT INTERSECTION,03 CURB,42,"February 15, 2021",14 URBAN PRIN ART OTHER,33,CURB&GUTTER,2,,0,,0,14,37500,RCI,6.9,,45,4 INCAPACITATING INJURY,31 Q/C COMPLETED - LOC VERIFIED,0 NO,01 NOT AT INTERSECTION/RRX/BRIDGE,04 DARK-LIGHTED,01 CLEAR,01 DRY,01 LEVEL,1 STRAIGHT,"TWO-WAY, DIVIDED, UNPROTECTED",,NO CONTROLS,NOT CODED,6,NONE,NOT CODED,NOT CODED,NONE,NOT CODED,NOT CODED,09 OTHER NON-COLLISION,00 NOT CODED,01 STRAIGHT AHEAD,NO CONTRIBUTING ACTION,NOT CODED,00 NOT CODED,00 NOT CODED,00 NOT CODED,00 NOT CODED,01 NO,2,0,1,0,1,0,1,2,N,N,N,N,N,N,N,N,N,N,N,N,N,N,N,N,N,N,N,N,N,N,N,N,N,N,27.996094817,-82.409299772,361421.223005,3097569.898499,C,,ARBM15Q1R2,"January 7, 2023",3294839,-9173761.664565004,3248482.098067068
2021899699190,2021,899699190,2021-123789,COUNTY SHERIFF'S OFFICE,07 SEVENTH,HILLSBOROUGH,"March 19, 2021",1130,SATURDAY,1050 TAMPA,0350,Y,HILLSBOROUGH AVE E,NEBRASKA AVE,0.039,W,27.996072,-82.451752,27.9960735,-82.4517693,10150000,12.811,04720,SR 600,US 92,R RIGHT,1 THRU LANE 1,E EAST,30 URBAN 6+LN 2WY DIVD RASD,03 STATE,01 NON-JUNCTION,01 ON ROADWAY,01 NOT AT INTERSECTION,03 CURB,36,"February 15, 2021",14 URBAN PRIN ART OTHER,36,CURB&GUTTER,2,,0,,0,18,51500,RCI,5.3,0D00,40,4 INCAPACITATING INJURY,31 Q/C COMPLETED - LOC VERIFIED,0 NO,03 INFLUENCED BY INTERSECTION,01 DAYLIGHT,02 CLOUDY,01 DRY,01 LEVEL,1 STRAIGHT,"TWO-WAY, DIVIDED, POSITIVE MED","TWO-WAY, DIVIDED, POSITIVE MED",NO CONTROLS,NO CONTROLS,5,NONE,NOT CODED,NOT CODED,NONE,NOT CODED,NOT CODED,14 MOTOR VEHICLE IN TRANSPORT,03 ANGLE,88 UNKNOWN,NO CONTRIBUTING ACTION,NO CONTRIBUTING ACTION,00 NOT CODED,00 NOT CODED,00 NOT CODED,00 NOT CODED,01 NO,1,0,1,0,2,0,2,2,N,N,N,Y,N,N,N,N,N,N,N,N,N,N,N,N,N,N,N,N,N,N,N,N,N,N,27.996048625,-82.45174898,357246.565471,3097613.717062,R,,ARBM15Q1R2,"January 7, 2023",3294845,-9178487.090058338,3248476.2744212425
2021899703580,2021,899703580,2021-136713,COUNTY SHERIFF'S OFFICE,07 SEVENTH,HILLSBOROUGH,"March 27, 2021",1855,SUNDAY,1050 TAMPA,0350,Y,SR 574,56TH ST N,0,,27.981529,-82.393634,27.9814865,-82.3935834,10340000,6.825,00334,SR 574,,L LEFT,1 THRU LANE 1,S SOUTH,15 SUBURBAN 2-3LN 2WY UNDIVD,05 LOCAL,02 INTERSECTION,01 ON ROADWAY,02 FOUR-WAY INTERSECTION,02 UNPAVED,38,"February 15, 2021",14 URBAN PRIN ART OTHER,25,PAVED,4,LAWN,12,,0,,25000,RCI,7,,45,1 NO INJURY,31 Q/C COMPLETED - LOC VERIFIED,0 NO,02 AT INTERSECTION,01 DAYLIGHT,01 CLEAR,01 DRY,01 LEVEL,1 STRAIGHT,"TWO-WAY, NOT DIVIDED","TWO-WAY, NOT DIVIDED",STOP SIGN,NO CONTROLS,2,NONE,NOT CODED,NOT CODED,NONE,NOT CODED,NOT CODED,14 MOTOR VEHICLE IN TRANSPORT,03 ANGLE,01 STRAIGHT AHEAD,RAN STOP SIGN,NO CONTRIBUTING ACTION,00 NOT CODED,00 NOT CODED,00 NOT CODED,00 NOT CODED,01 NO,0,0,0,0,2,0,3,2,N,N,N,Y,N,N,N,N,N,N,N,N,N,N,N,N,N,N,N,N,Y,N,N,N,N,N,27.981494818,-82.393549296,362951.699129,3095934.526959,C,,ARBM15Q1R2,"January 7, 2023",3294846,-9172008.329043433,3246641.5631213905
2021899706200,2021,899706200,2021-145586,COUNTY SHERIFF'S OFFICE,07 SEVENTH,HILLSBOROUGH,"April 2, 2021",0234,SATURDAY,1050 TAMPA,0350,Y,SR 685,SR 574,0.015,S,27.981283,-82.461849,27.9814473,-82.4618779,10020101,0.803,02513,SR 685,USB 41,R RIGHT,S SIDE OF ROAD,S SOUTH,40 URBAN ONE WAY,05 LOCAL,01 NON-JUNCTION,02 OFF ROADWAY,01 NOT AT INTERSECTION,03 CURB,41,"February 14, 2021",16 URBAN MINOR ART,36,PAVED,5,RAISED CURB,0,,0,,4100,RCI,4.9,,40,5 FATAL(WITHIN 30 DAYS) INJURY,31 Q/C COMPLETED - LOC VERIFIED,0 NO,03 INFLUENCED BY INTERSECTION,04 DARK-LIGHTED,01 CLEAR,01 DRY,01 LEVEL,3 CURVE LEFT,ONE-WAY TRAFFICWAY,,NO CONTROLS,NOT CODED,3,NONE,NOT CODED,NOT CODED,NONE,NOT CODED,NOT CODED,27 GUARDRAIL FACE,00 NOT CODED,01 STRAIGHT AHEAD,OPERATED MV IN CARLESS OR NEGL,NOT CODED,00 NOT CODED,00 NOT CODED,00 NOT CODED,00 NOT CODED,01 NO,0,1,0,0,1,0,1,1,N,N,N,Y,N,N,N,N,N,N,N,N,N,N,N,N,N,N,N,N,N,N,N,N,N,N,27.9815019,-82.461992216,356219.900155,3096014.035086,O,,ARBM15Q1R2,"January 7, 2023",3294882,-9179627.362193987,3246642.4556338745
2021899695880,2021,899695880,2021-113326,COUNTY SHERIFF'S OFFICE,07 SEVENTH,HILLSBOROUGH,"March 12, 2021",0136,SATURDAY,1050 TAMPA,0350,Y,FOWLER AVE E,46TH ST,0.077,E,28.054596,-82.408677,28.0543681,-82.4086382,10290000,3.104,00824,SR 582,,L LEFT,S SIDE OF ROAD,W WEST,33 SUBURBAN 6+LN 2WY DIVD RASD,03 STATE,18 THROUGH ROADWAY,02 OFF ROADWAY,01 NOT AT INTERSECTION,01 PAVED,34,"February 14, 2021",14 URBAN PRIN ART OTHER,36,PAVED,5,LAWN,12,,0,32,65500,RCI,2.6,,50,4 INCAPACITATING INJURY,31 Q/C COMPLETED - LOC VERIFIED,0 NO,01 NOT AT INTERSECTION/RRX/BRIDGE,04 DARK-LIGHTED,01 CLEAR,01 DRY,01 LEVEL,1 STRAIGHT,"TWO-WAY, DIVIDED, POSITIVE MED",,NO CONTROLS,NOT CODED,6,NONE,NOT CODED,NOT CODED,NONE,NOT CODED,NOT CODED,23 CULVERT,00 NOT CODED,01 STRAIGHT AHEAD,RAN OFF ROADWAY,NOT CODED,00 NOT CODED,00 NOT CODED,00 NOT CODED,00 NOT CODED,01 NO,2,0,2,0,1,0,1,2,N,N,N,N,Y,Y,N,N,N,N,N,Y,N,N,N,N,Y,N,N,N,N,N,N,N,N,N,28.05454703,-82.408546991,361570.075092,3104045.21947,L,,ARBM15Q1R2,"January 7, 2023",3294884,-9173677.865471194,3255853.320323153