Crash Id,Calendar Year,FDOT Crash Number,Reporting Agency Case Number,Reporting Agency Type,FDOT Managing District,County Name,Crash Date,Crash Time,Day,DHSMV City,Crash Report City Code,In Town,On Roadway Name,Int Roadway Name,Reference Distance (Miles),Reference Direction,Officer Latitude,Officer Longitude,FDOT Latitude,FDOT Longitude,FDOT Roadway,Nearest Inventory MP,Nearest Node From Crash,State Road #,US Highway,Crash Side of Road,Accident Lane Number,Travel Direction Vehicle 1,FDOT Road Category,DHSMV Road System Id,Relation to Junction,Crash Harmful Event Location,Intersection Type,Shoulder Type,FDOT Roadway SKID Test Result,FDOT Roadway SKID Test Date,Functional Class,RCI Surface Width,RCI Shoulder Type First,RCI Shoulder Width First,RCI Shoulder Type Second,RCI Shoulder Width Second,RCI Shoulder Type Third,RCI Shoulder Width Third,RCI Median Width,Avg Daily Traffic,AADT Source,RCI Avg Per Truck Traffic,RCI Horiz Curve Condition,Posted Speed Limit,Highest Injury in Crash,CAR Status Code,Alcohols/Drug Involved,Site Location,Lighting,Weather,Road Surface,Roadway Grade,Roadway Alignment,Traffic Way Vehicle 1,Traffic Way Vehicle 2,Traffic Control Vehicle 1,Traffic Control Vehicle 2,Count of Lanes,Road Condition 1,Road Condition 2,Road Condition 3,Environment Condition 1,Environment Condition 2,Environment Condition 3,Crash Harmful Event,Manner of Collision,Vehicle Movement,Driver Action Vehicle 1,Driver Action Vehicle 2,Location Within Workzone,Type of Workzone,Workers Present in Workzone,Law Enforcement Present in Workzone,School Bus Related,Count of Nonfatal Injuries,Count of Traffic Fatalities,Count of Serious Injuries,Count of Pedestrians,Count of Drivers,Count of Bicyclists,Count of Vehicles,Count of Persons,Wrong Way,Workzone Inv,Commercial Vehicle Inv,Intersection Inv,Lane Departure,Speeding,Agressive Driving,Impaired Driver,Impaired Pedestrian,Impaired Bicyclist,Distracted Driver,Speeding or Aggressive Driving,Pedestrian Related,Bicyclist Related,Pedestrian or Bicyclist Related,Motorcycle Inv,No Belt,No Belt - Ages 1-4,No Belt - Ages 5-12,No Belt - Ages 13-17,Driver - Ages Teen,Driver - Ages 65 plus,Driver - Ages 65-69,Driver - Ages 70-74,Driver - Ages 75-79,Driver - Ages 80 plus,ARBM Latitude,ARBM Longitude,UTM Zone 17N X,UTM Zone 17N Y,ARBM Side of Road,Urban Rural Indicator,GIS Street Source,Extract Date,OBJECTID,x,y
2021899679810,2021,899679810,2021-56291,COUNTY SHERIFF'S OFFICE,07 SEVENTH,HILLSBOROUGH,"February 6, 2021",0811,SUNDAY,1050 TAMPA,0350,Y,I 275,ASHLEY DR N,0.037,E,27.955351,-82.462448,27.9557372,-82.4620786,10190070,0.037,05270,SR 93,I 275,R RIGHT,X RAMP,S SOUTH,08 RAMP RURAL,05 LOCAL,16 SHARED-USE PATH OR TRAIL,03 SHOULDER,77 OTHER (SEE NARRATIVE),03 CURB,0,"December 31, 2000",,16,PAVED,4,VALLEY GUTR,4,,0,,8400,RCI,6.2,,,1 NO INJURY,31 Q/C COMPLETED - LOC VERIFIED,0 NO,07 ENTRANCE RAMP,01 DAYLIGHT,02 CLOUDY,02 WET,04 DOWNHILL,3 CURVE LEFT,ONE-WAY TRAFFICWAY,,NO CONTROLS,NOT CODED,1,"RD SURFC (WET, ICY, SNOW, ETC)",NONE,NOT CODED,NONE,NOT CODED,NOT CODED,24 CURB,00 NOT CODED,01 STRAIGHT AHEAD,NO CONTRIBUTING ACTION,NOT CODED,00 NOT CODED,00 NOT CODED,00 NOT CODED,00 NOT CODED,01 NO,0,0,0,0,1,0,1,1,N,N,N,N,Y,N,N,N,N,N,N,N,N,N,N,N,N,N,N,N,N,N,N,N,N,N,27.955734664,-82.462067161,356178.355288,3093159.243346,O,,ARBM15Q1R2,"January 7, 2023",3294890,-9179635.704936495,3243394.7409931603
2021899701850,2021,899701850,2021-131639,COUNTY SHERIFF'S OFFICE,07 SEVENTH,HILLSBOROUGH,"March 24, 2021",1626,THURSDAY,1050 TAMPA,0350,Y,I 275,DOYLE CARLTON DR,0,,27.958192,-82.46302,27.9581491,-82.4629781,10190453,0.458,05939,SR 93,I 275,L LEFT,X RAMP,0,08 RAMP RURAL,05 LOCAL,03 INTERSECTION-RELATED,01 ON ROADWAY,02 FOUR-WAY INTERSECTION,03 CURB,0,"December 31, 2000",,16,PAVED,6,,0,,0,,4500,RCI,8.1,,,3 NO-INCAPACITATING INJURY,31 Q/C COMPLETED - LOC VERIFIED,0 NO,08 EXIT RAMP,01 DAYLIGHT,01 CLEAR,01 DRY,04 DOWNHILL,1 STRAIGHT,"TWO-WAY, NOT DIVIDED",,STOP SIGN,NOT CODED,1,NONE,NOT CODED,NOT CODED,NONE,NOT CODED,NOT CODED,11 PEDALCYCLE,00 NOT CODED,88 UNKNOWN,NOT CODED,NOT CODED,00 NOT CODED,00 NOT CODED,00 NOT CODED,00 NOT CODED,01 NO,1,0,0,0,1,0,1,2,N,N,N,N,N,N,N,N,N,N,N,N,N,N,N,N,N,N,N,N,N,N,N,N,N,N,27.958132882,-82.463003203,356089.4482,3093426.0557,O,,ARBM15Q1R2,"January 7, 2023",3294896,-9179739.904687325,3243696.9808754935
2021899692310,2021,899692310,2021-100867,COUNTY SHERIFF'S OFFICE,07 SEVENTH,HILLSBOROUGH,"March 4, 2021",1111,FRIDAY,1050 TAMPA,0350,Y,J F K BLVD W,COOPER PL,0.006,W,27.944804,-82.521239,27.944789,-82.5212576,10270000,1.798,01252,SR 60,,R RIGHT,1 THRU LANE 1,E EAST,30 URBAN 6+LN 2WY DIVD RASD,03 STATE,03 INTERSECTION-RELATED,01 ON ROADWAY,03 T-INTERSECTION,03 CURB,39,"May 19, 2020",14 URBAN PRIN ART OTHER,33,CURB&GUTTER,2,,0,,0,19,37000,RCI,2.8,,40,3 NO-INCAPACITATING INJURY,31 Q/C COMPLETED - LOC VERIFIED,0 NO,03 INFLUENCED BY INTERSECTION,01 DAYLIGHT,01 CLEAR,01 DRY,01 LEVEL,1 STRAIGHT,"TWO-WAY, DIVIDED, POSITIVE MED","TWO-WAY, DIVIDED, POSITIVE MED",NO CONTROLS,NO CONTROLS,6,NONE,NOT CODED,NOT CODED,NONE,NOT CODED,NOT CODED,14 MOTOR VEHICLE IN TRANSPORT,01 FRONT TO REAR,01 STRAIGHT AHEAD,OPERATED MV IN CARLESS OR NEGL,NO CONTRIBUTING ACTION,00 NOT CODED,00 NOT CODED,00 NOT CODED,00 NOT CODED,01 NO,1,0,0,0,2,0,2,2,N,N,N,Y,N,N,N,N,N,N,N,N,N,N,N,N,N,N,N,N,N,N,N,N,N,N,27.94477483,-82.52122755,350342.953004,3092015.983622,R,,ARBM15Q1R2,"January 7, 2023",3294897,-9186221.411149131,3242013.5931241782
2021899674100,2021,899674100,2021-38180,COUNTY SHERIFF'S OFFICE,07 SEVENTH,HILLSBOROUGH,"January 25, 2021",0058,TUESDAY,1050 TAMPA,0350,Y,I 4,COLUMBUS DR,0,,27.965635,-82.405106,27.9658068,-82.4054074,10190446,0.233,05974,SR 400,I 4,R RIGHT,X RAMP,E EAST,08 RAMP RURAL,05 LOCAL,14 ENTRANCE/EXIT RAMP,02 OFF ROADWAY,77 OTHER (SEE NARRATIVE),03 CURB,0,"December 31, 2000",,24,CURB&GUTTER,2,,0,,0,,14000,RCI,11.2,,,2 POSSIBLE INJURY,31 Q/C COMPLETED - LOC VERIFIED,0 NO,08 EXIT RAMP,04 DARK-LIGHTED,01 CLEAR,01 DRY,01 LEVEL,1 STRAIGHT,ONE-WAY TRAFFICWAY,,NO CONTROLS,NOT CODED,2,NONE,NOT CODED,NOT CODED,NONE,NOT CODED,NOT CODED,33 UTILITY POLE/LIGHT SUPPORT,00 NOT CODED,01 STRAIGHT AHEAD,OPERATED MV IN CARLESS OR NEGL,NOT CODED,00 NOT CODED,00 NOT CODED,00 NOT CODED,00 NOT CODED,01 NO,1,0,0,0,1,0,1,1,N,N,N,N,N,N,N,N,N,N,N,N,N,N,N,N,N,N,N,N,N,N,N,N,N,N,27.965804821,-82.405406613,361765.4576,3094209.5453,O,,ARBM15Q1R2,"January 7, 2023",3294898,-9173328.279828722,3244663.8962604073
2021899667090,2021,899667090,2021-9056,COUNTY SHERIFF'S OFFICE,07 SEVENTH,HILLSBOROUGH,"January 4, 2021",1926,TUESDAY,1050 TAMPA,0350,Y,FLORIDA AVE N,FRANCES AVE E *,0.013,N,27.965212,-82.459407,27.9651953,-82.4594479,10020000,1.213,01119,SR 685,USB 41,R RIGHT,S SIDE OF ROAD,N NORTH,40 URBAN ONE WAY,05 LOCAL,01 NON-JUNCTION,02 OFF ROADWAY,01 NOT AT INTERSECTION,01 PAVED,41,"February 14, 2021",16 URBAN MINOR ART,30,RAISED CURB,5,RAISED CURB,0,,0,,9700,RCI,5.7,,35,1 NO INJURY,31 Q/C COMPLETED - LOC VERIFIED,2 DRG,01 NOT AT INTERSECTION/RRX/BRIDGE,04 DARK-LIGHTED,01 CLEAR,01 DRY,01 LEVEL,1 STRAIGHT,ONE-WAY TRAFFICWAY,,NO CONTROLS,NOT CODED,3,NONE,NOT CODED,NOT CODED,PHYSICAL OBSTRUCTION(S),UNKNOWN,NOT CODED,"36 OTHER POST, POLE, OR SUPPORT",00 NOT CODED,01 STRAIGHT AHEAD,FAILED TO KEEP IN PROPER LANE,NOT CODED,00 NOT CODED,00 NOT CODED,00 NOT CODED,00 NOT CODED,01 NO,0,0,0,0,1,0,1,1,N,N,N,N,Y,N,N,N,N,N,N,N,N,N,N,N,N,N,N,N,N,N,N,N,N,N,27.965301122,-82.459446598,356448.829472,3094216.074845,O,,ARBM15Q1R2,"January 7, 2023",3294901,-9179343.985080719,3244600.4113479345
2021899667330,2021,899667330,2021-13180,COUNTY SHERIFF'S OFFICE,07 SEVENTH,HILLSBOROUGH,"January 7, 2021",1427,FRIDAY,1050 TAMPA,0350,Y,JANETTE AVE E *,FLORIDA AVE N,0.006,E,27.973645,-82.459314,27.9735797,-82.4594211,10020000,1.79,01131,SR 685,USB 41,S SIDE RD RIGHT,1 THRU LANE 1,N NORTH,40 URBAN ONE WAY,02 U.S.,03 INTERSECTION-RELATED,09 OUTSIDE RIGHT-OF-WAY,02 FOUR-WAY INTERSECTION,03 CURB,41,"February 14, 2021",16 URBAN MINOR ART,30,RAISED CURB,5,RAISED CURB,0,,0,,4700,RCI,4.1,,40,1 NO INJURY,31 Q/C COMPLETED - LOC VERIFIED,0 NO,03 INFLUENCED BY INTERSECTION,01 DAYLIGHT,02 CLOUDY,01 DRY,01 LEVEL,1 STRAIGHT,ONE-WAY TRAFFICWAY,,NO CONTROLS,NOT CODED,3,NONE,NOT CODED,NOT CODED,NONE,NOT CODED,NOT CODED,"39 OTHER FIXED OBJECT (WALL, BUIL",00 NOT CODED,05 TURNING RIGHT,DROVE TOO FAST FOR CONDITIONS,NOT CODED,00 NOT CODED,00 NOT CODED,00 NOT CODED,00 NOT CODED,01 NO,0,0,0,0,1,0,1,1,N,N,N,Y,N,Y,N,N,N,N,N,Y,N,N,N,N,N,N,N,N,N,N,N,N,N,N,27.97373684,-82.45940901,356463.69475,3095150.665232,O,,ARBM15Q1R2,"January 7, 2023",3294902,-9179339.801014354,3245663.662087557
2021895755280,2021,895755280,FHP21ON0040628,FLORIDA HIGHWAY PATROL,07 SEVENTH,HILLSBOROUGH,"December 14, 2021",0140,WEDNESDAY,1050 TAMPA,0350,Y,I 4,50TH ST,0.123,E,27.96883,-82.4001899,27.969114,-82.3998325,10190000,10.701,02652,SR 400,I 4,R RIGHT,2 THRU LANE 2,E EAST,01 INTERSTATE URBAN,01 INTERSTATE,01 NON-JUNCTION,01 ON ROADWAY,01 NOT AT INTERSECTION,01 PAVED,39,"May 26, 2020",11 URBAN PRIN ART INT.,36,PAVED WARN,11,,0,,0,98,147000,RCI,10.8,,60,5 FATAL(WITHIN 30 DAYS) INJURY,31 Q/C COMPLETED - LOC VERIFIED,1 ALC,01 NOT AT INTERSECTION/RRX/BRIDGE,04 DARK-LIGHTED,01 CLEAR,01 DRY,04 DOWNHILL,1 STRAIGHT,"TWO-WAY, DIVIDED, POSITIVE MED","TWO-WAY, DIVIDED, POSITIVE MED",NO CONTROLS,NO CONTROLS,6,NONE,NOT CODED,NOT CODED,NONE,NOT CODED,NOT CODED,14 MOTOR VEHICLE IN TRANSPORT,01 FRONT TO REAR,06 CHANGING LANES,"OPER MV AGRSIVE, ERATIC, RCKLS",NO CONTRIBUTING ACTION,00 NOT CODED,00 NOT CODED,00 NOT CODED,00 NOT CODED,01 NO,3,2,3,0,2,0,2,5,N,N,N,N,Y,N,Y,Y,N,N,Y,Y,N,N,N,N,Y,N,N,N,N,N,N,N,N,N,27.969116791,-82.399857777,362315.502868,3094570.221669,R,,ARBM15Q1R2,"January 7, 2023",3294909,-9172710.585985048,3245081.334046751
2021895755400,2021,895755400,FHP21ON0064359,FLORIDA HIGHWAY PATROL,07 SEVENTH,HILLSBOROUGH,"December 26, 2021",1815,MONDAY,1050 TAMPA,0350,Y,SR 618,NEBRASKA ST ENT,0.2,W,27.9514999,-82.45071,27.9496351,-82.451268,10002000,5.735,02849,SR 618,,M MEDIAN,M MIDDLE,W WEST,03 TOLL ROAD URBAN,03 STATE,01 NON-JUNCTION,04 MEDIAN,01 NOT AT INTERSECTION,03 CURB,46,"October 9, 1994",12 URBAN PRIN ART EXPR.,36,PAVED,10,,0,,0,44,56000,RCI,8,3D00,55,1 NO INJURY,31 Q/C COMPLETED - LOC VERIFIED,0 NO,01 NOT AT INTERSECTION/RRX/BRIDGE,04 DARK-LIGHTED,01 CLEAR,01 DRY,01 LEVEL,1 STRAIGHT,"TWO-WAY, DIVIDED, POSITIVE MED",,NO CONTROLS,NOT CODED,6,NONE,NOT CODED,NOT CODED,NONE,NOT CODED,NOT CODED,27 GUARDRAIL FACE,77 OTHER (SEE NARRATIVE),01 STRAIGHT AHEAD,OPERATED MV IN CARLESS OR NEGL,NOT CODED,00 NOT CODED,00 NOT CODED,00 NOT CODED,00 NOT CODED,01 NO,0,0,0,0,1,0,1,2,N,N,N,N,Y,N,N,N,N,N,Y,N,N,N,N,N,N,N,N,N,N,N,N,N,N,N,27.949853398,-82.451269952,357232.853153,3092494.96899,R,,ARBM15Q1R2,"January 7, 2023",3294911,-9178433.76469296,3242653.572225336
2021899713900,2021,899713900,2021-170466,COUNTY SHERIFF'S OFFICE,07 SEVENTH,HILLSBOROUGH,"April 17, 2021",2325,SUNDAY,1050 TAMPA,0350,Y,HILLSBOROUGH AVE W,OLA AVE,0.055,E,27.996017,-82.463431,27.9961173,-82.4626766,10150000,12.144,01735,SR 600,US 92,R RIGHT,S SIDE OF ROAD,E EAST,20 URBAN 4-5LN 2WY DIVD RASD,05 LOCAL,01 NON-JUNCTION,02 OFF ROADWAY,01 NOT AT INTERSECTION,03 CURB,36,"February 15, 2021",14 URBAN PRIN ART OTHER,24,PAVED,4,CURB&GUTTER,2,,0,24,50500,RCI,6.5,,45,2 POSSIBLE INJURY,31 Q/C COMPLETED - LOC VERIFIED,0 NO,01 NOT AT INTERSECTION/RRX/BRIDGE,04 DARK-LIGHTED,03 RAIN,02 WET,01 LEVEL,1 STRAIGHT,"TWO-WAY, DIVIDED, UNPROTECTED",UNKNOWN,NO CONTROLS,NO CONTROLS,4,"RD SURFC (WET, ICY, SNOW, ETC)",NOT CODED,NOT CODED,WEATHER CONDITIONS,NOT CODED,NOT CODED,"39 OTHER FIXED OBJECT (WALL, BUIL",00 NOT CODED,01 STRAIGHT AHEAD,DROVE TOO FAST FOR CONDITIONS,NOT CODED,00 NOT CODED,00 NOT CODED,00 NOT CODED,00 NOT CODED,01 NO,1,0,0,0,1,0,5,1,N,N,N,N,Y,Y,N,N,N,N,N,Y,N,N,N,N,N,N,N,N,N,N,N,N,N,N,27.996100003,-82.462658696,356173.728272,3097632.221285,R,,ARBM15Q1R2,"January 7, 2023",3294913,-9179701.554477377,3248482.7517997497
2021245821380,2021,245821380,2021-537655,COUNTY SHERIFF'S OFFICE,07 SEVENTH,HILLSBOROUGH,"December 27, 2021",1204,TUESDAY,1050 TAMPA,0350,Y,BUSCH BLVD E,RENFREW PL,0,,28.032479,-82.41868,28.0325177,-82.4187804,10310000,5.317,00885,SR 580,,R RIGHT,2 THRU LANE 2,S SOUTH,30 URBAN 6+LN 2WY DIVD RASD,05 LOCAL,02 INTERSECTION,01 ON ROADWAY,03 T-INTERSECTION,01 PAVED,35,"October 2, 2019",14 URBAN PRIN ART OTHER,33,CURB&GUTTER,2,,0,,0,17,39500,RCI,3.1,,45,1 NO INJURY,31 Q/C COMPLETED - LOC VERIFIED,0 NO,02 AT INTERSECTION,01 DAYLIGHT,01 CLEAR,01 DRY,01 LEVEL,1 STRAIGHT,"TWO-WAY, DIVIDED, POSITIVE MED","TWO-WAY, DIVIDED, POSITIVE MED",NO CONTROLS,NO CONTROLS,6,OBSTRUCTION IN ROADWAY,NOT CODED,NOT CODED,NONE,NOT CODED,NOT CODED,14 MOTOR VEHICLE IN TRANSPORT,03 ANGLE,03 TURNING LEFT,FAILED TO YIELD RIGHT-OF-WAY,SWERVED OR AVOIDED:  DUE TO WI,00 NOT CODED,00 NOT CODED,00 NOT CODED,00 NOT CODED,01 NO,0,0,0,0,2,0,2,2,N,N,N,Y,N,N,N,N,N,N,N,N,N,N,N,N,N,N,N,N,N,N,N,N,N,N,28.032592656,-82.418766302,360537.297718,3101624.444551,C,,ARBM15Q1R2,"January 7, 2023",3294931,-9174815.474276321,3253084.254751804
2021884920100,2021,884920100,FHPC21OFF036352,FLORIDA HIGHWAY PATROL,07 SEVENTH,HILLSBOROUGH,"April 8, 2021",2134,FRIDAY,1050 TAMPA,0350,Y,I 4,M L KING BLVD,0.5,W,27.9760462,-82.3915175,27.9771474,-82.3895032,10190000,11.54,02730,SR 400,I 4,L LEFT,1 THRU LANE 1,W WEST,01 INTERSTATE URBAN,01 INTERSTATE,01 NON-JUNCTION,01 ON ROADWAY,01 NOT AT INTERSECTION,01 PAVED,39,"May 26, 2020",11 URBAN PRIN ART INT.,36,PAVED WARN,8,VALLEY GUTR,4,LAWN,12,88,147000,RCI,10.8,,65,1 NO INJURY,31 Q/C COMPLETED - LOC VERIFIED,0 NO,01 NOT AT INTERSECTION/RRX/BRIDGE,04 DARK-LIGHTED,01 CLEAR,01 DRY,01 LEVEL,1 STRAIGHT,"TWO-WAY, DIVIDED, POSITIVE MED","TWO-WAY, DIVIDED, POSITIVE MED",NO CONTROLS,NO CONTROLS,6,NONE,NOT CODED,NOT CODED,NONE,NOT CODED,NOT CODED,14 MOTOR VEHICLE IN TRANSPORT,"04 SIDESWIPE, SAME DIRECTION",06 CHANGING LANES,FAILED TO KEEP IN PROPER LANE,NO CONTRIBUTING ACTION,00 NOT CODED,00 NOT CODED,00 NOT CODED,00 NOT CODED,01 NO,0,0,0,0,2,0,2,2,N,N,N,N,Y,N,N,N,N,N,N,N,N,N,N,N,N,N,N,N,Y,N,N,N,N,N,27.977595727,-82.389527971,363342.303113,3095498.026449,L,,ARBM15Q1R2,"January 7, 2023",3294963,-9171560.67700035,3246150.0699852547
2021884423840,2021,884423840,FHPC21OFF001609,FLORIDA HIGHWAY PATROL,07 SEVENTH,HILLSBOROUGH,"January 5, 2021",0812,WEDNESDAY,1050 TAMPA,0350,N,I 4,40TH ST N,0.1,W,27.965444,-82.4146292,27.9645902,-82.4160091,10190000,9.624,02723,SR 400,I 4,L LEFT,S SIDE OF ROAD,W WEST,01 INTERSTATE URBAN,01 INTERSTATE,01 NON-JUNCTION,01 ON ROADWAY,01 NOT AT INTERSECTION,01 PAVED,29,"May 11, 2020",11 URBAN PRIN ART INT.,36,PAVED WARN,12,,0,,0,259,163000,RCI,8.7,,60,1 NO INJURY,31 Q/C COMPLETED - LOC VERIFIED,0 NO,01 NOT AT INTERSECTION/RRX/BRIDGE,01 DAYLIGHT,01 CLEAR,01 DRY,01 LEVEL,1 STRAIGHT,"TWO-WAY, DIVIDED, POSITIVE MED","TWO-WAY, DIVIDED, POSITIVE MED",NO CONTROLS,NO CONTROLS,7,NONE,NOT CODED,NOT CODED,NONE,NOT CODED,NOT CODED,14 MOTOR VEHICLE IN TRANSPORT,03 ANGLE,01 STRAIGHT AHEAD,OPERATED MV IN CARLESS OR NEGL,NO CONTRIBUTING ACTION,00 NOT CODED,00 NOT CODED,00 NOT CODED,00 NOT CODED,01 NO,0,0,0,0,2,0,2,3,N,N,N,N,Y,N,N,N,N,N,N,N,N,N,N,N,N,N,N,N,N,N,N,N,N,N,27.965414527,-82.416319525,360691.449105,3094178.70189,L,,ARBM15Q1R2,"January 7, 2023",3294990,-9174543.099923395,3244614.7047171607
2021899741420,2021,899741420,2021-259637,COUNTY SHERIFF'S OFFICE,07 SEVENTH,HILLSBOROUGH,"June 15, 2021",0112,WEDNESDAY,1050 TAMPA,0350,Y,SR 618,22ND ST N,0,,27.954288,-82.436898,27.9525298,-82.4349699,10002024,0,02857,SR 618,,R RIGHT,X RAMP,E EAST,08 RAMP RURAL,09 PARKING LOT,14 ENTRANCE/EXIT RAMP,01 ON ROADWAY,01 NOT AT INTERSECTION,01 PAVED,0,"December 31, 2000",,12,CURB&GUTTER,2,CURB&GUTTER,2,,0,,1800,RCI,8.3,,,2 POSSIBLE INJURY,31 Q/C COMPLETED - LOC VERIFIED,0 NO,08 EXIT RAMP,04 DARK-LIGHTED,03 RAIN,02 WET,04 DOWNHILL,2 CURVE RIGHT,"TWO-WAY, DIVIDED, POSITIVE MED",,NO CONTROLS,NOT CODED,1,"RD SURFC (WET, ICY, SNOW, ETC)",NOT CODED,NOT CODED,NONE,NOT CODED,NOT CODED,27 GUARDRAIL FACE,00 NOT CODED,06 CHANGING LANES,DROVE TOO FAST FOR CONDITIONS,NOT CODED,00 NOT CODED,00 NOT CODED,00 NOT CODED,00 NOT CODED,01 NO,1,0,0,0,1,0,1,1,N,N,N,N,N,Y,N,N,N,N,N,Y,N,N,N,N,N,N,N,N,N,N,N,N,N,N,27.952486931,-82.434975025,358839.4656,3092767.8185,O,,ARBM15Q1R2,"January 7, 2023",3295056,-9176619.82132329,3242985.45035413
2021899735330,2021,899735330,2021-240530,COUNTY SHERIFF'S OFFICE,07 SEVENTH,HILLSBOROUGH,"May 26, 2021",1110,THURSDAY,1050 TAMPA,0350,Y,DALE MABRY HWY N,SR 580,0.064,N,27.999669,-82.505018,28.0369943,-82.5048127,10160000,2.843,01639,SR 580,,R RIGHT,S SIDE OF ROAD,N NORTH,33 SUBURBAN 6+LN 2WY DIVD RASD,77 ALL OTHER,01 NON-JUNCTION,02 OFF ROADWAY,01 NOT AT INTERSECTION,03 CURB,40,"February 17, 2020",14 URBAN PRIN ART OTHER,36,PAVED,3,VALLEY GUTR,4,,0,23,64000,RCI,2.6,,45,2 POSSIBLE INJURY,31 Q/C COMPLETED - LOC VERIFIED,0 NO,01 NOT AT INTERSECTION/RRX/BRIDGE,01 DAYLIGHT,01 CLEAR,01 DRY,01 LEVEL,1 STRAIGHT,"TWO-WAY, NOT DIVIDED",,YIELD SIGN,NOT CODED,6,NONE,NOT CODED,NOT CODED,NONE,NOT CODED,NOT CODED,33 UTILITY POLE/LIGHT SUPPORT,00 NOT CODED,01 STRAIGHT AHEAD,RAN OFF ROADWAY,NOT CODED,00 NOT CODED,00 NOT CODED,00 NOT CODED,00 NOT CODED,01 NO,3,0,0,0,1,0,1,3,N,N,N,N,Y,N,N,N,N,N,N,N,N,N,N,N,N,N,N,N,N,N,N,N,N,N,28.036981132,-82.504786582,352086.568479,3102212.096779,R,,ARBM15Q1R2,"January 7, 2023",3295057,-9184391.210760752,3253637.7198190065
2021882230580,2021,882230580,FHPK21OFFG02316,FLORIDA HIGHWAY PATROL,08 TURNPIKE,HILLSBOROUGH,"April 29, 2021",0657,FRIDAY,1050 TAMPA,0350,N,SR 589,SR 580,0.25,N,27.99659,-82.5458,28.0004307,-82.5451956,10470000,2.35,04757,SR 589,,R RIGHT,S SIDE OF ROAD,N NORTH,03 TOLL ROAD URBAN,06 TURNPIKE/TOLL,01 NON-JUNCTION,01 ON ROADWAY,01 NOT AT INTERSECTION,01 PAVED,36,"May 10, 2020",12 URBAN PRIN ART EXPR.,36,PAVED WARN,12,,0,,0,30,88344,RCI,6.3,,60,4 INCAPACITATING INJURY,31 Q/C COMPLETED - LOC VERIFIED,0 NO,01 NOT AT INTERSECTION/RRX/BRIDGE,03 DAWN,02 CLOUDY,01 DRY,01 LEVEL,1 STRAIGHT,"TWO-WAY, DIVIDED, POSITIVE MED",,NO CONTROLS,NOT CODED,7,NONE,NOT CODED,NOT CODED,NONE,NOT CODED,NOT CODED,"39 OTHER FIXED OBJECT (WALL, BUIL",77 OTHER (SEE NARRATIVE),01 STRAIGHT AHEAD,OPERATED MV IN CARLESS OR NEGL,NOT CODED,00 NOT CODED,00 NOT CODED,00 NOT CODED,00 NOT CODED,01 NO,1,0,1,0,1,0,1,1,N,N,N,N,Y,N,N,N,N,N,N,N,N,N,N,Y,N,N,N,N,N,N,N,N,N,N,28.009577584,-82.545518657,348043.769491,3099225.947666,R,,ARBM15Q1R2,"January 7, 2023",3295141,-9188925.485852422,3250182.0113704386
2021882230600,2021,882230600,FHPK21OFFG02474,FLORIDA HIGHWAY PATROL,08 TURNPIKE,HILLSBOROUGH,"May 6, 2021",0743,FRIDAY,1050 TAMPA,0350,N,SR 589,EHRLICH RD,1,N,28.08377,-82.5591399,28.0866147,-82.5494436,10470000,9.735,04156,SR 589,,R RIGHT,4 THRU LANE 4,N NORTH,03 TOLL ROAD URBAN,06 TURNPIKE/TOLL,01 NON-JUNCTION,01 ON ROADWAY,01 NOT AT INTERSECTION,01 PAVED,43,"May 10, 2020",12 URBAN PRIN ART EXPR.,36,PAVED WARN,10,LAWN,12,,0,30,51600,RCI,9.2,3D00,60,1 NO INJURY,31 Q/C COMPLETED - LOC VERIFIED,0 NO,01 NOT AT INTERSECTION/RRX/BRIDGE,01 DAYLIGHT,02 CLOUDY,01 DRY,01 LEVEL,1 STRAIGHT,"TWO-WAY, DIVIDED, POSITIVE MED",,NO CONTROLS,NOT CODED,6,NONE,NOT CODED,NOT CODED,NONE,NOT CODED,NOT CODED,"39 OTHER FIXED OBJECT (WALL, BUIL",77 OTHER (SEE NARRATIVE),01 STRAIGHT AHEAD,OPERATED MV IN CARLESS OR NEGL,NOT CODED,00 NOT CODED,00 NOT CODED,00 NOT CODED,00 NOT CODED,01 NO,0,0,0,0,1,0,1,1,N,N,N,N,Y,N,N,N,N,N,N,N,N,N,N,N,N,N,N,N,N,N,N,N,N,N,28.089638933,-82.54613749,348095.508565,3108097.402961,R,,ARBM15Q1R2,"January 7, 2023",3295142,-9188994.374276951,3260280.572808301