Crash Id,Calendar Year,FDOT Crash Number,Reporting Agency Case Number,Reporting Agency Type,FDOT Managing District,County Name,Crash Date,Crash Time,Day,DHSMV City,Crash Report City Code,In Town,On Roadway Name,Int Roadway Name,Reference Distance (Miles),Reference Direction,Officer Latitude,Officer Longitude,FDOT Latitude,FDOT Longitude,FDOT Roadway,Nearest Inventory MP,Nearest Node From Crash,State Road #,US Highway,Crash Side of Road,Accident Lane Number,Travel Direction Vehicle 1,FDOT Road Category,DHSMV Road System Id,Relation to Junction,Crash Harmful Event Location,Intersection Type,Shoulder Type,FDOT Roadway SKID Test Result,FDOT Roadway SKID Test Date,Functional Class,RCI Surface Width,RCI Shoulder Type First,RCI Shoulder Width First,RCI Shoulder Type Second,RCI Shoulder Width Second,RCI Shoulder Type Third,RCI Shoulder Width Third,RCI Median Width,Avg Daily Traffic,AADT Source,RCI Avg Per Truck Traffic,RCI Horiz Curve Condition,Posted Speed Limit,Highest Injury in Crash,CAR Status Code,Alcohols/Drug Involved,Site Location,Lighting,Weather,Road Surface,Roadway Grade,Roadway Alignment,Traffic Way Vehicle 1,Traffic Way Vehicle 2,Traffic Control Vehicle 1,Traffic Control Vehicle 2,Count of Lanes,Road Condition 1,Road Condition 2,Road Condition 3,Environment Condition 1,Environment Condition 2,Environment Condition 3,Crash Harmful Event,Manner of Collision,Vehicle Movement,Driver Action Vehicle 1,Driver Action Vehicle 2,Location Within Workzone,Type of Workzone,Workers Present in Workzone,Law Enforcement Present in Workzone,School Bus Related,Count of Nonfatal Injuries,Count of Traffic Fatalities,Count of Serious Injuries,Count of Pedestrians,Count of Drivers,Count of Bicyclists,Count of Vehicles,Count of Persons,Wrong Way,Workzone Inv,Commercial Vehicle Inv,Intersection Inv,Lane Departure,Speeding,Agressive Driving,Impaired Driver,Impaired Pedestrian,Impaired Bicyclist,Distracted Driver,Speeding or Aggressive Driving,Pedestrian Related,Bicyclist Related,Pedestrian or Bicyclist Related,Motorcycle Inv,No Belt,No Belt - Ages 1-4,No Belt - Ages 5-12,No Belt - Ages 13-17,Driver - Ages Teen,Driver - Ages 65 plus,Driver - Ages 65-69,Driver - Ages 70-74,Driver - Ages 75-79,Driver - Ages 80 plus,ARBM Latitude,ARBM Longitude,UTM Zone 17N X,UTM Zone 17N Y,ARBM Side of Road,Urban Rural Indicator,GIS Street Source,Extract Date,OBJECTID,x,y
2021882230820,2021,882230820,FHPK21OFFG01434,FLORIDA HIGHWAY PATROL,08 TURNPIKE,HILLSBOROUGH,"March 18, 2021",1419,FRIDAY,1050 TAMPA,0350,N,SR 589,HUTCHINSON RD,0.5,N,28.0905999,-82.5456999,28.105583,-82.5422377,10470000,11.174,05112,SR 589,,L LEFT,S SIDE OF ROAD,S SOUTH,03 TOLL ROAD URBAN,06 TURNPIKE/TOLL,02 INTERSECTION,01 ON ROADWAY,01 NOT AT INTERSECTION,01 PAVED,43,"May 10, 2020",12 URBAN PRIN ART EXPR.,48,PAVED WARN,12,,0,,0,30,55800,RCI,9.2,3D00,60,1 NO INJURY,31 Q/C COMPLETED - LOC VERIFIED,1 ALC,01 NOT AT INTERSECTION/RRX/BRIDGE,01 DAYLIGHT,01 CLEAR,01 DRY,01 LEVEL,1 STRAIGHT,"TWO-WAY, DIVIDED, POSITIVE MED",,NO CONTROLS,NOT CODED,7,NONE,NOT CODED,NOT CODED,NONE,NOT CODED,NOT CODED,27 GUARDRAIL FACE,77 OTHER (SEE NARRATIVE),01 STRAIGHT AHEAD,FAILED TO KEEP IN PROPER LANE,NOT CODED,00 NOT CODED,00 NOT CODED,00 NOT CODED,00 NOT CODED,01 NO,0,0,0,0,1,0,1,1,N,N,N,N,N,N,N,Y,N,N,N,N,N,N,N,N,N,N,N,N,N,N,N,N,N,N,28.108736166,-82.544254731,348307.378149,3110211.01269,L,,ARBM15Q1R2,"January 7, 2023",3295143,-9188784.786641795,3262690.5195583897
2021884516580,2021,884516580,FHPC21OFF020261,FLORIDA HIGHWAY PATROL,07 SEVENTH,HILLSBOROUGH,"February 26, 2021",2056,SATURDAY,1050 TAMPA,0350,Y,I 275,SR 400,0,,27.9718079,-82.4535917,27.9701446,-82.4537891,10320182,0,06035,SR 93,I 275,L LEFT,X RAMP,S SOUTH,08 RAMP RURAL,01 INTERSTATE,14 ENTRANCE/EXIT RAMP,01 ON ROADWAY,01 NOT AT INTERSECTION,01 PAVED,0,"December 31, 2000",,15,PAVED,6,,0,,0,,27000,RCI,8.3,,,1 NO INJURY,31 Q/C COMPLETED - LOC VERIFIED,0 NO,08 EXIT RAMP,04 DARK-LIGHTED,01 CLEAR,01 DRY,01 LEVEL,1 STRAIGHT,"TWO-WAY, DIVIDED, POSITIVE MED","TWO-WAY, DIVIDED, POSITIVE MED",NO CONTROLS,NO CONTROLS,1,NONE,NOT CODED,NOT CODED,NONE,NOT CODED,NOT CODED,14 MOTOR VEHICLE IN TRANSPORT,01 FRONT TO REAR,14 SLOWING,OPERATED MV IN CARLESS OR NEGL,NO CONTRIBUTING ACTION,00 NOT CODED,00 NOT CODED,00 NOT CODED,00 NOT CODED,01 NO,0,0,0,0,2,0,2,4,N,N,N,N,Y,N,N,N,N,N,N,N,N,N,N,N,N,N,N,N,Y,N,N,N,N,N,27.970146279,-82.453794748,357011.2021,3094746.263,O,,ARBM15Q1R2,"January 7, 2023",3295208,-9178714.823953202,3245211.0922687054
2021884558060,2021,884558060,FHPC21OFF075977,FLORIDA HIGHWAY PATROL,07 SEVENTH,HILLSBOROUGH,"July 20, 2021",1625,WEDNESDAY,1050 TAMPA,0350,N,I 275,NORTH BLVD,0.019,W,27.9561907,-82.469324,27.9557635,-82.4689106,10190000,6.095,01430,SR 93,I 275,L LEFT,4 THRU LANE 4,S SOUTH,01 INTERSTATE URBAN,01 INTERSTATE,01 NON-JUNCTION,01 ON ROADWAY,01 NOT AT INTERSECTION,01 PAVED,35,"May 11, 2020",11 URBAN PRIN ART INT.,48,PAVED WARN,12,,0,,0,200,226000,RCI,6.8,,55,4 INCAPACITATING INJURY,31 Q/C COMPLETED - LOC VERIFIED,0 NO,01 NOT AT INTERSECTION/RRX/BRIDGE,01 DAYLIGHT,01 CLEAR,01 DRY,01 LEVEL,1 STRAIGHT,"TWO-WAY, DIVIDED, POSITIVE MED","TWO-WAY, DIVIDED, POSITIVE MED",NO CONTROLS,NO CONTROLS,8,NONE,NOT CODED,NOT CODED,NONE,NOT CODED,NOT CODED,14 MOTOR VEHICLE IN TRANSPORT,01 FRONT TO REAR,01 STRAIGHT AHEAD,OPERATED MV IN CARLESS OR NEGL,NO CONTRIBUTING ACTION,00 NOT CODED,00 NOT CODED,00 NOT CODED,00 NOT CODED,01 NO,3,0,2,0,4,0,4,9,N,N,N,N,N,N,N,N,N,N,Y,N,N,N,N,N,N,N,N,N,Y,N,N,N,N,N,27.956024826,-82.469196595,355477.3421,3093199.8046,L,,ARBM15Q1R2,"January 7, 2023",3295224,-9180429.35015794,3243431.3087997227
2021899691700,2021,899691700,2021-98947,COUNTY SHERIFF'S OFFICE,07 SEVENTH,HILLSBOROUGH,"March 3, 2021",0941,THURSDAY,1050 TAMPA,0350,Y,COURTNEY CAMPBELL CSWY,SR 589,0.008,W,27.971782,-82.546987,27.9677115,-82.5501236,10140103,0.419,06474,SR 60,,L LEFT,X RAMP,S SOUTH,41 SUBURBAN ONE WAY,03 STATE,14 ENTRANCE/EXIT RAMP,01 ON ROADWAY,01 NOT AT INTERSECTION,01 PAVED,32,"August 4, 2020",14 URBAN PRIN ART OTHER,36,PAVED,30,,0,,0,,10500,RCI,8.1,,50,3 NO-INCAPACITATING INJURY,31 Q/C COMPLETED - LOC VERIFIED,0 NO,08 EXIT RAMP,01 DAYLIGHT,01 CLEAR,01 DRY,04 DOWNHILL,3 CURVE LEFT,ONE-WAY TRAFFICWAY,ONE-WAY TRAFFICWAY,NO CONTROLS,NO CONTROLS,3,NONE,NOT CODED,NOT CODED,NONE,NOT CODED,NOT CODED,14 MOTOR VEHICLE IN TRANSPORT,03 ANGLE,06 CHANGING LANES,OPERATED MV IN CARLESS OR NEGL,NO CONTRIBUTING ACTION,00 NOT CODED,00 NOT CODED,00 NOT CODED,00 NOT CODED,01 NO,3,0,0,0,2,0,2,3,N,N,N,N,N,N,N,N,N,N,N,N,N,N,N,N,N,N,N,N,N,N,N,N,N,N,27.967697756,-82.551439697,347402.549896,3094593.145227,O,,ARBM15Q1R2,"January 7, 2023",3295282,-9189584.61306785,3244902.4779779133
2021899680460,2021,899680460,2021-58212,COUNTY SHERIFF'S OFFICE,07 SEVENTH,HILLSBOROUGH,"February 7, 2021",0940,MONDAY,1050 TAMPA,0350,Y,BIRD ST EXIT,SR 93,0,,28.022565,-82.45537,28.0224273,-82.4551275,10320172,0.075,02785,SR 93,I 275,T SIDE RD LEFT,2 THRU LANE 2,N NORTH,08 RAMP RURAL,05 LOCAL,14 ENTRANCE/EXIT RAMP,01 ON ROADWAY,77 OTHER (SEE NARRATIVE),03 CURB,0,"December 31, 2000",,15,PAVED,5,CURB&GUTTER,2,,0,,7300,RCI,6.2,,,1 NO INJURY,31 Q/C COMPLETED - LOC VERIFIED,0 NO,08 EXIT RAMP,01 DAYLIGHT,01 CLEAR,01 DRY,04 DOWNHILL,2 CURVE RIGHT,ONE-WAY TRAFFICWAY,ONE-WAY TRAFFICWAY,TRAFFIC CONTROL SIGNAL,TRAFFIC CONTROL SIGNAL,1,NONE,NOT CODED,NOT CODED,NONE,NOT CODED,NOT CODED,14 MOTOR VEHICLE IN TRANSPORT,01 FRONT TO REAR,01 STRAIGHT AHEAD,NO CONTRIBUTING ACTION,NO CONTRIBUTING ACTION,00 NOT CODED,00 NOT CODED,00 NOT CODED,00 NOT CODED,01 NO,0,0,0,0,2,0,2,2,N,N,Y,N,N,N,N,N,N,N,N,N,N,N,N,N,N,N,N,N,N,N,N,N,N,N,28.022425257,-82.455126149,356949.3035,3100540.0819,O,,ARBM15Q1R2,"January 7, 2023",3295289,-9178863.03510142,3251802.0503853
2021899666930,2021,899666930,2021-10462,COUNTY SHERIFF'S OFFICE,07 SEVENTH,HILLSBOROUGH,"January 5, 2021",1701,WEDNESDAY,1050 TAMPA,0350,Y,KENNEDY BLVD E,MERIDIAN AVE,0,,27.950588,-82.44903,27.950593,-82.4490904,10080000,3.995,03171,SR 45,USB 41,L LEFT,1 THRU LANE 1,W WEST,41 SUBURBAN ONE WAY,05 LOCAL,02 INTERSECTION,01 ON ROADWAY,02 FOUR-WAY INTERSECTION,01 PAVED,40,"October 1, 2019",14 URBAN PRIN ART OTHER,33,PAVED,3,,0,,0,,12000,RCI,2.8,,30,1 NO INJURY,31 Q/C COMPLETED - LOC VERIFIED,0 NO,02 AT INTERSECTION,01 DAYLIGHT,01 CLEAR,01 DRY,01 LEVEL,1 STRAIGHT,"TWO-WAY, NOT DIVIDED","TWO-WAY, NOT DIVIDED",TRAFFIC CONTROL SIGNAL,NO CONTROLS,3,NONE,NOT CODED,NOT CODED,NONE,NOT CODED,NOT CODED,14 MOTOR VEHICLE IN TRANSPORT,03 ANGLE,01 STRAIGHT AHEAD,RAN RED LIGHT,NO CONTRIBUTING ACTION,00 NOT CODED,00 NOT CODED,00 NOT CODED,00 NOT CODED,01 NO,0,0,0,0,2,0,2,2,N,N,N,Y,N,N,N,N,N,N,N,N,N,N,N,N,N,N,N,N,N,N,N,N,N,N,27.950570465,-82.449227966,357434.697607,3092572.03205,O,,ARBM15Q1R2,"January 7, 2023",3295292,-9178206.4518939,3242743.9362436826
2021899671270,2021,899671270,2021-27540,COUNTY SHERIFF'S OFFICE,07 SEVENTH,HILLSBOROUGH,"January 17, 2021",2147,MONDAY,1050 TAMPA,0350,Y,HILLSBOROUGH AVE W,ALBANY ST N,0.071,E,27.99612,-82.479148,27.9959171,-82.4791534,10150000,11.136,01721,SR 600,US 92,L LEFT,S SIDE OF ROAD,E EAST,30 URBAN 6+LN 2WY DIVD RASD,05 LOCAL,01 NON-JUNCTION,02 OFF ROADWAY,01 NOT AT INTERSECTION,03 CURB,40,"February 15, 2021",14 URBAN PRIN ART OTHER,36,PAVED,4,CURB&GUTTER,2,,0,24,50500,RCI,6.5,,45,2 POSSIBLE INJURY,31 Q/C COMPLETED - LOC VERIFIED,1 ALC,01 NOT AT INTERSECTION/RRX/BRIDGE,04 DARK-LIGHTED,01 CLEAR,01 DRY,01 LEVEL,1 STRAIGHT,"TWO-WAY, DIVIDED, POSITIVE MED",,TRAFFIC CONTROL SIGNAL,NOT CODED,6,NONE,NOT CODED,NOT CODED,NONE,NOT CODED,NOT CODED,"39 OTHER FIXED OBJECT (WALL, BUIL",00 NOT CODED,77 OTHER (SEE NARRATIVE),OPERATED MV IN CARLESS OR NEGL,NOT CODED,00 NOT CODED,00 NOT CODED,00 NOT CODED,00 NOT CODED,01 NO,1,0,0,0,1,0,1,1,N,N,N,N,Y,N,N,N,N,N,N,N,N,N,N,N,N,N,N,N,N,N,N,N,N,N,27.996054954,-82.479142937,354552.53633,3097646.770212,L,,ARBM15Q1R2,"January 7, 2023",3295293,-9181536.572391393,3248477.072223151
2021899671340,2021,899671340,2021-28016,COUNTY SHERIFF'S OFFICE,07 SEVENTH,HILLSBOROUGH,"January 18, 2021",0840,TUESDAY,1050 TAMPA,0350,Y,21ST ST N,PALM AVE E *,0,,27.962382,-82.435553,27.9624858,-82.4355354,10250101,0.633,02068,SR 585,,R RIGHT,2 THRU LANE 2,E EAST,40 URBAN ONE WAY,05 LOCAL,02 INTERSECTION,01 ON ROADWAY,02 FOUR-WAY INTERSECTION,03 CURB,49,"September 13, 2016",16 URBAN MINOR ART,22,RAISED CURB,5,RAISED CURB,0,,0,,15000,RCI,4.8,,30,2 POSSIBLE INJURY,31 Q/C COMPLETED - LOC VERIFIED,0 NO,02 AT INTERSECTION,01 DAYLIGHT,01 CLEAR,01 DRY,01 LEVEL,1 STRAIGHT,"TWO-WAY, DIVIDED, UNPROTECTED",ONE-WAY TRAFFICWAY,TRAFFIC CONTROL SIGNAL,TRAFFIC CONTROL SIGNAL,2,NONE,NOT CODED,NOT CODED,NONE,NOT CODED,NOT CODED,14 MOTOR VEHICLE IN TRANSPORT,03 ANGLE,01 STRAIGHT AHEAD,RAN RED LIGHT,NO CONTRIBUTING ACTION,00 NOT CODED,00 NOT CODED,00 NOT CODED,00 NOT CODED,01 NO,2,0,0,0,2,0,2,2,N,N,N,Y,N,N,N,N,N,N,Y,N,N,N,N,N,N,N,N,N,Y,N,N,N,N,N,27.962624041,-82.435516605,358799.378444,3093891.575874,O,,ARBM15Q1R2,"January 7, 2023",3295294,-9176680.10977459,3244263.005506627
2021899736250,2021,899736250,2021-243099,COUNTY SHERIFF'S OFFICE,07 SEVENTH,HILLSBOROUGH,"June 4, 2021",0116,SATURDAY,1050 TAMPA,0350,Y,DALE MABRY HWY N,I 275,0.02,S,27.956019,-82.505741,27.9554193,-82.5055403,10130000,9.253,02030,SR 600,US 92,L LEFT,S SIDE OF ROAD,S SOUTH,31 URBAN 6+LN 2WY DIVD PAVD,05 LOCAL,01 NON-JUNCTION,01 ON ROADWAY,01 NOT AT INTERSECTION,03 CURB,36,"February 15, 2021",14 URBAN PRIN ART OTHER,50,PAVED,4,CURB&GUTTER,2,,0,60,54000,RCI,4.9,,40,1 NO INJURY,31 Q/C COMPLETED - LOC VERIFIED,1 ALC,01 NOT AT INTERSECTION/RRX/BRIDGE,04 DARK-LIGHTED,01 CLEAR,01 DRY,01 LEVEL,1 STRAIGHT,"TWO-WAY, DIVIDED, POSITIVE MED","TWO-WAY, DIVIDED, POSITIVE MED",NO CONTROLS,NO CONTROLS,8,NONE,NOT CODED,NOT CODED,NONE,NOT CODED,NOT CODED,14 MOTOR VEHICLE IN TRANSPORT,"04 SIDESWIPE, SAME DIRECTION",05 TURNING RIGHT,IMPROPER TURN,NO CONTRIBUTING ACTION,00 NOT CODED,00 NOT CODED,00 NOT CODED,00 NOT CODED,01 NO,0,0,0,0,2,0,2,5,N,N,N,N,Y,N,N,N,N,N,N,N,N,N,N,N,N,N,N,N,N,N,N,N,N,N,27.955430769,-82.505589386,351896.167479,3093177.567831,C,,ARBM15Q1R2,"January 7, 2023",3295301,-9184480.578275029,3243356.442366576
2021899719790,2021,899719790,2021-188497,COUNTY SHERIFF'S OFFICE,07 SEVENTH,HILLSBOROUGH,"April 29, 2021",1902,FRIDAY,1050 TAMPA,0350,Y,BUSCH BLVD E,37TH ST N,0.019,W,28.032476,-82.41853,28.0325311,-82.4185853,10310000,5.329,00885,SR 580,,R RIGHT,S SIDE OF ROAD,E EAST,30 URBAN 6+LN 2WY DIVD RASD,09 PARKING LOT,77 OTHER (SEE NARRATIVE),02 OFF ROADWAY,01 NOT AT INTERSECTION,03 CURB,35,"October 2, 2019",14 URBAN PRIN ART OTHER,33,CURB&GUTTER,2,,0,,0,17,39500,RCI,3.1,,45,1 NO INJURY,31 Q/C COMPLETED - LOC VERIFIED,0 NO,01 NOT AT INTERSECTION/RRX/BRIDGE,01 DAYLIGHT,01 CLEAR,01 DRY,01 LEVEL,1 STRAIGHT,"TWO-WAY, DIVIDED, POSITIVE MED",,NO CONTROLS,NOT CODED,6,NONE,NOT CODED,NOT CODED,NONE,NOT CODED,NOT CODED,33 UTILITY POLE/LIGHT SUPPORT,00 NOT CODED,17 ENTERING TRAFFIC LANE,RAN OFF ROADWAY,NOT CODED,00 NOT CODED,00 NOT CODED,00 NOT CODED,00 NOT CODED,01 NO,0,0,0,0,1,0,1,1,N,N,N,N,Y,N,N,N,N,N,N,N,N,N,N,N,N,N,N,N,N,N,N,N,N,N,28.03259827,-82.418570006,360556.602826,3101624.84201,C,,ARBM15Q1R2,"January 7, 2023",3295303,-9174793.62266863,3253084.962774377
2021899740120,2021,899740120,2021-255275,COUNTY SHERIFF'S OFFICE,07 SEVENTH,HILLSBOROUGH,"June 12, 2021",0747,SUNDAY,1050 TAMPA,0350,Y,FOWLER AVE E,22ND ST N,0.17,W,28.054691,-82.437393,28.0544082,-82.4373756,10290000,1.348,01981,SR 582,,L LEFT,S SIDE OF ROAD,W WEST,30 URBAN 6+LN 2WY DIVD RASD,09 PARKING LOT,01 NON-JUNCTION,02 OFF ROADWAY,01 NOT AT INTERSECTION,03 CURB,36,"February 14, 2021",14 URBAN PRIN ART OTHER,44,PAVED,7,CURB&GUTTER,2,,0,28,51521,RCI,2.5,,45,2 POSSIBLE INJURY,31 Q/C COMPLETED - LOC VERIFIED,0 NO,01 NOT AT INTERSECTION/RRX/BRIDGE,01 DAYLIGHT,01 CLEAR,01 DRY,01 LEVEL,1 STRAIGHT,"TWO-WAY, DIVIDED, POSITIVE MED",,NO CONTROLS,NOT CODED,8,NONE,NOT CODED,NOT CODED,NONE,NOT CODED,NOT CODED,"36 OTHER POST, POLE, OR SUPPORT",00 NOT CODED,01 STRAIGHT AHEAD,RAN OFF ROADWAY,NOT CODED,00 NOT CODED,00 NOT CODED,00 NOT CODED,00 NOT CODED,01 NO,1,0,0,0,1,0,1,2,N,N,N,N,Y,N,N,N,N,N,N,N,N,N,N,N,N,N,N,N,N,N,N,N,N,N,28.054590343,-82.437360316,358738.070185,3104083.104585,L,,ARBM15Q1R2,"January 7, 2023",3295310,-9176885.351125192,3255858.7837622766
2021899677570,2021,899677570,2021-49809,COUNTY SHERIFF'S OFFICE,07 SEVENTH,HILLSBOROUGH,"February 2, 2021",0235,WEDNESDAY,1050 TAMPA,0350,Y,33RD ST R,BUSCH BLVD E,0.008,S,28.032472,-82.423824,28.0325254,-82.4237412,10310000,5.014,00880,SR 580,,S SIDE RD RIGHT,1 THRU LANE 1,S SOUTH,30 URBAN 6+LN 2WY DIVD RASD,05 LOCAL,01 NON-JUNCTION,01 ON ROADWAY,01 NOT AT INTERSECTION,03 CURB,35,"October 2, 2019",14 URBAN PRIN ART OTHER,33,CURB&GUTTER,2,,0,,0,17,39500,RCI,3.1,,45,1 NO INJURY,31 Q/C COMPLETED - LOC VERIFIED,0 NO,01 NOT AT INTERSECTION/RRX/BRIDGE,04 DARK-LIGHTED,01 CLEAR,01 DRY,01 LEVEL,1 STRAIGHT,"TWO-WAY, NOT DIVIDED","TWO-WAY, DIVIDED, UNPROTECTED",NO CONTROLS,NO CONTROLS,6,NONE,NOT CODED,NOT CODED,NONE,NOT CODED,NOT CODED,14 MOTOR VEHICLE IN TRANSPORT,03 ANGLE,05 TURNING RIGHT,FAILED TO YIELD RIGHT-OF-WAY,NO CONTRIBUTING ACTION,00 NOT CODED,00 NOT CODED,00 NOT CODED,00 NOT CODED,01 NO,0,0,0,0,2,0,2,2,N,N,N,N,N,N,N,N,N,N,N,N,N,N,N,N,N,N,N,N,N,N,N,N,N,N,28.032584806,-82.423725514,360049.747744,3101629.259708,C,,ARBM15Q1R2,"January 7, 2023",3295338,-9175367.531458149,3253083.264696801
2021899677620,2021,899677620,2021-49945,COUNTY SHERIFF'S OFFICE,07 SEVENTH,HILLSBOROUGH,"February 2, 2021",0710,WEDNESDAY,1050 TAMPA,0350,Y,FOWLER AVE E,BRUCE B DOWNS BLVD,0.058,E,28.054622,-82.425155,28.0543658,-82.4251667,10290000,2.094,06238,SR 582,,L LEFT,R RIGHT TURN,W WEST,33 SUBURBAN 6+LN 2WY DIVD RASD,05 LOCAL,01 NON-JUNCTION,01 ON ROADWAY,01 NOT AT INTERSECTION,01 PAVED,34,"February 14, 2021",14 URBAN PRIN ART OTHER,36,PAVED,6,LAWN,12,,0,32,65500,RCI,2.6,0D30,45,4 INCAPACITATING INJURY,31 Q/C COMPLETED - LOC VERIFIED,0 NO,01 NOT AT INTERSECTION/RRX/BRIDGE,01 DAYLIGHT,01 CLEAR,01 DRY,01 LEVEL,1 STRAIGHT,"TWO-WAY, DIVIDED, POSITIVE MED","TWO-WAY, DIVIDED, POSITIVE MED",NO CONTROLS,NO CONTROLS,6,NONE,NOT CODED,NOT CODED,NONE,NOT CODED,NOT CODED,14 MOTOR VEHICLE IN TRANSPORT,01 FRONT TO REAR,01 STRAIGHT AHEAD,NO CONTRIBUTING ACTION,NO CONTRIBUTING ACTION,00 NOT CODED,00 NOT CODED,00 NOT CODED,00 NOT CODED,01 NO,2,0,1,0,2,0,2,5,N,N,N,N,N,N,N,N,N,N,N,N,N,N,N,N,N,N,N,N,N,Y,Y,N,N,N,28.054544801,-82.425118952,359941.216672,3104063.9201,L,,ARBM15Q1R2,"January 7, 2023",3295339,-9175522.648294557,3255853.0390580217
2021899665140,2021,899665140,2021-4491,COUNTY SHERIFF'S OFFICE,07 SEVENTH,HILLSBOROUGH,"January 1, 2021",1749,SATURDAY,1050 TAMPA,0350,Y,SPRUCE ST W,LOIS AVE N,0,,27.959445,-82.51383,27.9636251,-82.5153487,10140000,8.69,01426,SR 616,,L LEFT,1 THRU LANE 1,N NORTH,33 SUBURBAN 6+LN 2WY DIVD RASD,05 LOCAL,02 INTERSECTION,01 ON ROADWAY,02 FOUR-WAY INTERSECTION,03 CURB,45,"February 17, 2020",16 URBAN MINOR ART,46,PAVED,7,LAWN,12,,0,40,38500,RCI,2.6,,50,4 INCAPACITATING INJURY,31 Q/C COMPLETED - LOC VERIFIED,0 NO,02 AT INTERSECTION,02 DUSK,01 CLEAR,01 DRY,01 LEVEL,1 STRAIGHT,"TWO-WAY, NOT DIV, W/CONT LTURN","TWO-WAY, NOT DIV, W/CONT LTURN",TRAFFIC CONTROL SIGNAL,TRAFFIC CONTROL SIGNAL,7,NONE,NOT CODED,NOT CODED,NONE,NOT CODED,NOT CODED,14 MOTOR VEHICLE IN TRANSPORT,03 ANGLE,01 STRAIGHT AHEAD,RAN RED LIGHT,NO CONTRIBUTING ACTION,00 NOT CODED,00 NOT CODED,00 NOT CODED,00 NOT CODED,01 NO,2,0,1,0,2,0,2,3,N,N,N,Y,N,N,N,N,N,N,N,N,N,N,N,N,N,N,N,N,N,N,N,N,N,N,27.963854058,-82.515419562,350940.628527,3094122.792586,L,,ARBM15Q1R2,"January 7, 2023",3295345,-9185574.868882328,3244418.0294559416
2021899707390,2021,899707390,2021-148956,COUNTY SHERIFF'S OFFICE,08 TURNPIKE,HILLSBOROUGH,"April 4, 2021",0845,MONDAY,1050 TAMPA,0350,Y,SR 589,MEMORIAL HWY,0,,27.964359,-82.54672,27.9845625,-82.5459207,10470006,0,05119,SR 589,,R RIGHT,X RAMP,W WEST,08 RAMP RURAL,03 STATE,14 ENTRANCE/EXIT RAMP,02 OFF ROADWAY,01 NOT AT INTERSECTION,02 UNPAVED,0,"December 31, 2000",,16,PAVED,2,LAWN,6,,0,,1400,RCI,9.2,,,1 NO INJURY,31 Q/C COMPLETED - LOC VERIFIED,0 NO,07 ENTRANCE RAMP,01 DAYLIGHT,01 CLEAR,01 DRY,01 LEVEL,2 CURVE RIGHT,ONE-WAY TRAFFICWAY,,NO CONTROLS,NOT CODED,1,NONE,NOT CODED,NOT CODED,NONE,NOT CODED,NOT CODED,"36 OTHER POST, POLE, OR SUPPORT",00 NOT CODED,01 STRAIGHT AHEAD,OVER-CORRECTING/OVERSTEERING,NOT CODED,00 NOT CODED,00 NOT CODED,00 NOT CODED,00 NOT CODED,01 NO,0,0,0,0,1,0,1,1,N,N,N,N,Y,N,N,N,N,N,N,N,N,N,N,N,N,N,N,N,N,N,N,N,N,N,27.984567569,-82.545876466,347973.4795,3096455.3392,O,,ARBM15Q1R2,"January 7, 2023",3295352,-9188965.316911869,3247028.9054193753
2021899700420,2021,899700420,2021-127832,COUNTY SHERIFF'S OFFICE,07 SEVENTH,HILLSBOROUGH,"March 22, 2021",0625,TUESDAY,1050 TAMPA,0350,Y,DALE MABRY HWY N,COLUMBUS DR,0.019,N,27.967219,-82.505761,27.9670396,-82.5054358,10130000,10.052,06333,SR 600,US 92,L LEFT,S SIDE OF ROAD,S SOUTH,33 SUBURBAN 6+LN 2WY DIVD RASD,09 PARKING LOT,02 INTERSECTION,02 OFF ROADWAY,01 NOT AT INTERSECTION,02 UNPAVED,36,"February 15, 2021",14 URBAN PRIN ART OTHER,44,PAVED,10,LAWN,12,,0,29,58000,RCI,4.9,,45,1 NO INJURY,31 Q/C COMPLETED - LOC VERIFIED,0 NO,01 NOT AT INTERSECTION/RRX/BRIDGE,04 DARK-LIGHTED,01 CLEAR,01 DRY,01 LEVEL,1 STRAIGHT,"TWO-WAY, DIVIDED, POSITIVE MED",,TRAFFIC CONTROL SIGNAL,NOT CODED,7,NONE,NOT CODED,NOT CODED,NONE,NOT CODED,NOT CODED,25 DITCH,00 NOT CODED,16 LEAVING TRAFFIC LANE,NO CONTRIBUTING ACTION,NOT CODED,00 NOT CODED,00 NOT CODED,00 NOT CODED,00 NOT CODED,01 NO,0,0,0,0,1,0,1,1,N,N,N,N,N,N,N,N,N,N,N,N,N,N,N,N,N,N,N,N,N,Y,N,N,Y,N,27.967040551,-82.505484073,351922.379526,3094463.758546,C,,ARBM15Q1R2,"January 7, 2023",3295391,-9184468.854943113,3244819.644659094