Crash Id,Calendar Year,FDOT Crash Number,Reporting Agency Case Number,Reporting Agency Type,FDOT Managing District,County Name,Crash Date,Crash Time,Day,DHSMV City,Crash Report City Code,In Town,On Roadway Name,Int Roadway Name,Reference Distance (Miles),Reference Direction,Officer Latitude,Officer Longitude,FDOT Latitude,FDOT Longitude,FDOT Roadway,Nearest Inventory MP,Nearest Node From Crash,State Road #,US Highway,Crash Side of Road,Accident Lane Number,Travel Direction Vehicle 1,FDOT Road Category,DHSMV Road System Id,Relation to Junction,Crash Harmful Event Location,Intersection Type,Shoulder Type,FDOT Roadway SKID Test Result,FDOT Roadway SKID Test Date,Functional Class,RCI Surface Width,RCI Shoulder Type First,RCI Shoulder Width First,RCI Shoulder Type Second,RCI Shoulder Width Second,RCI Shoulder Type Third,RCI Shoulder Width Third,RCI Median Width,Avg Daily Traffic,AADT Source,RCI Avg Per Truck Traffic,RCI Horiz Curve Condition,Posted Speed Limit,Highest Injury in Crash,CAR Status Code,Alcohols/Drug Involved,Site Location,Lighting,Weather,Road Surface,Roadway Grade,Roadway Alignment,Traffic Way Vehicle 1,Traffic Way Vehicle 2,Traffic Control Vehicle 1,Traffic Control Vehicle 2,Count of Lanes,Road Condition 1,Road Condition 2,Road Condition 3,Environment Condition 1,Environment Condition 2,Environment Condition 3,Crash Harmful Event,Manner of Collision,Vehicle Movement,Driver Action Vehicle 1,Driver Action Vehicle 2,Location Within Workzone,Type of Workzone,Workers Present in Workzone,Law Enforcement Present in Workzone,School Bus Related,Count of Nonfatal Injuries,Count of Traffic Fatalities,Count of Serious Injuries,Count of Pedestrians,Count of Drivers,Count of Bicyclists,Count of Vehicles,Count of Persons,Wrong Way,Workzone Inv,Commercial Vehicle Inv,Intersection Inv,Lane Departure,Speeding,Agressive Driving,Impaired Driver,Impaired Pedestrian,Impaired Bicyclist,Distracted Driver,Speeding or Aggressive Driving,Pedestrian Related,Bicyclist Related,Pedestrian or Bicyclist Related,Motorcycle Inv,No Belt,No Belt - Ages 1-4,No Belt - Ages 5-12,No Belt - Ages 13-17,Driver - Ages Teen,Driver - Ages 65 plus,Driver - Ages 65-69,Driver - Ages 70-74,Driver - Ages 75-79,Driver - Ages 80 plus,ARBM Latitude,ARBM Longitude,UTM Zone 17N X,UTM Zone 17N Y,ARBM Side of Road,Urban Rural Indicator,GIS Street Source,Extract Date,OBJECTID,x,y
2021245757550,2021,245757550,2021-349420,COUNTY SHERIFF'S OFFICE,07 SEVENTH,HILLSBOROUGH,"August 16, 2021",0904,TUESDAY,1050 TAMPA,0350,Y,SR 582,15TH ST,0.041,E,28.054692,-82.442201,28.0544207,-82.4421878,10290000,1.054,00818,SR 582,,L LEFT,V BIKE LANE,N NORTH,30 URBAN 6+LN 2WY DIVD RASD,05 LOCAL,04 DRIVEWAY/ALLEY ACCESS RELATED,01 ON ROADWAY,01 NOT AT INTERSECTION,03 CURB,36,"February 14, 2021",14 URBAN PRIN ART OTHER,44,PAVED,7,CURB&GUTTER,2,,0,28,51521,RCI,2.5,,45,5 FATAL(WITHIN 30 DAYS) INJURY,31 Q/C COMPLETED - LOC VERIFIED,0 NO,04 DRIVEWAY ACCESS,01 DAYLIGHT,01 CLEAR,01 DRY,01 LEVEL,1 STRAIGHT,"TWO-WAY, DIVIDED, POSITIVE MED",,NO CONTROLS,NOT CODED,8,NONE,NOT CODED,NOT CODED,NONE,NOT CODED,NOT CODED,10 PEDESTRIAN,00 NOT CODED,05 TURNING RIGHT,FAILED TO YIELD RIGHT-OF-WAY,NOT CODED,00 NOT CODED,00 NOT CODED,00 NOT CODED,00 NOT CODED,01 NO,0,1,0,0,1,1,1,3,N,N,N,N,N,N,N,N,N,N,N,N,N,Y,Y,N,N,N,N,N,Y,N,N,N,N,N,28.05461149,-82.442183763,358263.999638,3104091.051816,L,,ARBM15Q1R2,"January 7, 2023",3275384,-9177422.294962674,3255861.4511818825
2021245788990,2021,245788990,2021-444145,COUNTY SHERIFF'S OFFICE,07 SEVENTH,HILLSBOROUGH,"October 18, 2021",2013,TUESDAY,1050 TAMPA,0350,Y,FLORIDA AVE N,LINEBAUGH AVE W,0.055,S,28.039168,-82.459499,28.0392556,-82.4593888,10020000,6.31,01207,SR 685,USB 41,L LEFT,1 THRU LANE 1,S SOUTH,30 URBAN 6+LN 2WY DIVD RASD,05 LOCAL,18 THROUGH ROADWAY,01 ON ROADWAY,01 NOT AT INTERSECTION,03 CURB,40,"February 14, 2021",16 URBAN MINOR ART,33,PAVED,4,CURB&GUTTER,2,,0,18,25000,RCI,3.6,,45,5 FATAL(WITHIN 30 DAYS) INJURY,31 Q/C COMPLETED - LOC VERIFIED,3 A/D,01 NOT AT INTERSECTION/RRX/BRIDGE,04 DARK-LIGHTED,01 CLEAR,01 DRY,01 LEVEL,1 STRAIGHT,"TWO-WAY, DIVIDED, POSITIVE MED",,NO CONTROLS,NOT CODED,6,NONE,NOT CODED,NOT CODED,NONE,NOT CODED,NOT CODED,10 PEDESTRIAN,00 NOT CODED,01 STRAIGHT AHEAD,OTHER CONTRIBUTING ACTION,NOT CODED,00 NOT CODED,00 NOT CODED,00 NOT CODED,00 NOT CODED,01 NO,0,1,0,1,1,0,1,2,N,N,N,N,N,N,N,N,N,N,Y,N,Y,N,Y,N,N,N,N,N,N,N,N,N,N,N,28.039824284,-82.45952222,356540.164163,3102472.9878,L,,ARBM15Q1R2,"January 7, 2023",3275892,-9179352.403634151,3253996.304393833
2021245802580,2021,245802580,2021-476666,COUNTY SHERIFF'S OFFICE,07 SEVENTH,HILLSBOROUGH,"November 11, 2021",0610,FRIDAY,1050 TAMPA,0350,Y,SR 574,GOMEZ AVE N,0.034,W,27.981377,-82.491492,27.9812803,-82.4914748,10340000,0.848,00315,SR 574,,R RIGHT,C CROSSWALK,E EAST,20 URBAN 4-5LN 2WY DIVD RASD,05 LOCAL,01 NON-JUNCTION,01 ON ROADWAY,01 NOT AT INTERSECTION,03 CURB,36,"February 15, 2021",14 URBAN PRIN ART OTHER,24,CURB&GUTTER,2,,0,,0,16,28500,RCI,3.2,,35,5 FATAL(WITHIN 30 DAYS) INJURY,31 Q/C COMPLETED - LOC VERIFIED,0 NO,03 INFLUENCED BY INTERSECTION,04 DARK-LIGHTED,01 CLEAR,01 DRY,01 LEVEL,1 STRAIGHT,"TWO-WAY, DIVIDED, POSITIVE MED",,FLASHING SIGNAL,NOT CODED,4,NONE,NOT CODED,NOT CODED,NONE,NOT CODED,NOT CODED,10 PEDESTRIAN,00 NOT CODED,01 STRAIGHT AHEAD,OPERATED MV IN CARLESS OR NEGL,NOT CODED,00 NOT CODED,00 NOT CODED,00 NOT CODED,00 NOT CODED,01 NO,0,1,0,1,1,0,1,2,N,N,N,Y,N,N,N,N,N,N,N,N,Y,N,Y,N,N,N,N,N,N,N,N,N,N,N,27.981327535,-82.491482236,353319.092861,3096029.799931,C,,ARBM15Q1R2,"January 7, 2023",3275923,-9182910.17715933,3246620.475784144
2021245780320,2021,245780320,2021-419285,COUNTY SHERIFF'S OFFICE,07 SEVENTH,HILLSBOROUGH,"October 1, 2021",1645,SATURDAY,1050 TAMPA,0350,Y,FLORIDA AVE N,HANNA AVE W,0.003,S,28.00333,-82.459491,28.003417,-82.4594566,10020000,3.843,01170,SR 685,USB 41,L LEFT,C CROSSWALK,S SOUTH,22 URBAN 4-5LN 2WY UNDIVD,05 LOCAL,03 INTERSECTION-RELATED,01 ON ROADWAY,02 FOUR-WAY INTERSECTION,03 CURB,41,"February 14, 2021",16 URBAN MINOR ART,40,RAISED CURB,0,,0,,0,,17500,RCI,4,,40,4 INCAPACITATING INJURY,31 Q/C COMPLETED - LOC VERIFIED,0 NO,02 AT INTERSECTION,01 DAYLIGHT,01 CLEAR,01 DRY,01 LEVEL,1 STRAIGHT,"TWO-WAY, NOT DIVIDED",,TRAFFIC CONTROL SIGNAL,NOT CODED,4,NONE,NOT CODED,NOT CODED,NONE,NOT CODED,NOT CODED,10 PEDESTRIAN,00 NOT CODED,03 TURNING LEFT,OPERATED MV IN CARLESS OR NEGL,NOT CODED,00 NOT CODED,00 NOT CODED,00 NOT CODED,00 NOT CODED,01 NO,1,0,1,1,1,0,1,2,N,N,Y,Y,N,N,N,N,N,N,N,N,Y,N,Y,N,N,N,N,N,N,Y,N,N,Y,N,28.003750337,-82.459464977,356497.950204,3098476.082384,C,,ARBM15Q1R2,"January 7, 2023",3276438,-9179346.031230606,3249447.2835092223
2021245749150,2021,245749150,2021-323245,COUNTY SHERIFF'S OFFICE,07 SEVENTH,HILLSBOROUGH,"July 29, 2021",0240,FRIDAY,1050 TAMPA,0350,Y,SR 45,PALM AVE,0,,27.962371,-82.451193,27.8411606,-82.3815846,10060000,17.642,02423,SR 45,US 41,R RIGHT,1 THRU LANE 1,N NORTH,23 SUBURBAN 4-5LN 2WY DIVD RASD,05 LOCAL,02 INTERSECTION,01 ON ROADWAY,02 FOUR-WAY INTERSECTION,03 CURB,39,"May 26, 2020",14 URBAN PRIN ART OTHER,25,PAVED,5,LAWN,12,,0,39,40500,RCI,9.3,,50,5 FATAL(WITHIN 30 DAYS) INJURY,31 Q/C COMPLETED - LOC VERIFIED,3 A/D,02 AT INTERSECTION,04 DARK-LIGHTED,01 CLEAR,01 DRY,01 LEVEL,1 STRAIGHT,"TWO-WAY, NOT DIVIDED",,TRAFFIC CONTROL SIGNAL,NOT CODED,4,NONE,NOT CODED,NOT CODED,NONE,NOT CODED,NOT CODED,11 PEDALCYCLE,00 NOT CODED,01 STRAIGHT AHEAD,OTHER CONTRIBUTING ACTION,NOT CODED,00 NOT CODED,00 NOT CODED,00 NOT CODED,00 NOT CODED,01 NO,2,1,1,0,1,2,1,4,N,N,N,Y,N,N,N,N,N,Y,N,N,N,Y,Y,N,N,N,N,N,N,N,N,N,N,N,27.841179923,-82.381577373,363953.698289,3080375.388472,R,,ARBM15Q1R2,"January 7, 2023",3276450,-9170675.619703589,3228965.5757270344
2021245808110,2021,245808110,2021-498709,COUNTY SHERIFF'S OFFICE,07 SEVENTH,HILLSBOROUGH,"November 28, 2021",1139,MONDAY,1050 TAMPA,0350,Y,NEBRASKA AVE N,LINEBAUGH AVE E,0.005,S,28.039849,-82.451266,28.039937,-82.4511607,10040000,6.186,01038,SR 45,US 41,L LEFT,C CROSSWALK,S SOUTH,20 URBAN 4-5LN 2WY DIVD RASD,05 LOCAL,02 INTERSECTION,01 ON ROADWAY,02 FOUR-WAY INTERSECTION,01 PAVED,35,"October 2, 2019",14 URBAN PRIN ART OTHER,24,CURB&GUTTER,2,,0,,0,20,22000,RCI,4.9,,45,4 INCAPACITATING INJURY,31 Q/C COMPLETED - LOC VERIFIED,0 NO,02 AT INTERSECTION,01 DAYLIGHT,01 CLEAR,01 DRY,01 LEVEL,1 STRAIGHT,"TWO-WAY, DIVIDED, POSITIVE MED",,TRAFFIC CONTROL SIGNAL,NOT CODED,4,NONE,NOT CODED,NOT CODED,NONE,NOT CODED,NOT CODED,11 PEDALCYCLE,00 NOT CODED,01 STRAIGHT AHEAD,NO CONTRIBUTING ACTION,NOT CODED,00 NOT CODED,00 NOT CODED,00 NOT CODED,00 NOT CODED,01 NO,1,0,1,0,1,1,1,2,N,N,Y,Y,N,N,N,N,N,N,N,N,N,Y,Y,N,N,N,N,N,N,N,N,N,N,N,28.039969667,-82.451206597,357357.8165,3102479.332506,C,,ARBM15Q1R2,"January 7, 2023",3276453,-9178426.712443117,3254014.640650857
2021245798660,2021,245798660,2021-460045,COUNTY SHERIFF'S OFFICE,07 SEVENTH,HILLSBOROUGH,"October 29, 2021",1942,SATURDAY,1050 TAMPA,0350,Y,SR 574,22ND ST N,0,,27.981587,-82.434909,27.9814525,-82.4347929,10340000,4.31,02089,SR 574,,I INTERSECTION,M MIDDLE,W WEST,20 URBAN 4-5LN 2WY DIVD RASD,05 LOCAL,02 INTERSECTION,01 ON ROADWAY,02 FOUR-WAY INTERSECTION,03 CURB,36,"February 15, 2021",14 URBAN PRIN ART OTHER,24,CURB&GUTTER,2,,0,,0,26,22000,RCI,3.6,,40,4 INCAPACITATING INJURY,31 Q/C COMPLETED - LOC VERIFIED,0 NO,02 AT INTERSECTION,04 DARK-LIGHTED,02 CLOUDY,02 WET,01 LEVEL,1 STRAIGHT,"TWO-WAY, DIVIDED, POSITIVE MED",,TRAFFIC CONTROL SIGNAL,NOT CODED,4,NONE,NOT CODED,NOT CODED,NONE,NOT CODED,NOT CODED,10 PEDESTRIAN,00 NOT CODED,05 TURNING RIGHT,FAILED TO YIELD RIGHT-OF-WAY,NOT CODED,00 NOT CODED,00 NOT CODED,00 NOT CODED,00 NOT CODED,01 NO,2,0,1,1,1,0,1,2,N,N,N,Y,N,N,N,N,N,N,N,N,Y,N,Y,N,N,N,N,N,N,N,N,N,N,N,27.981522984,-82.434762842,358898.127811,3095984.599319,R,,ARBM15Q1R2,"January 7, 2023",3276458,-9176596.201339286,3246645.1134486785
2021899717840,2021,899717840,2021-182893,COUNTY SHERIFF'S OFFICE,07 SEVENTH,HILLSBOROUGH,"April 26, 2021",0630,TUESDAY,1050 TAMPA,0350,Y,DALE MABRY HWY S,GANDY BLVD,0.001,W,27.893931,-82.506437,27.8936357,-82.50632,10130000,4.999,01544,SR 600,US 92,L LEFT,R RIGHT TURN,S SOUTH,30 URBAN 6+LN 2WY DIVD RASD,05 LOCAL,03 INTERSECTION-RELATED,01 ON ROADWAY,02 FOUR-WAY INTERSECTION,03 CURB,38,"September 13, 2015",14 URBAN PRIN ART OTHER,30,CURB&GUTTER,2,,0,,0,35,34000,RCI,4.9,,45,2 POSSIBLE INJURY,31 Q/C COMPLETED - LOC VERIFIED,0 NO,03 INFLUENCED BY INTERSECTION,03 DAWN,01 CLEAR,01 DRY,01 LEVEL,1 STRAIGHT,"TWO-WAY, DIVIDED, POSITIVE MED",,TRAFFIC CONTROL SIGNAL,NOT CODED,5,NONE,NOT CODED,NOT CODED,NONE,NOT CODED,NOT CODED,11 PEDALCYCLE,00 NOT CODED,05 TURNING RIGHT,FAILED TO YIELD RIGHT-OF-WAY,NOT CODED,00 NOT CODED,00 NOT CODED,00 NOT CODED,00 NOT CODED,01 NO,1,0,0,0,1,1,1,2,N,N,N,Y,N,N,N,N,N,N,N,N,N,Y,Y,N,N,N,N,N,N,N,N,N,N,N,27.893784841,-82.506535173,351718.995377,3086348.619475,L,,ARBM15Q1R2,"January 7, 2023",3286462,-9184585.862631971,3235589.7257726705
2021899722350,2021,899722350,2021-196545,COUNTY SHERIFF'S OFFICE,07 SEVENTH,HILLSBOROUGH,"May 5, 2021",2315,THURSDAY,1050 TAMPA,0350,Y,FOWLER AVE E,CLUB DR,0.12,E,28.05435,-82.428555,28.0543788,-82.4285871,10290000,1.885,03599,SR 582,,R RIGHT,2 THRU LANE 2,E EAST,30 URBAN 6+LN 2WY DIVD RASD,03 STATE,01 NON-JUNCTION,01 ON ROADWAY,01 NOT AT INTERSECTION,01 PAVED,37,"February 14, 2021",14 URBAN PRIN ART OTHER,33,PAVED,7,CURB&GUTTER,2,,0,28,51521,RCI,2.5,,45,4 INCAPACITATING INJURY,31 Q/C COMPLETED - LOC VERIFIED,0 NO,01 NOT AT INTERSECTION/RRX/BRIDGE,04 DARK-LIGHTED,01 CLEAR,01 DRY,01 LEVEL,1 STRAIGHT,"TWO-WAY, DIVIDED, POSITIVE MED",,TRAFFIC CONTROL SIGNAL,NOT CODED,7,NONE,NOT CODED,NOT CODED,NONE,NOT CODED,NOT CODED,10 PEDESTRIAN,00 NOT CODED,10 MAKING U-TURN,NO CONTRIBUTING ACTION,NOT CODED,00 NOT CODED,00 NOT CODED,00 NOT CODED,00 NOT CODED,01 NO,1,0,1,1,1,0,1,2,N,N,N,N,N,N,N,N,N,N,N,N,Y,N,Y,N,N,N,N,N,N,N,N,N,N,N,28.054354801,-82.428572474,359601.522832,3104046.845551,R,,ARBM15Q1R2,"January 7, 2023",3286463,-9175907.092737539,3255829.072373325
2021899745370,2021,899745370,2021-270199,COUNTY SHERIFF'S OFFICE,07 SEVENTH,HILLSBOROUGH,"June 22, 2021",0257,WEDNESDAY,1050 TAMPA,0350,Y,FLORIDA AVE N,109TH AVE E,0.046,N,28.048073,-82.459337,28.0481359,-82.4594058,10020000,6.922,03229,SR 685,USB 41,R RIGHT,S SIDE OF ROAD,N NORTH,20 URBAN 4-5LN 2WY DIVD RASD,02 U.S.,01 NON-JUNCTION,01 ON ROADWAY,01 NOT AT INTERSECTION,03 CURB,39,"February 14, 2021",16 URBAN MINOR ART,22,PAVED,4,CURB&GUTTER,2,,0,11,19700,RCI,3.8,,45,4 INCAPACITATING INJURY,31 Q/C COMPLETED - LOC VERIFIED,3 A/D,01 NOT AT INTERSECTION/RRX/BRIDGE,04 DARK-LIGHTED,02 CLOUDY,01 DRY,01 LEVEL,1 STRAIGHT,"TWO-WAY, NOT DIV, W/CONT LTURN",UNKNOWN,NO CONTROLS,NO CONTROLS,4,NONE,NOT CODED,NOT CODED,NONE,NOT CODED,NOT CODED,24 CURB,00 NOT CODED,01 STRAIGHT AHEAD,FAILED TO KEEP IN PROPER LANE,NOT CODED,00 NOT CODED,00 NOT CODED,00 NOT CODED,00 NOT CODED,01 NO,2,0,1,1,1,0,2,2,N,N,N,N,Y,N,N,Y,N,N,N,N,Y,N,Y,N,N,N,N,N,N,N,N,N,N,N,28.048762188,-82.459396595,356564.37536,3103463.124152,C,,ARBM15Q1R2,"January 7, 2023",3287029,-9179338.419088297,3255123.6336546456
2021899723440,2021,899723440,2021-201090,COUNTY SHERIFF'S OFFICE,07 SEVENTH,HILLSBOROUGH,"May 7, 2021",2105,SATURDAY,1050 TAMPA,0350,Y,NEBRASKA AVE N,LAMBRIGHT ST E,0.018,S,28.00628,-82.451263,28.0063278,-82.4513068,10040000,3.87,00994,SR 45,US 41,R RIGHT,1 THRU LANE 1,N NORTH,22 URBAN 4-5LN 2WY UNDIVD,05 LOCAL,01 NON-JUNCTION,01 ON ROADWAY,01 NOT AT INTERSECTION,03 CURB,40,"October 2, 2019",14 URBAN PRIN ART OTHER,38,CURB&GUTTER,2,,0,,0,,21500,RCI,3.6,,40,5 FATAL(WITHIN 30 DAYS) INJURY,31 Q/C COMPLETED - LOC VERIFIED,1 ALC,03 INFLUENCED BY INTERSECTION,04 DARK-LIGHTED,01 CLEAR,01 DRY,01 LEVEL,1 STRAIGHT,"TWO-WAY, NOT DIVIDED","TWO-WAY, NOT DIVIDED",NO CONTROLS,NO CONTROLS,4,NONE,NOT CODED,NOT CODED,NONE,NOT CODED,NOT CODED,10 PEDESTRIAN,00 NOT CODED,01 STRAIGHT AHEAD,NO CONTRIBUTING ACTION,NO CONTRIBUTING ACTION,00 NOT CODED,00 NOT CODED,00 NOT CODED,00 NOT CODED,01 NO,0,1,0,1,2,0,2,4,N,N,N,Y,N,N,N,N,Y,N,N,N,Y,N,Y,N,N,N,N,N,N,N,N,N,N,N,28.006337114,-82.451316598,357302.646706,3098753.126031,C,,ARBM15Q1R2,"January 7, 2023",3287033,-9178438.957615415,3249773.43213448
2021245787680,2021,245787680,2021-440042,COUNTY SHERIFF'S OFFICE,07 SEVENTH,HILLSBOROUGH,"October 15, 2021",2239,SATURDAY,1050 TAMPA,0350,Y,HILLSBOROUGH AVE E,13TH ST N,0.023,E,27.996104,-82.444629,27.9960226,-82.4446739,10030000,0.395,01751,SR 600,US 41,L LEFT,1 THRU LANE 1,W WEST,30 URBAN 6+LN 2WY DIVD RASD,02 U.S.,18 THROUGH ROADWAY,01 ON ROADWAY,01 NOT AT INTERSECTION,03 CURB,42,"February 15, 2021",14 URBAN PRIN ART OTHER,33,CURB&GUTTER,2,,0,,0,14,41000,RCI,3.8,,40,5 FATAL(WITHIN 30 DAYS) INJURY,31 Q/C COMPLETED - LOC VERIFIED,0 NO,03 INFLUENCED BY INTERSECTION,04 DARK-LIGHTED,01 CLEAR,01 DRY,01 LEVEL,1 STRAIGHT,"TWO-WAY, NOT DIV, W/CONT LTURN",,NO CONTROLS,NOT CODED,6,NONE,NOT CODED,NOT CODED,NONE,NOT CODED,NOT CODED,11 PEDALCYCLE,00 NOT CODED,01 STRAIGHT AHEAD,NO CONTRIBUTING ACTION,NOT CODED,00 NOT CODED,00 NOT CODED,00 NOT CODED,00 NOT CODED,01 NO,0,1,0,0,1,1,1,3,N,N,N,Y,N,N,N,N,N,N,N,N,N,Y,Y,N,N,N,N,N,N,N,N,N,N,N,27.996084816,-82.444676252,357942.171865,3097609.472388,C,,ARBM15Q1R2,"January 7, 2023",3287330,-9177699.757416986,3248480.8371489444
2021245811150,2021,245811150,2021-507504,COUNTY SHERIFF'S OFFICE,07 SEVENTH,HILLSBOROUGH,"December 4, 2021",1939,SUNDAY,1050 TAMPA,0350,Y,40TH ST N,LOUISANNA AVE E L,0.024,N,27.990084,-82.414192,27.9901206,-82.4140238,10005000,2.434,02288,SR 599,US 41,L LEFT,2 THRU LANE 2,S SOUTH,20 URBAN 4-5LN 2WY DIVD RASD,05 LOCAL,01 NON-JUNCTION,01 ON ROADWAY,01 NOT AT INTERSECTION,02 UNPAVED,43,"October 1, 2019",14 URBAN PRIN ART OTHER,26,PAVED,7,CURB&GUTTER,2,,0,24,26500,RCI,5.4,,45,4 INCAPACITATING INJURY,31 Q/C COMPLETED - LOC VERIFIED,0 NO,01 NOT AT INTERSECTION/RRX/BRIDGE,04 DARK-LIGHTED,01 CLEAR,01 DRY,01 LEVEL,1 STRAIGHT,"TWO-WAY, DIVIDED, POSITIVE MED",,NO CONTROLS,NOT CODED,4,NONE,NOT CODED,NOT CODED,NONE,NOT CODED,NOT CODED,10 PEDESTRIAN,00 NOT CODED,77 OTHER (SEE NARRATIVE),NO CONTRIBUTING ACTION,NOT CODED,00 NOT CODED,00 NOT CODED,00 NOT CODED,00 NOT CODED,01 NO,1,0,1,1,1,0,1,3,N,N,N,N,N,N,N,N,N,N,N,N,Y,N,Y,N,N,N,N,N,N,N,N,N,N,N,27.99012409,-82.414161593,360935.432391,3096913.908787,L,,ARBM15Q1R2,"January 7, 2023",3287332,-9174302.8800941,3247729.373942045
2021245805630,2021,245805630,2021-487566,COUNTY SHERIFF'S OFFICE,07 SEVENTH,HILLSBOROUGH,"November 19, 2021",1852,SATURDAY,1050 TAMPA,0350,Y,FLORIDA AVE N,BIRD ST E,0.027,S,28.02217,-82.459545,28.022299,-82.4595011,10020000,5.142,01196,SR 685,USB 41,L LEFT,1 THRU LANE 1,S SOUTH,21 URBAN 4-5LN 2WY DIVD PAVD,05 LOCAL,01 NON-JUNCTION,01 ON ROADWAY,01 NOT AT INTERSECTION,03 CURB,41,"February 14, 2021",16 URBAN MINOR ART,22,CURB&GUTTER,2,,0,,0,11,19300,RCI,3.8,,40,5 FATAL(WITHIN 30 DAYS) INJURY,31 Q/C COMPLETED - LOC VERIFIED,0 NO,01 NOT AT INTERSECTION/RRX/BRIDGE,04 DARK-LIGHTED,01 CLEAR,01 DRY,01 LEVEL,1 STRAIGHT,"TWO-WAY, NOT DIVIDED",,TRAFFIC CONTROL SIGNAL,NOT CODED,4,NONE,NOT CODED,NOT CODED,NONE,NOT CODED,NOT CODED,10 PEDESTRIAN,00 NOT CODED,01 STRAIGHT AHEAD,NO CONTRIBUTING ACTION,NOT CODED,00 NOT CODED,00 NOT CODED,00 NOT CODED,00 NOT CODED,01 NO,0,1,0,1,1,0,1,3,N,N,N,N,N,N,N,N,N,N,N,N,Y,N,Y,N,N,N,N,N,N,N,N,N,N,N,28.02274038,-82.459516595,356518.052571,3100580.15563,C,,ARBM15Q1R2,"January 7, 2023",3287335,-9179351.777415622,3251841.788435453
2021245791110,2021,245791110,2021-451876,COUNTY SHERIFF'S OFFICE,07 SEVENTH,HILLSBOROUGH,"October 24, 2021",0055,MONDAY,1050 TAMPA,0350,Y,NEBRASKA AVE N,14TH AVE E,0.01,S,27.965263,-82.451245,27.9652708,-82.4512146,10040000,1.042,02931,SR 45,,L LEFT,1 THRU LANE 1,S SOUTH,11 URBAN 2-3LN 2WY DIVD PAVD,05 LOCAL,01 NON-JUNCTION,01 ON ROADWAY,01 NOT AT INTERSECTION,03 CURB,39,"October 2, 2019",16 URBAN MINOR ART,11,PAVED,4,RAISED CURB,0,,0,11,14200,RCI,4.8,,35,4 INCAPACITATING INJURY,31 Q/C COMPLETED - LOC VERIFIED,0 NO,01 NOT AT INTERSECTION/RRX/BRIDGE,04 DARK-LIGHTED,03 RAIN,02 WET,01 LEVEL,1 STRAIGHT,"TWO-WAY, NOT DIVIDED",,NO CONTROLS,NOT CODED,2,NONE,NOT CODED,NOT CODED,NONE,NOT CODED,NOT CODED,10 PEDESTRIAN,00 NOT CODED,01 STRAIGHT AHEAD,NO CONTRIBUTING ACTION,NOT CODED,00 NOT CODED,00 NOT CODED,00 NOT CODED,00 NOT CODED,01 NO,1,0,1,1,1,0,1,5,N,N,N,N,N,N,N,N,N,N,N,N,Y,N,Y,N,N,N,N,N,N,N,N,N,N,N,27.965272464,-82.4512266,357257.408548,3094203.26599,C,,ARBM15Q1R2,"January 7, 2023",3287886,-9178428.938980658,3244596.7994586844
2021899733880,2021,899733880,2021-235174,COUNTY SHERIFF'S OFFICE,07 SEVENTH,HILLSBOROUGH,"May 29, 2021",2220,SUNDAY,1050 TAMPA,0350,Y,BUSCH BLVD W,ALBANY ST N,0.076,W,28.033373,-82.4813,28.0333409,-82.4815188,10310000,1.48,00051,SR 580,,L LEFT,1 THRU LANE 1,W WEST,20 URBAN 4-5LN 2WY DIVD RASD,05 LOCAL,01 NON-JUNCTION,01 ON ROADWAY,01 NOT AT INTERSECTION,03 CURB,50,"November 19, 2019",14 URBAN PRIN ART OTHER,22,CURB&GUTTER,2,,0,,0,11,43000,RCI,5.1,,40,5 FATAL(WITHIN 30 DAYS) INJURY,31 Q/C COMPLETED - LOC VERIFIED,1 ALC,01 NOT AT INTERSECTION/RRX/BRIDGE,04 DARK-LIGHTED,01 CLEAR,01 DRY,01 LEVEL,1 STRAIGHT,"TWO-WAY, DIVIDED, UNPROTECTED",,NO CONTROLS,NOT CODED,4,NONE,NOT CODED,NOT CODED,NONE,NOT CODED,NOT CODED,10 PEDESTRIAN,00 NOT CODED,01 STRAIGHT AHEAD,NO CONTRIBUTING ACTION,NOT CODED,00 NOT CODED,00 NOT CODED,00 NOT CODED,00 NOT CODED,01 NO,0,1,0,1,1,0,1,3,N,N,N,N,N,N,N,N,N,N,N,N,Y,N,Y,N,N,N,N,N,N,N,N,N,N,N,28.033350591,-82.48150968,354369.97745,3101781.808704,C,,ARBM15Q1R2,"January 7, 2023",3288175,-9181800.03707399,3253179.842080711