Crash Id,Calendar Year,FDOT Crash Number,Reporting Agency Case Number,Reporting Agency Type,FDOT Managing District,County Name,Crash Date,Crash Time,Day,DHSMV City,Crash Report City Code,In Town,On Roadway Name,Int Roadway Name,Reference Distance (Miles),Reference Direction,Officer Latitude,Officer Longitude,FDOT Latitude,FDOT Longitude,FDOT Roadway,Nearest Inventory MP,Nearest Node From Crash,State Road #,US Highway,Crash Side of Road,Accident Lane Number,Travel Direction Vehicle 1,FDOT Road Category,DHSMV Road System Id,Relation to Junction,Crash Harmful Event Location,Intersection Type,Shoulder Type,FDOT Roadway SKID Test Result,FDOT Roadway SKID Test Date,Functional Class,RCI Surface Width,RCI Shoulder Type First,RCI Shoulder Width First,RCI Shoulder Type Second,RCI Shoulder Width Second,RCI Shoulder Type Third,RCI Shoulder Width Third,RCI Median Width,Avg Daily Traffic,AADT Source,RCI Avg Per Truck Traffic,RCI Horiz Curve Condition,Posted Speed Limit,Highest Injury in Crash,CAR Status Code,Alcohols/Drug Involved,Site Location,Lighting,Weather,Road Surface,Roadway Grade,Roadway Alignment,Traffic Way Vehicle 1,Traffic Way Vehicle 2,Traffic Control Vehicle 1,Traffic Control Vehicle 2,Count of Lanes,Road Condition 1,Road Condition 2,Road Condition 3,Environment Condition 1,Environment Condition 2,Environment Condition 3,Crash Harmful Event,Manner of Collision,Vehicle Movement,Driver Action Vehicle 1,Driver Action Vehicle 2,Location Within Workzone,Type of Workzone,Workers Present in Workzone,Law Enforcement Present in Workzone,School Bus Related,Count of Nonfatal Injuries,Count of Traffic Fatalities,Count of Serious Injuries,Count of Pedestrians,Count of Drivers,Count of Bicyclists,Count of Vehicles,Count of Persons,Wrong Way,Workzone Inv,Commercial Vehicle Inv,Intersection Inv,Lane Departure,Speeding,Agressive Driving,Impaired Driver,Impaired Pedestrian,Impaired Bicyclist,Distracted Driver,Speeding or Aggressive Driving,Pedestrian Related,Bicyclist Related,Pedestrian or Bicyclist Related,Motorcycle Inv,No Belt,No Belt - Ages 1-4,No Belt - Ages 5-12,No Belt - Ages 13-17,Driver - Ages Teen,Driver - Ages 65 plus,Driver - Ages 65-69,Driver - Ages 70-74,Driver - Ages 75-79,Driver - Ages 80 plus,ARBM Latitude,ARBM Longitude,UTM Zone 17N X,UTM Zone 17N Y,ARBM Side of Road,Urban Rural Indicator,GIS Street Source,Extract Date,OBJECTID,x,y
2021899727790,2021,899727790,2021-217328,COUNTY SHERIFF'S OFFICE,07 SEVENTH,HILLSBOROUGH,"May 18, 2021",1101,WEDNESDAY,1050 TAMPA,0350,Y,BUSCH BLVD E,30TH ST N,0,,28.032614,-82.426518,28.0324857,-82.4264743,10310000,4.847,00146,SR 580,,L LEFT,1 THRU LANE 1,W WEST,30 URBAN 6+LN 2WY DIVD RASD,05 LOCAL,02 INTERSECTION,01 ON ROADWAY,02 FOUR-WAY INTERSECTION,03 CURB,35,"October 2, 2019",14 URBAN PRIN ART OTHER,33,CURB&GUTTER,2,,0,,0,25,47500,RCI,3,,45,4 INCAPACITATING INJURY,31 Q/C COMPLETED - LOC VERIFIED,0 NO,02 AT INTERSECTION,01 DAYLIGHT,01 CLEAR,01 DRY,01 LEVEL,1 STRAIGHT,"TWO-WAY, DIVIDED, POSITIVE MED",,TRAFFIC CONTROL SIGNAL,NOT CODED,6,NONE,NOT CODED,NOT CODED,NONE,NOT CODED,NOT CODED,11 PEDALCYCLE,00 NOT CODED,01 STRAIGHT AHEAD,NO CONTRIBUTING ACTION,NOT CODED,00 NOT CODED,00 NOT CODED,00 NOT CODED,00 NOT CODED,01 NO,1,0,1,0,1,1,1,2,N,N,N,Y,N,N,N,N,N,N,N,N,N,Y,Y,N,N,N,N,N,N,N,N,N,N,N,28.032574806,-82.426458563,359781.048657,3101631.293266,C,,ARBM15Q1R2,"January 7, 2023",3288178,-9175671.773066744,3253082.0036532134
2021245760470,2021,245760470,2021-357921,COUNTY SHERIFF'S OFFICE,07 SEVENTH,HILLSBOROUGH,"August 21, 2021",1910,SUNDAY,1050 TAMPA,0350,Y,I 275,SLIGH AVE,0.009,S,28.010638,-82.453422,28.0104739,-82.453374,10320169,0.096,03036,SR 93,I 275,R RIGHT,X RAMP,N NORTH,08 RAMP RURAL,05 LOCAL,14 ENTRANCE/EXIT RAMP,02 OFF ROADWAY,02 FOUR-WAY INTERSECTION,03 CURB,0,"December 31, 2000",11 URBAN PRIN ART INT.,16,CURB&GUTTER,2,,0,,0,,6100,RCI,6.2,,,5 FATAL(WITHIN 30 DAYS) INJURY,31 Q/C COMPLETED - LOC VERIFIED,0 NO,08 EXIT RAMP,01 DAYLIGHT,01 CLEAR,01 DRY,04 DOWNHILL,1 STRAIGHT,ONE-WAY TRAFFICWAY,ONE-WAY TRAFFICWAY,TRAFFIC CONTROL SIGNAL,TRAFFIC CONTROL SIGNAL,1,NONE,NOT CODED,NOT CODED,NONE,NOT CODED,NOT CODED,10 PEDESTRIAN,00 NOT CODED,77 OTHER (SEE NARRATIVE),OPERATED MV IN CARLESS OR NEGL,NO CONTRIBUTING ACTION,00 NOT CODED,00 NOT CODED,00 NOT CODED,00 NOT CODED,01 NO,0,1,0,1,2,0,2,4,N,N,N,N,Y,Y,Y,N,N,N,N,Y,Y,N,Y,N,N,N,N,N,N,N,N,N,N,N,28.010476286,-82.453370715,357106.120038,3099214.131776,O,,ARBM15Q1R2,"January 7, 2023",3289544,-9178667.620994322,3250295.328043111
2021245753280,2021,245753280,2021-335907,COUNTY SHERIFF'S OFFICE,07 SEVENTH,HILLSBOROUGH,"August 6, 2021",2242,SATURDAY,1050 TAMPA,0350,Y,ROBSON ST E,SR 45,0.009,W,28.016836,-82.451432,28.0168972,-82.4512782,10040000,4.598,03005,SR 45,US 41,T SIDE RD LEFT,1 THRU LANE 1,W WEST,22 URBAN 4-5LN 2WY UNDIVD,05 LOCAL,18 THROUGH ROADWAY,01 ON ROADWAY,02 FOUR-WAY INTERSECTION,02 UNPAVED,42,"October 2, 2019",14 URBAN PRIN ART OTHER,44,CURB&GUTTER,2,,0,,0,,23000,RCI,3.4,,40,5 FATAL(WITHIN 30 DAYS) INJURY,31 Q/C COMPLETED - LOC VERIFIED,1 ALC,03 INFLUENCED BY INTERSECTION,04 DARK-LIGHTED,01 CLEAR,01 DRY,01 LEVEL,1 STRAIGHT,"TWO-WAY, NOT DIVIDED",,NO CONTROLS,NOT CODED,4,NONE,NOT CODED,NOT CODED,NONE,NOT CODED,NOT CODED,10 PEDESTRIAN,00 NOT CODED,05 TURNING RIGHT,NO CONTRIBUTING ACTION,NOT CODED,00 NOT CODED,00 NOT CODED,00 NOT CODED,00 NOT CODED,01 NO,0,1,0,1,1,0,1,2,N,N,N,Y,N,N,N,N,N,N,N,N,Y,N,Y,N,N,N,N,N,N,N,N,N,N,N,28.016909153,-82.451286598,357319.534105,3099924.423371,C,,ARBM15Q1R2,"January 7, 2023",3290093,-9178435.618034752,3251106.4686938855
2021899670530,2021,899670530,2021-16225,COUNTY SHERIFF'S OFFICE,07 SEVENTH,HILLSBOROUGH,"January 9, 2021",2004,SUNDAY,1050 TAMPA,0350,Y,FOWLER AVE E,FLORIDA AVE N,0.104,E,28.054576,-82.457725,28.0546043,-82.4577078,10290000,0.104,00811,SR 582,,R RIGHT,1 THRU LANE 1,E EAST,20 URBAN 4-5LN 2WY DIVD RASD,05 LOCAL,01 NON-JUNCTION,01 ON ROADWAY,01 NOT AT INTERSECTION,03 CURB,38,"February 14, 2021",14 URBAN PRIN ART OTHER,26,CURB&GUTTER,2,,0,,0,17,20500,RCI,3.4,4D06,40,5 FATAL(WITHIN 30 DAYS) INJURY,31 Q/C COMPLETED - LOC VERIFIED,2 DRG,01 NOT AT INTERSECTION/RRX/BRIDGE,05 DARK-NOT LIGHTED,01 CLEAR,01 DRY,03 UPHILL,1 STRAIGHT,"TWO-WAY, DIVIDED, POSITIVE MED",,NO CONTROLS,NOT CODED,4,NONE,NOT CODED,NOT CODED,NONE,NOT CODED,NOT CODED,10 PEDESTRIAN,00 NOT CODED,01 STRAIGHT AHEAD,NO CONTRIBUTING ACTION,NOT CODED,00 NOT CODED,00 NOT CODED,00 NOT CODED,00 NOT CODED,01 NO,0,1,0,1,1,0,1,2,N,N,N,N,N,N,N,N,Y,N,N,N,Y,N,Y,N,N,N,N,N,N,N,N,N,N,N,28.054624802,-82.457723262,356736.630859,3104110.709544,C,,ARBM15Q1R2,"January 7, 2023",3290308,-9179152.144472355,3255863.130283693
2021899743960,2021,899743960,2021-267525,COUNTY SHERIFF'S OFFICE,07 SEVENTH,HILLSBOROUGH,"June 20, 2021",1018,MONDAY,1050 TAMPA,0350,Y,BUSCH BLVD E,30TH ST N,0.028,W,28.032703,-82.426991,28.0324855,-82.4269323,10310000,4.819,00146,SR 580,,L LEFT,D DRIVEWAY,S SOUTH,30 URBAN 6+LN 2WY DIVD RASD,09 PARKING LOT,01 NON-JUNCTION,10 ROADSIDE,01 NOT AT INTERSECTION,01 PAVED,35,"October 2, 2019",14 URBAN PRIN ART OTHER,33,CURB&GUTTER,2,,0,,0,25,47500,RCI,3,,45,4 INCAPACITATING INJURY,31 Q/C COMPLETED - LOC VERIFIED,0 NO,04 DRIVEWAY ACCESS,01 DAYLIGHT,02 CLOUDY,01 DRY,01 LEVEL,1 STRAIGHT,"TWO-WAY, NOT DIVIDED",,STOP SIGN,NOT CODED,6,NONE,NOT CODED,NOT CODED,NONE,NOT CODED,NOT CODED,10 PEDESTRIAN,00 NOT CODED,05 TURNING RIGHT,FAILED TO YIELD RIGHT-OF-WAY,NOT CODED,00 NOT CODED,00 NOT CODED,00 NOT CODED,00 NOT CODED,01 NO,1,0,1,1,1,0,1,3,N,N,N,N,N,N,N,N,N,N,Y,N,Y,N,Y,N,N,N,N,N,Y,N,N,N,N,N,28.032574806,-82.426916627,359736.016335,3101631.820363,C,,ARBM15Q1R2,"January 7, 2023",3290463,-9175722.764638416,3253082.0036482024
2021899717160,2021,899717160,2021-177952,COUNTY SHERIFF'S OFFICE,07 SEVENTH,HILLSBOROUGH,"April 22, 2021",2010,FRIDAY,1050 TAMPA,0350,Y,BUSCH BLVD E,12TH ST N,0.029,W,28.032871,-82.44754,28.0327435,-82.4477476,10310000,3.547,00860,SR 580,,L LEFT,1 THRU LANE 1,W WEST,30 URBAN 6+LN 2WY DIVD RASD,03 STATE,18 THROUGH ROADWAY,01 ON ROADWAY,01 NOT AT INTERSECTION,03 CURB,35,"October 2, 2019",14 URBAN PRIN ART OTHER,36,CURB&GUTTER,2,,0,,0,16,45000,RCI,3.6,,40,4 INCAPACITATING INJURY,31 Q/C COMPLETED - LOC VERIFIED,0 NO,01 NOT AT INTERSECTION/RRX/BRIDGE,04 DARK-LIGHTED,01 CLEAR,01 DRY,01 LEVEL,1 STRAIGHT,"TWO-WAY, DIVIDED, POSITIVE MED","TWO-WAY, DIVIDED, POSITIVE MED",NO CONTROLS,NO CONTROLS,6,NONE,NOT CODED,NOT CODED,NONE,NOT CODED,NOT CODED,11 PEDALCYCLE,00 NOT CODED,01 STRAIGHT AHEAD,NO CONTRIBUTING ACTION,NO CONTRIBUTING ACTION,00 NOT CODED,00 NOT CODED,00 NOT CODED,00 NOT CODED,01 NO,1,0,1,0,2,1,2,4,N,N,N,N,N,N,N,N,N,N,N,N,N,Y,Y,N,N,N,N,N,N,N,N,N,N,N,28.032801276,-82.447726406,357690.498116,3101681.036989,C,,ARBM15Q1R2,"January 7, 2023",3290467,-9178039.29924032,3253110.5648830715
2021899730840,2021,899730840,2021-218464,COUNTY SHERIFF'S OFFICE,07 SEVENTH,HILLSBOROUGH,"May 19, 2021",0412,THURSDAY,1050 TAMPA,0350,Y,US 92,CULBREATH KEY APTS,0.958,W,27.886952,-82.554741,27.8871317,-82.5540502,10130001,2.002,06209,SR 600,US 92,R RIGHT,1 THRU LANE 1,E EAST,23 SUBURBAN 4-5LN 2WY DIVD RASD,03 STATE,18 THROUGH ROADWAY,01 ON ROADWAY,01 NOT AT INTERSECTION,01 PAVED,0,"December 31, 2000",14 URBAN PRIN ART OTHER,23,PAVED,10,,0,,0,42,35500,RCI,4.9,,55,5 FATAL(WITHIN 30 DAYS) INJURY,31 Q/C COMPLETED - LOC VERIFIED,3 A/D,06 BRIDGE,04 DARK-LIGHTED,01 CLEAR,01 DRY,03 UPHILL,1 STRAIGHT,ONE-WAY TRAFFICWAY,ONE-WAY TRAFFICWAY,NO CONTROLS,NO CONTROLS,4,NONE,NOT CODED,NOT CODED,NONE,NOT CODED,NOT CODED,15 PARKED MOTOR VEHICLE,00 NOT CODED,01 STRAIGHT AHEAD,OTHER CONTRIBUTING ACTION,NOT CODED,00 NOT CODED,00 NOT CODED,00 NOT CODED,00 NOT CODED,01 NO,1,1,0,2,1,0,2,5,N,N,N,N,Y,N,N,Y,N,N,N,N,Y,N,Y,N,N,N,N,N,N,N,N,N,N,N,27.887128453,-82.554053202,347032.025281,3085669.577169,R,,ARBM15Q1R2,"January 7, 2023",3290473,-9189875.546923319,3234751.3577937195
2021245820670,2021,245820670,2021-534974,COUNTY SHERIFF'S OFFICE,07 SEVENTH,HILLSBOROUGH,"December 25, 2021",0137,SUNDAY,1050 TAMPA,0350,Y,HILLSBOROUGH AVE E,34TH ST N,0.009,W,27.996054,-82.422539,27.9960274,-82.4225301,10030000,1.749,01762,SR 600,US 41,R RIGHT,1 THRU LANE 1,E EAST,30 URBAN 6+LN 2WY DIVD RASD,02 U.S.,02 INTERSECTION,01 ON ROADWAY,02 FOUR-WAY INTERSECTION,03 CURB,42,"February 15, 2021",14 URBAN PRIN ART OTHER,33,CURB&GUTTER,2,,0,,0,14,45000,RCI,4.7,,40,5 FATAL(WITHIN 30 DAYS) INJURY,31 Q/C COMPLETED - LOC VERIFIED,1 ALC,03 INFLUENCED BY INTERSECTION,04 DARK-LIGHTED,01 CLEAR,01 DRY,01 LEVEL,1 STRAIGHT,"TWO-WAY, DIVIDED, POSITIVE MED",,TRAFFIC CONTROL SIGNAL,NOT CODED,6,NONE,NOT CODED,NOT CODED,NONE,NOT CODED,NOT CODED,10 PEDESTRIAN,00 NOT CODED,01 STRAIGHT AHEAD,NO CONTRIBUTING ACTION,NOT CODED,00 NOT CODED,00 NOT CODED,00 NOT CODED,00 NOT CODED,01 NO,0,1,0,1,1,0,1,2,N,N,N,Y,N,N,N,Y,N,N,N,N,Y,N,Y,N,N,N,N,N,N,N,N,N,N,N,27.996094816,-82.422531737,360119.952124,3097584.99661,C,,ARBM15Q1R2,"January 7, 2023",3290644,-9175234.640579896,3248482.0978925973
2021245802040,2021,245802040,2021-480138,COUNTY SHERIFF'S OFFICE,07 SEVENTH,HILLSBOROUGH,"November 13, 2021",2237,SUNDAY,1050 TAMPA,0350,Y,J F K BLVD W,DALE MABRY HWY S,0,,27.944767,-82.505798,27.9447408,-82.5055845,10270000,2.748,01263,SR 60,,R RIGHT,C CROSSWALK,E EAST,20 URBAN 4-5LN 2WY DIVD RASD,05 LOCAL,02 INTERSECTION,01 ON ROADWAY,02 FOUR-WAY INTERSECTION,01 PAVED,41,"May 19, 2020",14 URBAN PRIN ART OTHER,24,CURB&GUTTER,2,,0,,0,21,35500,RCI,2.8,,40,4 INCAPACITATING INJURY,31 Q/C COMPLETED - LOC VERIFIED,0 NO,02 AT INTERSECTION,04 DARK-LIGHTED,01 CLEAR,01 DRY,01 LEVEL,1 STRAIGHT,"TWO-WAY, DIVIDED, POSITIVE MED",,TRAFFIC CONTROL SIGNAL,NOT CODED,4,NONE,NOT CODED,NOT CODED,NONE,NOT CODED,NOT CODED,10 PEDESTRIAN,00 NOT CODED,01 STRAIGHT AHEAD,NO CONTRIBUTING ACTION,NOT CODED,00 NOT CODED,00 NOT CODED,00 NOT CODED,00 NOT CODED,01 NO,1,0,1,1,1,0,1,3,N,N,N,Y,N,N,N,N,N,N,Y,N,Y,N,Y,N,N,N,N,N,N,N,N,N,N,N,27.94473483,-82.505526089,351887.796346,3091992.424742,R,,ARBM15Q1R2,"January 7, 2023",3290648,-9184473.532103831,3242008.5526313446
2021899734180,2021,899734180,2021-236728,COUNTY SHERIFF'S OFFICE,07 SEVENTH,HILLSBOROUGH,"May 30, 2021",2320,MONDAY,1050 TAMPA,0350,Y,HILLSBOROUGH AVE E,40TH ST N,0,,27.996155,-82.414152,27.9960238,-82.4140589,10030000,2.267,00295,SR 600,US 41,L LEFT,1 THRU LANE 1,0,30 URBAN 6+LN 2WY DIVD RASD,05 LOCAL,02 INTERSECTION,01 ON ROADWAY,02 FOUR-WAY INTERSECTION,03 CURB,42,"February 15, 2021",14 URBAN PRIN ART OTHER,33,CURB&GUTTER,2,,0,,0,28,45000,RCI,4.7,,40,5 FATAL(WITHIN 30 DAYS) INJURY,31 Q/C COMPLETED - LOC VERIFIED,0 NO,02 AT INTERSECTION,04 DARK-LIGHTED,01 CLEAR,01 DRY,01 LEVEL,1 STRAIGHT,"TWO-WAY, DIVIDED, UNPROTECTED",,TRAFFIC CONTROL SIGNAL,NOT CODED,6,NONE,NOT CODED,NOT CODED,NONE,NOT CODED,NOT CODED,10 PEDESTRIAN,00 NOT CODED,88 UNKNOWN,NOT CODED,NOT CODED,00 NOT CODED,00 NOT CODED,00 NOT CODED,00 NOT CODED,01 NO,0,1,0,1,1,0,1,2,N,N,N,Y,N,N,N,N,N,N,N,N,Y,N,Y,N,N,N,N,N,N,N,N,N,N,N,27.996094815,-82.414059137,360953.173355,3097575.312633,C,,ARBM15Q1R2,"January 7, 2023",3290724,-9174291.474722119,3248482.0977445017
2021899734190,2021,899734190,2021-236918,COUNTY SHERIFF'S OFFICE,07 SEVENTH,HILLSBOROUGH,"May 30, 2021",2321,MONDAY,1050 TAMPA,0350,Y,HILLSBOROUGH AVE E,40TH ST N,0,,27.996152,-82.41461,27.9960238,-82.4140916,10030000,2.265,00295,SR 600,US 41,I INTERSECTION,M MIDDLE,W WEST,30 URBAN 6+LN 2WY DIVD RASD,05 LOCAL,01 NON-JUNCTION,01 ON ROADWAY,01 NOT AT INTERSECTION,03 CURB,42,"February 15, 2021",14 URBAN PRIN ART OTHER,33,CURB&GUTTER,2,,0,,0,28,45000,RCI,4.7,,40,3 NO-INCAPACITATING INJURY,31 Q/C COMPLETED - LOC VERIFIED,0 NO,02 AT INTERSECTION,04 DARK-LIGHTED,01 CLEAR,01 DRY,01 LEVEL,1 STRAIGHT,"TWO-WAY, DIVIDED, UNPROTECTED",,NO CONTROLS,NOT CODED,6,NONE,NOT CODED,NOT CODED,NONE,NOT CODED,NOT CODED,10 PEDESTRIAN,00 NOT CODED,01 STRAIGHT AHEAD,NO CONTRIBUTING ACTION,NOT CODED,00 NOT CODED,00 NOT CODED,00 NOT CODED,00 NOT CODED,01 NO,1,0,0,1,1,0,1,2,N,N,N,Y,N,N,N,N,N,N,N,N,Y,N,Y,Y,N,N,N,N,N,N,N,N,N,N,27.996094815,-82.414092104,360949.931289,3097575.350193,C,,ARBM15Q1R2,"January 7, 2023",3290725,-9174295.144625308,3248482.097780682
2021899674640,2021,899674640,2021-40188,COUNTY SHERIFF'S OFFICE,07 SEVENTH,HILLSBOROUGH,"January 26, 2021",1248,WEDNESDAY,1050 TAMPA,0350,Y,HILLSBOROUGH AVE W,HOWARD AVE N,0.063,W,27.995962,-82.483349,27.9960264,-82.4833531,10150000,10.879,05427,SR 600,US 92,R RIGHT,D DRIVEWAY,0,30 URBAN 6+LN 2WY DIVD RASD,05 LOCAL,01 NON-JUNCTION,01 ON ROADWAY,01 NOT AT INTERSECTION,03 CURB,40,"February 15, 2021",14 URBAN PRIN ART OTHER,36,PAVED,4,CURB&GUTTER,2,,0,24,50500,RCI,6.5,1D5625,45,4 INCAPACITATING INJURY,31 Q/C COMPLETED - LOC VERIFIED,0 NO,04 DRIVEWAY ACCESS,01 DAYLIGHT,01 CLEAR,01 DRY,01 LEVEL,1 STRAIGHT,"TWO-WAY, DIVIDED, POSITIVE MED",,NOT CODED,NOT CODED,6,NONE,NOT CODED,NOT CODED,NONE,NOT CODED,NOT CODED,11 PEDALCYCLE,00 NOT CODED,88 UNKNOWN,NOT CODED,NOT CODED,00 NOT CODED,00 NOT CODED,00 NOT CODED,00 NOT CODED,01 NO,1,0,1,0,1,1,1,2,N,N,N,N,N,N,N,N,N,N,N,N,N,Y,Y,N,N,N,N,N,N,N,N,N,N,N,27.996011196,-82.483340555,354139.66429,3097646.9328,R,,ARBM15Q1R2,"January 7, 2023",3290749,-9182003.849152582,3248471.555531015
2021899742470,2021,899742470,2021-262388,COUNTY SHERIFF'S OFFICE,07 SEVENTH,HILLSBOROUGH,"June 16, 2021",2225,THURSDAY,1050 TAMPA,0350,Y,DALE MABRY HWY S,WATROUS AVE W,0.029,N,27.932497,-82.505845,27.9324445,-82.5057982,10130000,7.672,01585,SR 600,US 92,L LEFT,2 THRU LANE 2,S SOUTH,21 URBAN 4-5LN 2WY DIVD PAVD,05 LOCAL,18 THROUGH ROADWAY,01 ON ROADWAY,01 NOT AT INTERSECTION,03 CURB,34,"February 15, 2021",14 URBAN PRIN ART OTHER,21,CURB&GUTTER,2,,0,,0,10,37000,RCI,2.9,,40,4 INCAPACITATING INJURY,31 Q/C COMPLETED - LOC VERIFIED,0 NO,01 NOT AT INTERSECTION/RRX/BRIDGE,04 DARK-LIGHTED,01 CLEAR,01 DRY,01 LEVEL,1 STRAIGHT,"TWO-WAY, DIVIDED, UNPROTECTED",,NO CONTROLS,NOT CODED,4,NONE,NOT CODED,NOT CODED,NONE,NOT CODED,NOT CODED,10 PEDESTRIAN,00 NOT CODED,01 STRAIGHT AHEAD,NO CONTRIBUTING ACTION,NOT CODED,00 NOT CODED,00 NOT CODED,00 NOT CODED,00 NOT CODED,01 NO,1,0,1,1,1,0,1,2,N,N,N,N,N,N,N,N,N,N,N,N,Y,N,Y,N,N,N,N,N,N,N,N,N,N,N,27.932461194,-82.505822131,351841.919515,3090632.916901,C,,ARBM15Q1R2,"January 7, 2023",3291031,-9184506.487284526,3240462.0079963184
2021899692670,2021,899692670,2021-102620,COUNTY SHERIFF'S OFFICE,07 SEVENTH,HILLSBOROUGH,"March 5, 2021",0954,SATURDAY,1050 TAMPA,0350,Y,NEBRASKA AVE N,FOWLER AVE,0.005,N,28.054858,-82.451004,28.0547157,-82.451043,10040000,7.204,00813,SR 45,US 41,R RIGHT,C CROSSWALK,N NORTH,20 URBAN 4-5LN 2WY DIVD RASD,05 LOCAL,03 INTERSECTION-RELATED,01 ON ROADWAY,02 FOUR-WAY INTERSECTION,03 CURB,35,"October 2, 2019",14 URBAN PRIN ART OTHER,23,PAVED,4,CURB&GUTTER,2,,0,30,25000,RCI,5.1,,45,4 INCAPACITATING INJURY,31 Q/C COMPLETED - LOC VERIFIED,0 NO,02 AT INTERSECTION,01 DAYLIGHT,03 RAIN,02 WET,01 LEVEL,1 STRAIGHT,"TWO-WAY, DIVIDED, POSITIVE MED",,TRAFFIC CONTROL SIGNAL,NOT CODED,4,NONE,NOT CODED,NOT CODED,NONE,NOT CODED,NOT CODED,10 PEDESTRIAN,00 NOT CODED,88 UNKNOWN,NOT CODED,NOT CODED,00 NOT CODED,00 NOT CODED,00 NOT CODED,00 NOT CODED,01 NO,1,0,1,1,0,0,1,1,N,N,N,Y,N,N,N,N,N,N,N,N,Y,N,Y,N,N,N,N,N,N,N,N,N,N,N,28.054753672,-82.451096597,357388.14041,3104117.210182,C,,ARBM15Q1R2,"January 7, 2023",3291256,-9178414.46732146,3255879.3863067236
2021899694720,2021,899694720,2021-109619,COUNTY SHERIFF'S OFFICE,07 SEVENTH,HILLSBOROUGH,"March 9, 2021",2030,WEDNESDAY,1050 TAMPA,0350,Y,HIGHLAND AVE N,OSBORNE AVE,0,,27.988819,-82.462058,27.9889215,-82.4620455,10020101,0.285,02503,SR 685,USB 41,R RIGHT,1 THRU LANE 1,S SOUTH,40 URBAN ONE WAY,05 LOCAL,02 INTERSECTION,01 ON ROADWAY,02 FOUR-WAY INTERSECTION,03 CURB,41,"February 14, 2021",16 URBAN MINOR ART,23,PAVED WARN,5,RAISED CURB,0,,0,,8000,RCI,4.7,,35,3 NO-INCAPACITATING INJURY,31 Q/C COMPLETED - LOC VERIFIED,0 NO,02 AT INTERSECTION,04 DARK-LIGHTED,01 CLEAR,01 DRY,01 LEVEL,1 STRAIGHT,ONE-WAY TRAFFICWAY,,TRAFFIC CONTROL SIGNAL,NOT CODED,2,NONE,NOT CODED,NOT CODED,NONE,NOT CODED,NOT CODED,10 PEDESTRIAN,00 NOT CODED,01 STRAIGHT AHEAD,NO CONTRIBUTING ACTION,NOT CODED,00 NOT CODED,00 NOT CODED,00 NOT CODED,00 NOT CODED,01 NO,1,0,0,0,1,1,1,2,N,N,N,Y,N,N,N,N,N,N,N,N,N,Y,Y,N,N,N,N,N,N,N,N,N,N,N,27.989023567,-82.462056596,356223.548913,3096847.475663,O,,ARBM15Q1R2,"January 7, 2023",3291277,-9179634.528959738,3247590.636444546
2021899704950,2021,899704950,2021-141765,COUNTY SHERIFF'S OFFICE,07 SEVENTH,HILLSBOROUGH,"March 30, 2021",2006,WEDNESDAY,1050 TAMPA,0350,Y,NEBRASKA AVE N,FOWLER AVE,0.038,S,28.054007,-82.450997,28.0540917,-82.4510449,10040000,7.161,00813,SR 45,US 41,R RIGHT,R RIGHT TURN,N NORTH,20 URBAN 4-5LN 2WY DIVD RASD,05 LOCAL,01 NON-JUNCTION,01 ON ROADWAY,01 NOT AT INTERSECTION,03 CURB,35,"October 2, 2019",14 URBAN PRIN ART OTHER,27,CURB&GUTTER,2,CURB&GUTTER,2,,0,32,21500,RCI,4.4,,45,4 INCAPACITATING INJURY,31 Q/C COMPLETED - LOC VERIFIED,0 NO,03 INFLUENCED BY INTERSECTION,04 DARK-LIGHTED,01 CLEAR,01 DRY,01 LEVEL,1 STRAIGHT,"TWO-WAY, DIVIDED, UNPROTECTED",,TRAFFIC CONTROL SIGNAL,NOT CODED,4,NONE,NOT CODED,NOT CODED,ALL OTHER (SEE NARRTIVE),NOT CODED,NOT CODED,10 PEDESTRIAN,00 NOT CODED,01 STRAIGHT AHEAD,NO CONTRIBUTING ACTION,NOT CODED,00 NOT CODED,00 NOT CODED,00 NOT CODED,00 NOT CODED,01 NO,1,0,1,1,1,0,1,2,N,N,N,Y,N,N,N,N,N,N,N,N,Y,N,Y,N,N,N,N,N,N,N,N,N,N,N,28.054129215,-82.451096597,357387.316126,3104048.022824,C,,ARBM15Q1R2,"January 7, 2023",3291309,-9178414.467332263,3255800.6166096763