Crash Id,Calendar Year,FDOT Crash Number,Reporting Agency Case Number,Reporting Agency Type,FDOT Managing District,County Name,Crash Date,Crash Time,Day,DHSMV City,Crash Report City Code,In Town,On Roadway Name,Int Roadway Name,Reference Distance (Miles),Reference Direction,Officer Latitude,Officer Longitude,FDOT Latitude,FDOT Longitude,FDOT Roadway,Nearest Inventory MP,Nearest Node From Crash,State Road #,US Highway,Crash Side of Road,Accident Lane Number,Travel Direction Vehicle 1,FDOT Road Category,DHSMV Road System Id,Relation to Junction,Crash Harmful Event Location,Intersection Type,Shoulder Type,FDOT Roadway SKID Test Result,FDOT Roadway SKID Test Date,Functional Class,RCI Surface Width,RCI Shoulder Type First,RCI Shoulder Width First,RCI Shoulder Type Second,RCI Shoulder Width Second,RCI Shoulder Type Third,RCI Shoulder Width Third,RCI Median Width,Avg Daily Traffic,AADT Source,RCI Avg Per Truck Traffic,RCI Horiz Curve Condition,Posted Speed Limit,Highest Injury in Crash,CAR Status Code,Alcohols/Drug Involved,Site Location,Lighting,Weather,Road Surface,Roadway Grade,Roadway Alignment,Traffic Way Vehicle 1,Traffic Way Vehicle 2,Traffic Control Vehicle 1,Traffic Control Vehicle 2,Count of Lanes,Road Condition 1,Road Condition 2,Road Condition 3,Environment Condition 1,Environment Condition 2,Environment Condition 3,Crash Harmful Event,Manner of Collision,Vehicle Movement,Driver Action Vehicle 1,Driver Action Vehicle 2,Location Within Workzone,Type of Workzone,Workers Present in Workzone,Law Enforcement Present in Workzone,School Bus Related,Count of Nonfatal Injuries,Count of Traffic Fatalities,Count of Serious Injuries,Count of Pedestrians,Count of Drivers,Count of Bicyclists,Count of Vehicles,Count of Persons,Wrong Way,Workzone Inv,Commercial Vehicle Inv,Intersection Inv,Lane Departure,Speeding,Agressive Driving,Impaired Driver,Impaired Pedestrian,Impaired Bicyclist,Distracted Driver,Speeding or Aggressive Driving,Pedestrian Related,Bicyclist Related,Pedestrian or Bicyclist Related,Motorcycle Inv,No Belt,No Belt - Ages 1-4,No Belt - Ages 5-12,No Belt - Ages 13-17,Driver - Ages Teen,Driver - Ages 65 plus,Driver - Ages 65-69,Driver - Ages 70-74,Driver - Ages 75-79,Driver - Ages 80 plus,ARBM Latitude,ARBM Longitude,UTM Zone 17N X,UTM Zone 17N Y,ARBM Side of Road,Urban Rural Indicator,GIS Street Source,Extract Date,OBJECTID,x,y
2021899688190,2021,899688190,2021-86261,COUNTY SHERIFF'S OFFICE,07 SEVENTH,HILLSBOROUGH,"February 23, 2021",2130,WEDNESDAY,1050 TAMPA,0350,Y,FLORIDA AVE N,WATERS AVE E,0.079,S,28.024176,-82.459517,28.0243451,-82.4595061,10020000,5.283,03227,SR 685,USB 41,R RIGHT,2 THRU LANE 2,N NORTH,20 URBAN 4-5LN 2WY DIVD RASD,05 LOCAL,01 NON-JUNCTION,01 ON ROADWAY,01 NOT AT INTERSECTION,03 CURB,40,"February 14, 2021",16 URBAN MINOR ART,22,CURB&GUTTER,2,,0,,0,11,22000,RCI,3.6,,40,4 INCAPACITATING INJURY,31 Q/C COMPLETED - LOC VERIFIED,1 ALC,01 NOT AT INTERSECTION/RRX/BRIDGE,01 DAYLIGHT,01 CLEAR,01 DRY,01 LEVEL,1 STRAIGHT,"TWO-WAY, NOT DIVIDED",,NO CONTROLS,NOT CODED,4,NONE,NOT CODED,NOT CODED,NONE,NOT CODED,NOT CODED,10 PEDESTRIAN,00 NOT CODED,01 STRAIGHT AHEAD,NO CONTRIBUTING ACTION,NOT CODED,00 NOT CODED,00 NOT CODED,00 NOT CODED,00 NOT CODED,01 NO,1,0,1,1,1,0,1,2,N,N,N,N,N,N,N,N,N,N,N,N,Y,N,Y,N,N,N,N,N,N,Y,Y,N,N,N,28.024802284,-82.459516596,356520.78733,3100808.605762,C,,ARBM15Q1R2,"January 7, 2023",3291323,-9179351.777504101,3252101.8048680346
2021899665810,2021,899665810,2021-8255,COUNTY SHERIFF'S OFFICE,07 SEVENTH,HILLSBOROUGH,"January 4, 2021",0829,TUESDAY,1050 TAMPA,0350,Y,PALM AVE E,NEBRASKA AVE N,0.005,E,27.96226,-82.451096,27.9622951,-82.451229,10040000,0.837,00923,SR 45,,S SIDE RD RIGHT,C CROSSWALK,S SOUTH,11 URBAN 2-3LN 2WY DIVD PAVD,05 LOCAL,03 INTERSECTION-RELATED,01 ON ROADWAY,02 FOUR-WAY INTERSECTION,03 CURB,39,"October 2, 2019",16 URBAN MINOR ART,11,PAVED,3,RAISED CURB,0,,0,10,10700,RCI,4.5,,35,4 INCAPACITATING INJURY,31 Q/C COMPLETED - LOC VERIFIED,0 NO,03 INFLUENCED BY INTERSECTION,01 DAYLIGHT,01 CLEAR,01 DRY,01 LEVEL,1 STRAIGHT,"TWO-WAY, NOT DIVIDED",,TRAFFIC CONTROL SIGNAL,NOT CODED,2,NONE,NOT CODED,NOT CODED,NONE,NOT CODED,NOT CODED,10 PEDESTRIAN,00 NOT CODED,03 TURNING LEFT,NO CONTRIBUTING ACTION,NOT CODED,00 NOT CODED,00 NOT CODED,00 NOT CODED,00 NOT CODED,01 NO,1,0,1,1,1,0,1,2,N,N,N,Y,N,N,N,N,N,N,N,N,Y,N,Y,N,N,N,N,N,N,N,N,N,N,N,27.96229639,-82.451256599,357250.540319,3093873.568175,C,,ARBM15Q1R2,"January 7, 2023",3291330,-9178432.278434267,3244221.7105489103
2021899704070,2021,899704070,2021-138668,COUNTY SHERIFF'S OFFICE,07 SEVENTH,HILLSBOROUGH,"March 29, 2021",0021,TUESDAY,1050 TAMPA,0350,Y,HILLSBOROUGH AVE E,13TH ST N L,0.008,E,27.996167,-82.445275,27.996023,-82.4452627,10030000,0.359,01750,SR 600,US 41,L LEFT,3 THRU LANE 3,W WEST,30 URBAN 6+LN 2WY DIVD RASD,05 LOCAL,01 NON-JUNCTION,01 ON ROADWAY,01 NOT AT INTERSECTION,03 CURB,42,"February 15, 2021",14 URBAN PRIN ART OTHER,33,CURB&GUTTER,2,,0,,0,14,41000,RCI,3.8,,40,5 FATAL(WITHIN 30 DAYS) INJURY,31 Q/C COMPLETED - LOC VERIFIED,0 NO,03 INFLUENCED BY INTERSECTION,04 DARK-LIGHTED,03 RAIN,02 WET,01 LEVEL,1 STRAIGHT,"TWO-WAY, NOT DIVIDED",,NO CONTROLS,NOT CODED,6,NONE,NOT CODED,NOT CODED,NONE,NOT CODED,NOT CODED,10 PEDESTRIAN,00 NOT CODED,01 STRAIGHT AHEAD,NO CONTRIBUTING ACTION,NOT CODED,00 NOT CODED,00 NOT CODED,00 NOT CODED,00 NOT CODED,01 NO,0,1,0,1,1,0,1,2,N,N,N,Y,N,N,N,N,N,N,N,N,Y,N,Y,N,N,N,N,N,N,N,N,N,N,N,27.996084815,-82.445265617,357884.211557,3097610.158625,C,,ARBM15Q1R2,"January 7, 2023",3291340,-9177765.3652112,3248480.8370336285
2021895636480,2021,895636480,FHPC21OFF109685,FLORIDA HIGHWAY PATROL,07 SEVENTH,HILLSBOROUGH,"October 21, 2021",0230,FRIDAY,1050 TAMPA,0350,N,US 41,12TH AVE S R,0.028,N,27.93709,-82.40192,27.9378251,-82.4019123,10060000,24.576,03737,SR 599,US 41,L LEFT,1 THRU LANE 1,S SOUTH,30 URBAN 6+LN 2WY DIVD RASD,02 U.S.,01 NON-JUNCTION,01 ON ROADWAY,01 NOT AT INTERSECTION,03 CURB,39,"October 1, 2019",14 URBAN PRIN ART OTHER,36,CURB&GUTTER,2,,0,,0,10,39000,RCI,14.5,,50,4 INCAPACITATING INJURY,31 Q/C COMPLETED - LOC VERIFIED,0 NO,03 INFLUENCED BY INTERSECTION,05 DARK-NOT LIGHTED,01 CLEAR,01 DRY,01 LEVEL,1 STRAIGHT,"TWO-WAY, NOT DIV, W/CONT LTURN",,NO CONTROLS,NOT CODED,6,NONE,NOT CODED,NOT CODED,NONE,NOT CODED,NOT CODED,11 PEDALCYCLE,77 OTHER (SEE NARRATIVE),01 STRAIGHT AHEAD,NO CONTRIBUTING ACTION,NOT CODED,00 NOT CODED,00 NOT CODED,00 NOT CODED,00 NOT CODED,01 NO,1,0,1,0,1,1,1,2,N,N,Y,Y,N,N,N,N,N,N,N,N,N,Y,Y,N,N,N,N,N,N,N,N,N,N,N,27.937832514,-82.401909856,362073.883639,3091106.454882,C,,ARBM15Q1R2,"January 7, 2023",3291445,-9172939.022413764,3241138.802117298
2021899743670,2021,899743670,2021-266346,COUNTY SHERIFF'S OFFICE,07 SEVENTH,HILLSBOROUGH,"June 19, 2021",1357,SUNDAY,1050 TAMPA,0350,Y,BUSCH BLVD W,ARMENIA AVE N R,0.005,W,28.033542,-82.484328,28.033463,-82.4842939,10310000,1.31,00050,SR 580,,L LEFT,C CROSSWALK,W WEST,20 URBAN 4-5LN 2WY DIVD RASD,05 LOCAL,02 INTERSECTION,01 ON ROADWAY,02 FOUR-WAY INTERSECTION,03 CURB,43,"October 2, 2019",14 URBAN PRIN ART OTHER,24,CURB&GUTTER,2,,0,,0,15,50000,RCI,4.4,9D5033,40,4 INCAPACITATING INJURY,31 Q/C COMPLETED - LOC VERIFIED,0 NO,02 AT INTERSECTION,01 DAYLIGHT,01 CLEAR,01 DRY,01 LEVEL,2 CURVE RIGHT,"TWO-WAY, DIVIDED, POSITIVE MED",,TRAFFIC CONTROL SIGNAL,NOT CODED,4,NONE,NOT CODED,NOT CODED,NONE,NOT CODED,NOT CODED,10 PEDESTRIAN,00 NOT CODED,05 TURNING RIGHT,FAILED TO YIELD RIGHT-OF-WAY,NOT CODED,00 NOT CODED,00 NOT CODED,00 NOT CODED,00 NOT CODED,01 NO,1,0,1,1,1,0,1,2,N,N,N,Y,N,N,N,N,N,N,N,N,Y,N,Y,N,N,N,N,N,N,N,N,N,N,N,28.033447962,-82.484285514,354097.21446,3101795.917252,C,,ARBM15Q1R2,"January 7, 2023",3291622,-9182109.041667657,3253192.122157985
2021895757930,2021,895757930,FHPC21OFF123511,FLORIDA HIGHWAY PATROL,07 SEVENTH,HILLSBOROUGH,"November 26, 2021",2143,SATURDAY,1050 TAMPA,0350,Y,I 75,CR 581,1,S,28.12299,-82.3743999,28.1083768,-82.3692671,10075000,35.179,06190,SR 93A,I 75,R RIGHT,3 THRU LANE 3,N NORTH,01 INTERSTATE URBAN,01 INTERSTATE,01 NON-JUNCTION,01 ON ROADWAY,01 NOT AT INTERSECTION,01 PAVED,39,"March 17, 2020",11 URBAN PRIN ART INT.,48,PAVED WARN,10,LAWN,12,,0,67,114000,RCI,10.5,,70,4 INCAPACITATING INJURY,31 Q/C COMPLETED - LOC VERIFIED,0 NO,01 NOT AT INTERSECTION/RRX/BRIDGE,04 DARK-LIGHTED,01 CLEAR,01 DRY,01 LEVEL,1 STRAIGHT,"TWO-WAY, DIVIDED, POSITIVE MED",,NO CONTROLS,NOT CODED,8,NONE,NOT CODED,NOT CODED,NONE,NOT CODED,NOT CODED,10 PEDESTRIAN,77 OTHER (SEE NARRATIVE),01 STRAIGHT AHEAD,NO CONTRIBUTING ACTION,NOT CODED,00 NOT CODED,00 NOT CODED,00 NOT CODED,00 NOT CODED,01 NO,1,0,1,1,1,0,1,6,N,N,N,N,N,N,N,N,N,N,N,N,Y,N,Y,N,N,N,N,N,N,N,N,N,N,N,28.108353205,-82.36926217,365498.423911,3109962.600182,R,,ARBM15Q1R2,"January 7, 2023",3291915,-9169304.698162839,3262642.1887812624
2021899705950,2021,899705950,2021-144478,COUNTY SHERIFF'S OFFICE,07 SEVENTH,HILLSBOROUGH,"April 1, 2021",1350,FRIDAY,1050 TAMPA,0350,Y,FLORIDA AVE N,HANNA AVE W,0.005,S,28.003401,-82.459492,28.0033879,-82.4594564,10020000,3.841,01170,SR 685,USB 41,L LEFT,C CROSSWALK,S SOUTH,22 URBAN 4-5LN 2WY UNDIVD,05 LOCAL,03 INTERSECTION-RELATED,01 ON ROADWAY,02 FOUR-WAY INTERSECTION,03 CURB,41,"February 14, 2021",16 URBAN MINOR ART,40,RAISED CURB,0,,0,,0,,17500,RCI,4,,40,4 INCAPACITATING INJURY,31 Q/C COMPLETED - LOC VERIFIED,0 NO,02 AT INTERSECTION,01 DAYLIGHT,01 CLEAR,01 DRY,01 LEVEL,1 STRAIGHT,"TWO-WAY, NOT DIVIDED",,TRAFFIC CONTROL SIGNAL,NOT CODED,4,NONE,NOT CODED,NOT CODED,NONE,NOT CODED,NOT CODED,10 PEDESTRIAN,00 NOT CODED,03 TURNING LEFT,FAILED TO YIELD RIGHT-OF-WAY,NOT CODED,00 NOT CODED,00 NOT CODED,00 NOT CODED,00 NOT CODED,01 NO,1,0,1,1,1,0,1,2,N,N,N,Y,N,N,N,N,N,N,N,N,Y,N,Y,N,N,N,N,N,N,N,N,N,N,N,28.003721131,-82.459464342,356497.973931,3098472.845711,C,,ARBM15Q1R2,"January 7, 2023",3293745,-9179345.960580382,3249443.6011012066
2021899710810,2021,899710810,2021-147790,COUNTY SHERIFF'S OFFICE,07 SEVENTH,HILLSBOROUGH,"April 2, 2021",2225,SATURDAY,1050 TAMPA,0350,Y,BUSCH BLVD E,50TH ST N,0.014,W,28.032735,-82.402378,28.0325714,-82.4019686,10310000,6.344,00898,SR 580,,L LEFT,3 THRU LANE 3,W WEST,30 URBAN 6+LN 2WY DIVD RASD,05 LOCAL,01 NON-JUNCTION,01 ON ROADWAY,01 NOT AT INTERSECTION,03 CURB,35,"October 2, 2019",14 URBAN PRIN ART OTHER,36,CURB&GUTTER,2,,0,,0,16,39500,RCI,3.4,,45,5 FATAL(WITHIN 30 DAYS) INJURY,31 Q/C COMPLETED - LOC VERIFIED,0 NO,01 NOT AT INTERSECTION/RRX/BRIDGE,04 DARK-LIGHTED,01 CLEAR,01 DRY,01 LEVEL,1 STRAIGHT,"TWO-WAY, DIVIDED, POSITIVE MED",,NO CONTROLS,NOT CODED,6,NONE,NOT CODED,NOT CODED,NONE,NOT CODED,NOT CODED,10 PEDESTRIAN,00 NOT CODED,01 STRAIGHT AHEAD,NOT CODED,NOT CODED,00 NOT CODED,00 NOT CODED,00 NOT CODED,00 NOT CODED,01 NO,0,1,0,1,1,0,1,2,N,N,N,N,N,N,N,N,N,N,N,N,Y,N,Y,N,N,N,N,N,N,N,N,N,N,N,28.032634806,-82.401960686,362189.506015,3101609.997441,C,,ARBM15Q1R2,"January 7, 2023",3293746,-9172944.68109286,3253089.570452931
2021884363470,2021,884363470,FHPC21OFF008946,FLORIDA HIGHWAY PATROL,07 SEVENTH,HILLSBOROUGH,"January 27, 2021",1240,THURSDAY,1050 TAMPA,0350,N,FLETCHER AVE,NEBRASKA AVE N,0.003,W,28.0692055,-82.4515284,28.0692462,-82.4512078,10350000,0.496,00174,SR 579,,R RIGHT,1 THRU LANE 1,E EAST,20 URBAN 4-5LN 2WY DIVD RASD,03 STATE,03 INTERSECTION-RELATED,01 ON ROADWAY,02 FOUR-WAY INTERSECTION,03 CURB,40,"April 5, 2021",16 URBAN MINOR ART,23,CURB&GUTTER,2,,0,,0,19,44500,RCI,3.7,,40,4 INCAPACITATING INJURY,31 Q/C COMPLETED - LOC VERIFIED,0 NO,03 INFLUENCED BY INTERSECTION,01 DAYLIGHT,02 CLOUDY,01 DRY,01 LEVEL,1 STRAIGHT,"TWO-WAY, DIVIDED, POSITIVE MED",,TRAFFIC CONTROL SIGNAL,NOT CODED,4,NONE,NOT CODED,NOT CODED,NONE,NOT CODED,NOT CODED,10 PEDESTRIAN,77 OTHER (SEE NARRATIVE),01 STRAIGHT AHEAD,NO CONTRIBUTING ACTION,NOT CODED,00 NOT CODED,00 NOT CODED,00 NOT CODED,00 NOT CODED,01 NO,1,0,1,1,1,0,1,2,N,N,N,Y,N,N,N,N,N,N,N,N,Y,N,Y,N,N,N,N,N,N,N,N,N,N,N,28.069245897,-82.451206047,357396.518493,3105723.019892,C,,ARBM15Q1R2,"January 7, 2023",3294160,-9178426.651338607,3257707.5776728406
2021899673360,2021,899673360,2021-34915,COUNTY SHERIFF'S OFFICE,07 SEVENTH,HILLSBOROUGH,"January 22, 2021",1954,SATURDAY,1050 TAMPA,0350,Y,HILLSBOROUGH AVE E,11TH ST N,0.019,W,27.996042,-82.448524,27.9960247,-82.4482558,10030000,0.176,01748,SR 600,US 41,R RIGHT,1 THRU LANE 1,E EAST,30 URBAN 6+LN 2WY DIVD RASD,05 LOCAL,18 THROUGH ROADWAY,01 ON ROADWAY,01 NOT AT INTERSECTION,03 CURB,42,"February 15, 2021",14 URBAN PRIN ART OTHER,33,CURB&GUTTER,2,,0,,0,13,41000,RCI,3.8,,40,4 INCAPACITATING INJURY,31 Q/C COMPLETED - LOC VERIFIED,0 NO,03 INFLUENCED BY INTERSECTION,04 DARK-LIGHTED,01 CLEAR,01 DRY,01 LEVEL,1 STRAIGHT,"TWO-WAY, DIVIDED, POSITIVE MED",,NO CONTROLS,NOT CODED,6,NONE,NOT CODED,NOT CODED,NONE,NOT CODED,NOT CODED,10 PEDESTRIAN,00 NOT CODED,77 OTHER (SEE NARRATIVE),NO CONTRIBUTING ACTION,NOT CODED,00 NOT CODED,00 NOT CODED,00 NOT CODED,00 NOT CODED,01 NO,2,0,1,1,1,0,1,3,N,N,N,Y,N,N,N,N,N,N,N,N,Y,N,Y,N,N,N,N,N,N,N,N,N,N,N,27.996084816,-82.44825841,357589.889152,3097613.648042,C,,ARBM15Q1R2,"January 7, 2023",3294319,-9178098.521445734,3248480.837079257
2021899672720,2021,899672720,2021-32958,COUNTY SHERIFF'S OFFICE,07 SEVENTH,HILLSBOROUGH,"January 21, 2021",1529,FRIDAY,1050 TAMPA,0350,Y,SR 45,CAUSEWAY CRES,0.833,N,27.932867,-82.430194,27.9327173,-82.4301383,10250000,5.156,02976,SR 45,USB 41,R RIGHT,2 THRU LANE 2,N NORTH,23 SUBURBAN 4-5LN 2WY DIVD RASD,05 LOCAL,18 THROUGH ROADWAY,01 ON ROADWAY,01 NOT AT INTERSECTION,01 PAVED,32,"July 9, 1991",14 URBAN PRIN ART OTHER,24,PAVED,8,,0,,0,42,31500,RCI,7.6,,55,5 FATAL(WITHIN 30 DAYS) INJURY,31 Q/C COMPLETED - LOC VERIFIED,0 NO,06 BRIDGE,01 DAYLIGHT,01 CLEAR,01 DRY,03 UPHILL,1 STRAIGHT,ONE-WAY TRAFFICWAY,,NO CONTROLS,NOT CODED,4,NONE,NOT CODED,NOT CODED,UNKNOWN,NOT CODED,NOT CODED,11 PEDALCYCLE,00 NOT CODED,01 STRAIGHT AHEAD,NO CONTRIBUTING ACTION,NOT CODED,00 NOT CODED,00 NOT CODED,00 NOT CODED,00 NOT CODED,01 NO,0,1,0,0,1,1,1,2,N,N,N,N,N,N,N,N,N,N,N,N,N,Y,Y,N,N,N,N,N,N,N,N,N,N,N,27.932732255,-82.430151989,359288.365188,3090573.562664,R,,ARBM15Q1R2,"January 7, 2023",3294798,-9176082.923151812,3240496.161505413
2021884386640,2021,884386640,FHPC21OFF002313,FLORIDA HIGHWAY PATROL,07 SEVENTH,HILLSBOROUGH,"January 7, 2021",1011,FRIDAY,1050 TAMPA,0350,Y,US 301,SLIGH AVE E,0.005,N,28.0022899,-82.3563599,28.010972,-82.3547737,10260000,1.088,00784,SR 41,US 301,R RIGHT,C CROSSWALK,N NORTH,23 SUBURBAN 4-5LN 2WY DIVD RASD,02 U.S.,02 INTERSECTION,01 ON ROADWAY,02 FOUR-WAY INTERSECTION,01 PAVED,38,"July 12, 2020",14 URBAN PRIN ART OTHER,25,PAVED,8,LAWN,6,,0,36,31000,RCI,10.6,,50,2 POSSIBLE INJURY,31 Q/C COMPLETED - LOC VERIFIED,0 NO,02 AT INTERSECTION,01 DAYLIGHT,01 CLEAR,01 DRY,01 LEVEL,1 STRAIGHT,"TWO-WAY, DIVIDED, POSITIVE MED",,TRAFFIC CONTROL SIGNAL,NOT CODED,4,NONE,NOT CODED,NOT CODED,NONE,NOT CODED,NOT CODED,11 PEDALCYCLE,77 OTHER (SEE NARRATIVE),01 STRAIGHT AHEAD,NO CONTRIBUTING ACTION,NOT CODED,00 NOT CODED,00 NOT CODED,00 NOT CODED,00 NOT CODED,01 NO,1,0,0,0,1,1,1,2,N,N,N,Y,N,N,N,N,N,N,N,N,N,Y,Y,N,N,N,N,N,N,N,N,N,N,N,28.011026476,-82.354759404,366803.211617,3099163.473778,R,,ARBM15Q1R2,"January 7, 2023",3295194,-9167690.256880898,3250364.701617799
2021899673640,2021,899673640,2021-36201,COUNTY SHERIFF'S OFFICE,07 SEVENTH,HILLSBOROUGH,"January 23, 2021",1753,SUNDAY,1050 TAMPA,0350,Y,FLORIDA AVE,YUKON ST E,0,,28.028954,-82.459448,28.0290674,-82.4594318,10020000,5.609,01202,SR 685,USB 41,R RIGHT,C CROSSWALK,N NORTH,30 URBAN 6+LN 2WY DIVD RASD,05 LOCAL,03 INTERSECTION-RELATED,01 ON ROADWAY,02 FOUR-WAY INTERSECTION,03 CURB,40,"February 14, 2021",16 URBAN MINOR ART,33,CURB&GUTTER,2,,0,,0,19,25000,RCI,3.3,,45,5 FATAL(WITHIN 30 DAYS) INJURY,31 Q/C COMPLETED - LOC VERIFIED,0 NO,02 AT INTERSECTION,02 DUSK,01 CLEAR,01 DRY,01 LEVEL,1 STRAIGHT,"TWO-WAY, DIVIDED, POSITIVE MED",,TRAFFIC CONTROL SIGNAL,NOT CODED,6,NONE,NOT CODED,NOT CODED,NONE,NOT CODED,NOT CODED,10 PEDESTRIAN,00 NOT CODED,01 STRAIGHT AHEAD,NO CONTRIBUTING ACTION,NOT CODED,00 NOT CODED,00 NOT CODED,00 NOT CODED,00 NOT CODED,01 NO,0,1,0,1,1,0,1,2,N,N,N,Y,N,N,N,N,N,N,N,N,Y,N,Y,N,N,N,N,N,N,N,N,N,N,N,28.029568572,-82.459520928,356526.683806,3101336.695449,C,,ARBM15Q1R2,"January 7, 2023",3295281,-9179352.25975683,3252702.876523291
2021899739970,2021,899739970,2021-254411,COUNTY SHERIFF'S OFFICE,07 SEVENTH,HILLSBOROUGH,"June 11, 2021",1805,SATURDAY,1050 TAMPA,0350,Y,I 4,50TH ST N,0,,27.968851,-82.401551,27.9688407,-82.401473,10190455,0.243,05972,SR 400,I 4,L LEFT,X RAMP,W WEST,08 RAMP RURAL,05 LOCAL,14 ENTRANCE/EXIT RAMP,01 ON ROADWAY,02 FOUR-WAY INTERSECTION,03 CURB,0,"December 31, 2000",,16,PAVED WARN,17,CURB&GUTTER,2,,0,,6100,RCI,11.2,,,4 INCAPACITATING INJURY,31 Q/C COMPLETED - LOC VERIFIED,0 NO,08 EXIT RAMP,01 DAYLIGHT,01 CLEAR,01 DRY,01 LEVEL,2 CURVE RIGHT,"TWO-WAY, DIVIDED, UNPROTECTED","TWO-WAY, DIVIDED, POSITIVE MED",TRAFFIC CONTROL SIGNAL,NO CONTROLS,1,NONE,NOT CODED,NOT CODED,NONE,NOT CODED,NOT CODED,14 MOTOR VEHICLE IN TRANSPORT,77 OTHER (SEE NARRATIVE),05 TURNING RIGHT,OPERATED MV IN CARLESS OR NEGL,NO CONTRIBUTING ACTION,00 NOT CODED,00 NOT CODED,00 NOT CODED,00 NOT CODED,01 NO,1,0,1,1,2,0,2,5,N,N,N,N,N,N,N,N,N,N,N,N,Y,N,Y,N,N,N,N,N,N,N,N,N,N,N,27.968838075,-82.401481169,362155.4601,3094541.173,O,,ARBM15Q1R2,"January 7, 2023",3295302,-9172891.301300503,3245046.2043612585
2021899702800,2021,899702800,2021-132994,COUNTY SHERIFF'S OFFICE,07 SEVENTH,HILLSBOROUGH,"March 25, 2021",1305,FRIDAY,1050 TAMPA,0350,Y,FOWLER AVE E,22ND ST N,0.009,W,28.054581,-82.434869,28.0544013,-82.4347404,10290000,1.509,03598,SR 582,,L LEFT,2 THRU LANE 2,0,30 URBAN 6+LN 2WY DIVD RASD,05 LOCAL,02 INTERSECTION,01 ON ROADWAY,02 FOUR-WAY INTERSECTION,03 CURB,36,"February 14, 2021",14 URBAN PRIN ART OTHER,44,PAVED,7,CURB&GUTTER,2,,0,28,51521,RCI,2.5,,45,4 INCAPACITATING INJURY,31 Q/C COMPLETED - LOC VERIFIED,0 NO,03 INFLUENCED BY INTERSECTION,01 DAYLIGHT,01 CLEAR,01 DRY,01 LEVEL,1 STRAIGHT,"TWO-WAY, DIVIDED, POSITIVE MED",,TRAFFIC CONTROL SIGNAL,NOT CODED,8,NONE,NOT CODED,NOT CODED,NONE,NOT CODED,NOT CODED,11 PEDALCYCLE,00 NOT CODED,88 UNKNOWN,NOT CODED,NOT CODED,00 NOT CODED,00 NOT CODED,00 NOT CODED,00 NOT CODED,01 NO,1,0,1,0,1,1,1,2,N,N,N,Y,N,N,N,N,N,N,N,N,N,Y,Y,N,N,N,N,N,N,N,N,N,N,N,28.054584801,-82.434718046,358997.772372,3104079.428504,L,,ARBM15Q1R2,"January 7, 2023",3295351,-9176591.214876542,3255858.0846548537
2021899692940,2021,899692940,2021-103939,COUNTY SHERIFF'S OFFICE,07 SEVENTH,HILLSBOROUGH,"March 6, 2021",0202,SUNDAY,1050 TAMPA,0350,Y,J F K BLVD W,ARMENIA AVE N,0.007,W,27.944812,-82.485156,27.9447619,-82.4852037,10080000,1.605,01292,SR 60,,L LEFT,C CROSSWALK,0,21 URBAN 4-5LN 2WY DIVD PAVD,05 LOCAL,02 INTERSECTION,01 ON ROADWAY,02 FOUR-WAY INTERSECTION,03 CURB,36,"October 1, 2019",14 URBAN PRIN ART OTHER,22,CURB&GUTTER,2,,0,,0,10,32000,RCI,2.2,,40,4 INCAPACITATING INJURY,31 Q/C COMPLETED - LOC VERIFIED,0 NO,02 AT INTERSECTION,04 DARK-LIGHTED,01 CLEAR,01 DRY,01 LEVEL,1 STRAIGHT,"TWO-WAY, DIVIDED, POSITIVE MED",,NOT CODED,NOT CODED,4,NONE,NOT CODED,NOT CODED,NONE,NOT CODED,NOT CODED,10 PEDESTRIAN,00 NOT CODED,88 UNKNOWN,NOT CODED,NOT CODED,00 NOT CODED,00 NOT CODED,00 NOT CODED,00 NOT CODED,01 NO,1,0,1,1,1,0,1,2,N,N,N,Y,N,N,N,N,N,N,N,N,Y,N,Y,N,N,N,N,N,N,N,N,N,N,N,27.944768818,-82.485267939,353881.073245,3091971.806096,C,,ARBM15Q1R2,"January 7, 2023",3295395,-9182218.404497012,3242012.835706866
2021899665760,2021,899665760,2021-8127,COUNTY SHERIFF'S OFFICE,07 SEVENTH,HILLSBOROUGH,"January 4, 2021",0635,TUESDAY,1050 TAMPA,0350,Y,NEBRASKA AVE N,JUNEAU ST E,0.007,S,28.023848,-82.451301,28.0239241,-82.4512644,10040000,5.082,01015,SR 45,US 41,L LEFT,1 THRU LANE 1,S SOUTH,21 URBAN 4-5LN 2WY DIVD PAVD,03 STATE,01 NON-JUNCTION,01 ON ROADWAY,01 NOT AT INTERSECTION,03 CURB,42,"October 2, 2019",14 URBAN PRIN ART OTHER,22,CURB&GUTTER,2,,0,,0,11,18500,RCI,3.1,,40,4 INCAPACITATING INJURY,31 Q/C COMPLETED - LOC VERIFIED,0 NO,03 INFLUENCED BY INTERSECTION,04 DARK-LIGHTED,01 CLEAR,01 DRY,04 DOWNHILL,1 STRAIGHT,"TWO-WAY, NOT DIVIDED",,NO CONTROLS,NOT CODED,4,NONE,NOT CODED,NOT CODED,NONE,NOT CODED,NOT CODED,10 PEDESTRIAN,00 NOT CODED,03 TURNING LEFT,NO CONTRIBUTING ACTION,NOT CODED,00 NOT CODED,00 NOT CODED,00 NOT CODED,00 NOT CODED,01 NO,1,0,1,1,1,0,1,2,N,N,N,Y,N,N,N,N,N,N,N,N,Y,N,Y,N,N,N,N,N,N,N,N,N,N,N,28.023937557,-82.451256598,357331.752036,3100703.103422,C,,ARBM15Q1R2,"January 7, 2023",3295407,-9178432.278507268,3251992.757858589